ISO-10303-21;
HEADER;
/* Generated by software containing ST-Developer
 * from STEP Tools, Inc. (www.steptools.com) 
 */

FILE_DESCRIPTION(
/* description */ (''),
/* implementation_level */ '2;1');

FILE_NAME(
/* name */ 'krabka_bp_top.step',
/* time_stamp */ '2026-05-28T13:14:06+02:00',
/* author */ (''),
/* organization */ (''),
/* preprocessor_version */ 'ST-DEVELOPER v20.1',
/* originating_system */ 'Autodesk Translation Framework v15.8.0.0',
/* authorisation */ '');

FILE_SCHEMA (('AUTOMOTIVE_DESIGN { 1 0 10303 214 3 1 1 }'));
ENDSEC;

DATA;
#10=MECHANICAL_DESIGN_GEOMETRIC_PRESENTATION_REPRESENTATION('',(#13,#14,
#15),#4921);
#11=SHAPE_REPRESENTATION_RELATIONSHIP('SRR','None',#4928,#12);
#12=ADVANCED_BREP_SHAPE_REPRESENTATION('',(#16,#17,#18),#4920);
#13=STYLED_ITEM('',(#4937),#16);
#14=STYLED_ITEM('',(#4937),#17);
#15=STYLED_ITEM('',(#4937),#18);
#16=MANIFOLD_SOLID_BREP('Body2',#2749);
#17=MANIFOLD_SOLID_BREP('Body5',#2750);
#18=MANIFOLD_SOLID_BREP('Body6',#2751);
#19=SPHERICAL_SURFACE('',#2944,1.);
#20=SPHERICAL_SURFACE('',#2948,0.999999999999996);
#21=SPHERICAL_SURFACE('',#2954,1.);
#22=SPHERICAL_SURFACE('',#2959,1.);
#23=TOROIDAL_SURFACE('',#2867,5.5,2.);
#24=TOROIDAL_SURFACE('',#2874,5.5,2.);
#25=TOROIDAL_SURFACE('',#2880,3.75,2.);
#26=TOROIDAL_SURFACE('',#2887,3.75,2.);
#27=B_SPLINE_SURFACE_WITH_KNOTS('',3,3,((#4141,#4142,#4143,#4144,#4145,
#4146),(#4147,#4148,#4149,#4150,#4151,#4152),(#4153,#4154,#4155,#4156,#4157,
#4158),(#4159,#4160,#4161,#4162,#4163,#4164),(#4165,#4166,#4167,#4168,#4169,
#4170)),.UNSPECIFIED.,.F.,.F.,.F.,(4,1,4),(4,1,1,4),(0.,0.571428571428571,
1.),(0.,0.448798950512828,0.673198425769241,1.5707963267949),
 .UNSPECIFIED.);
#28=B_SPLINE_SURFACE_WITH_KNOTS('',3,3,((#4176,#4177,#4178,#4179,#4180,
#4181),(#4182,#4183,#4184,#4185,#4186,#4187),(#4188,#4189,#4190,#4191,#4192,
#4193),(#4194,#4195,#4196,#4197,#4198,#4199),(#4200,#4201,#4202,#4203,#4204,
#4205)),.UNSPECIFIED.,.F.,.F.,.F.,(4,1,4),(4,1,1,4),(0.,0.571428571428571,
1.),(0.,0.448798950512828,0.673198425769241,1.5707963267949),
 .UNSPECIFIED.);
#29=B_SPLINE_SURFACE_WITH_KNOTS('',3,3,((#4211,#4212,#4213,#4214,#4215,
#4216),(#4217,#4218,#4219,#4220,#4221,#4222),(#4223,#4224,#4225,#4226,#4227,
#4228),(#4229,#4230,#4231,#4232,#4233,#4234),(#4235,#4236,#4237,#4238,#4239,
#4240)),.UNSPECIFIED.,.F.,.F.,.F.,(4,1,4),(4,1,1,4),(0.,0.571428571428571,
1.),(-1.43114686768087E-16,0.448798950512827,0.673198425769241,1.5707963267949),
 .UNSPECIFIED.);
#30=B_SPLINE_SURFACE_WITH_KNOTS('',3,3,((#4246,#4247,#4248,#4249,#4250,
#4251),(#4252,#4253,#4254,#4255,#4256,#4257),(#4258,#4259,#4260,#4261,#4262,
#4263),(#4264,#4265,#4266,#4267,#4268,#4269),(#4270,#4271,#4272,#4273,#4274,
#4275)),.UNSPECIFIED.,.F.,.F.,.F.,(4,1,4),(4,1,1,4),(0.,0.571428571428571,
1.),(6.93889390390723E-17,0.448798950512828,0.673198425769241,1.5707963267949),
 .UNSPECIFIED.);
#31=B_SPLINE_SURFACE_WITH_KNOTS('',3,3,((#4279,#4280,#4281,#4282,#4283,
#4284),(#4285,#4286,#4287,#4288,#4289,#4290),(#4291,#4292,#4293,#4294,#4295,
#4296),(#4297,#4298,#4299,#4300,#4301,#4302),(#4303,#4304,#4305,#4306,#4307,
#4308)),.UNSPECIFIED.,.F.,.F.,.F.,(4,1,4),(4,1,1,4),(0.,0.571428571428571,
1.),(6.93889390390723E-17,0.448798950512827,0.673198425769241,1.5707963267949),
 .UNSPECIFIED.);
#32=B_SPLINE_SURFACE_WITH_KNOTS('',3,3,((#4312,#4313,#4314,#4315,#4316,
#4317),(#4318,#4319,#4320,#4321,#4322,#4323),(#4324,#4325,#4326,#4327,#4328,
#4329),(#4330,#4331,#4332,#4333,#4334,#4335),(#4336,#4337,#4338,#4339,#4340,
#4341)),.UNSPECIFIED.,.F.,.F.,.F.,(4,1,4),(4,1,1,4),(0.,0.571428571428571,
1.),(-9.54097911787244E-17,0.448798950512827,0.897597901025655,1.5707963267949),
 .UNSPECIFIED.);
#33=B_SPLINE_SURFACE_WITH_KNOTS('',3,3,((#4347,#4348,#4349,#4350,#4351,
#4352),(#4353,#4354,#4355,#4356,#4357,#4358),(#4359,#4360,#4361,#4362,#4363,
#4364),(#4365,#4366,#4367,#4368,#4369,#4370),(#4371,#4372,#4373,#4374,#4375,
#4376)),.UNSPECIFIED.,.F.,.F.,.F.,(4,1,4),(4,1,1,4),(0.,0.571428571428571,
1.),(-4.77048955893621E-17,0.448798950512828,0.673198425769241,1.5707963267949),
 .UNSPECIFIED.);
#34=B_SPLINE_SURFACE_WITH_KNOTS('',3,3,((#4382,#4383,#4384,#4385,#4386,
#4387),(#4388,#4389,#4390,#4391,#4392,#4393),(#4394,#4395,#4396,#4397,#4398,
#4399),(#4400,#4401,#4402,#4403,#4404,#4405),(#4406,#4407,#4408,#4409,#4410,
#4411)),.UNSPECIFIED.,.F.,.F.,.F.,(4,1,4),(4,1,1,4),(0.,0.571428571428571,
1.),(0.,0.448798950512828,0.673198425769241,1.5707963267949),
 .UNSPECIFIED.);
#35=B_SPLINE_CURVE_WITH_KNOTS('',3,(#3972,#3973,#3974,#3975,#3976,#3977,
#3978,#3979),.UNSPECIFIED.,.F.,.F.,(4,2,2,4),(1.12549065836705,1.22370399674384,
1.35533488684563,1.48696577694741),.UNSPECIFIED.);
#36=B_SPLINE_CURVE_WITH_KNOTS('',3,(#3983,#3984,#3985,#3986,#3987,#3988,
#3989,#3990),.UNSPECIFIED.,.F.,.F.,(4,2,2,4),(1.48696577694741,1.6185966670492,
1.75022755715099,1.84844089552778),.UNSPECIFIED.);
#37=B_SPLINE_CURVE_WITH_KNOTS('',3,(#4745,#4746,#4747,#4748,#4749,#4750,
#4751,#4752,#4753,#4754,#4755,#4756,#4757,#4758),.UNSPECIFIED.,.F.,.F.,
(4,2,2,2,2,2,4),(2.25496449177242,2.3583069775284,2.46164946328437,2.53391819216447,
2.60618692104457,2.8064031217039,2.90891250366297),.UNSPECIFIED.);
#38=B_SPLINE_CURVE_WITH_KNOTS('',3,(#4760,#4761,#4762,#4763,#4764,#4765,
#4766,#4767,#4768,#4769,#4770,#4771,#4772,#4773),.UNSPECIFIED.,.F.,.F.,
(4,2,2,2,2,2,4),(0.195533971758356,0.200216200659331,0.400432401318662,
0.472701130198758,0.544969859078854,0.64831234483483,0.751654830590806),
 .UNSPECIFIED.);
#39=B_SPLINE_CURVE_WITH_KNOTS('',3,(#4778,#4779,#4780,#4781,#4782,#4783,
#4784,#4785,#4786,#4787,#4788,#4789,#4790,#4791),.UNSPECIFIED.,.F.,.F.,
(4,2,2,2,2,2,4),(2.25496449177242,2.3583069775284,2.46164946328437,2.53391819216447,
2.60618692104457,2.8064031217039,2.81108535060489),.UNSPECIFIED.);
#40=B_SPLINE_CURVE_WITH_KNOTS('',3,(#4793,#4794,#4795,#4796,#4797,#4798,
#4799,#4800,#4801,#4802,#4803,#4804,#4805,#4806),.UNSPECIFIED.,.F.,.F.,
(4,2,2,2,2,2,4),(0.0977068187002637,0.200216200659331,0.400432401318661,
0.472701130198758,0.544969859078854,0.64831234483483,0.751654830590807),
 .UNSPECIFIED.);
#41=ELLIPSE('',#2791,2.23606797749979,2.);
#42=ELLIPSE('',#2793,2.23606797749979,2.);
#43=ELLIPSE('',#2842,2.23606797749979,2.);
#44=ELLIPSE('',#2843,2.23606797749979,2.);
#45=ELLIPSE('',#2845,2.23606797749979,2.);
#46=ELLIPSE('',#2846,2.23606797749979,2.);
#47=ELLIPSE('',#2848,2.23606797749979,2.);
#48=ELLIPSE('',#2849,2.23606797749979,2.);
#49=ELLIPSE('',#2851,2.23606797749979,2.);
#50=ELLIPSE('',#2853,2.23606797749979,2.);
#51=ELLIPSE('',#2855,2.23606797749979,2.);
#52=ELLIPSE('',#2856,2.23606797749979,2.);
#53=ELLIPSE('',#2858,2.23606797749979,2.);
#54=ELLIPSE('',#2859,2.23606797749979,2.);
#55=ELLIPSE('',#2861,2.23606797749979,2.);
#56=ELLIPSE('',#2862,2.23606797749979,2.);
#57=FACE_BOUND('',#389,.T.);
#58=FACE_BOUND('',#390,.T.);
#59=FACE_BOUND('',#391,.T.);
#60=FACE_BOUND('',#410,.T.);
#61=FACE_BOUND('',#472,.T.);
#62=FACE_BOUND('',#489,.T.);
#63=FACE_BOUND('',#493,.T.);
#64=FACE_BOUND('',#495,.T.);
#65=FACE_BOUND('',#502,.T.);
#66=FACE_BOUND('',#503,.T.);
#67=CYLINDRICAL_SURFACE('',#2778,1.);
#68=CYLINDRICAL_SURFACE('',#2790,2.);
#69=CYLINDRICAL_SURFACE('',#2792,2.);
#70=CYLINDRICAL_SURFACE('',#2794,2.);
#71=CYLINDRICAL_SURFACE('',#2797,2.);
#72=CYLINDRICAL_SURFACE('',#2800,1.5);
#73=CYLINDRICAL_SURFACE('',#2803,1.5);
#74=CYLINDRICAL_SURFACE('',#2815,4.);
#75=CYLINDRICAL_SURFACE('',#2817,4.);
#76=CYLINDRICAL_SURFACE('',#2822,1.5);
#77=CYLINDRICAL_SURFACE('',#2826,1.5);
#78=CYLINDRICAL_SURFACE('',#2830,0.999999999999996);
#79=CYLINDRICAL_SURFACE('',#2836,1.);
#80=CYLINDRICAL_SURFACE('',#2864,2.);
#81=CYLINDRICAL_SURFACE('',#2865,2.);
#82=CYLINDRICAL_SURFACE('',#2870,2.);
#83=CYLINDRICAL_SURFACE('',#2871,2.);
#84=CYLINDRICAL_SURFACE('',#2872,2.);
#85=CYLINDRICAL_SURFACE('',#2877,2.);
#86=CYLINDRICAL_SURFACE('',#2878,2.);
#87=CYLINDRICAL_SURFACE('',#2883,2.);
#88=CYLINDRICAL_SURFACE('',#2884,2.);
#89=CYLINDRICAL_SURFACE('',#2885,2.);
#90=CYLINDRICAL_SURFACE('',#2890,2.);
#91=CYLINDRICAL_SURFACE('',#2891,1.);
#92=CYLINDRICAL_SURFACE('',#2893,3.5);
#93=CYLINDRICAL_SURFACE('',#2896,1.);
#94=CYLINDRICAL_SURFACE('',#2899,1.);
#95=CYLINDRICAL_SURFACE('',#2902,3.5);
#96=CYLINDRICAL_SURFACE('',#2905,1.);
#97=CYLINDRICAL_SURFACE('',#2907,1.);
#98=CYLINDRICAL_SURFACE('',#2911,1.);
#99=CYLINDRICAL_SURFACE('',#2915,1.);
#100=CYLINDRICAL_SURFACE('',#2919,1.);
#101=CYLINDRICAL_SURFACE('',#2923,1.);
#102=CYLINDRICAL_SURFACE('',#2927,1.);
#103=CYLINDRICAL_SURFACE('',#2934,1.);
#104=CYLINDRICAL_SURFACE('',#2936,1.);
#105=CYLINDRICAL_SURFACE('',#2939,1.);
#106=CYLINDRICAL_SURFACE('',#2942,1.);
#107=CYLINDRICAL_SURFACE('',#2952,1.);
#108=CYLINDRICAL_SURFACE('',#2953,1.);
#109=CYLINDRICAL_SURFACE('',#2958,1.);
#110=CYLINDRICAL_SURFACE('',#2962,1.);
#111=CYLINDRICAL_SURFACE('',#2963,1.);
#112=CYLINDRICAL_SURFACE('',#2964,1.);
#113=CYLINDRICAL_SURFACE('',#2965,1.);
#114=CYLINDRICAL_SURFACE('',#2966,1.);
#115=CYLINDRICAL_SURFACE('',#2975,6.5);
#116=CYLINDRICAL_SURFACE('',#2978,6.5);
#117=CYLINDRICAL_SURFACE('',#2981,3.);
#118=CYLINDRICAL_SURFACE('',#2984,3.);
#119=CYLINDRICAL_SURFACE('',#2987,6.);
#120=CYLINDRICAL_SURFACE('',#2988,6.);
#121=CYLINDRICAL_SURFACE('',#3000,1.75);
#122=CYLINDRICAL_SURFACE('',#3005,1.75);
#123=CYLINDRICAL_SURFACE('',#3012,1.);
#124=CIRCLE('',#2770,1.);
#125=CIRCLE('',#2771,2.);
#126=CIRCLE('',#2774,1.);
#127=CIRCLE('',#2775,2.);
#128=CIRCLE('',#2779,1.);
#129=CIRCLE('',#2781,2.);
#130=CIRCLE('',#2782,2.);
#131=CIRCLE('',#2783,4.);
#132=CIRCLE('',#2784,4.);
#133=CIRCLE('',#2786,3.75);
#134=CIRCLE('',#2787,3.75);
#135=CIRCLE('',#2788,5.5);
#136=CIRCLE('',#2789,5.5);
#137=CIRCLE('',#2795,2.);
#138=CIRCLE('',#2798,2.);
#139=CIRCLE('',#2801,1.5);
#140=CIRCLE('',#2802,1.5);
#141=CIRCLE('',#2804,1.5);
#142=CIRCLE('',#2805,1.5);
#143=CIRCLE('',#2810,1.);
#144=CIRCLE('',#2812,1.);
#145=CIRCLE('',#2813,1.);
#146=CIRCLE('',#2816,4.);
#147=CIRCLE('',#2818,4.);
#148=CIRCLE('',#2821,1.);
#149=CIRCLE('',#2823,1.5);
#150=CIRCLE('',#2824,1.5);
#151=CIRCLE('',#2827,1.5);
#152=CIRCLE('',#2828,1.5);
#153=CIRCLE('',#2831,0.999999999999996);
#154=CIRCLE('',#2832,0.999999999999996);
#155=CIRCLE('',#2833,0.999999999999996);
#156=CIRCLE('',#2837,1.);
#157=CIRCLE('',#2838,1.);
#158=CIRCLE('',#2839,1.);
#159=CIRCLE('',#2844,1.00000000000001);
#160=CIRCLE('',#2847,1.00000000000001);
#161=CIRCLE('',#2850,1.);
#162=CIRCLE('',#2852,1.);
#163=CIRCLE('',#2854,1.);
#164=CIRCLE('',#2857,1.);
#165=CIRCLE('',#2860,1.00000000000001);
#166=CIRCLE('',#2863,1.00000000000001);
#167=CIRCLE('',#2866,2.);
#168=CIRCLE('',#2868,2.00000069290399);
#169=CIRCLE('',#2869,3.5);
#170=CIRCLE('',#2873,2.);
#171=CIRCLE('',#2875,2.);
#172=CIRCLE('',#2876,3.5);
#173=CIRCLE('',#2879,2.);
#174=CIRCLE('',#2881,2.);
#175=CIRCLE('',#2882,1.75);
#176=CIRCLE('',#2886,2.);
#177=CIRCLE('',#2888,2.);
#178=CIRCLE('',#2889,1.75);
#179=CIRCLE('',#2894,3.5);
#180=CIRCLE('',#2897,1.);
#181=CIRCLE('',#2900,1.);
#182=CIRCLE('',#2903,3.5);
#183=CIRCLE('',#2906,1.);
#184=CIRCLE('',#2908,1.);
#185=CIRCLE('',#2909,1.);
#186=CIRCLE('',#2912,1.);
#187=CIRCLE('',#2913,1.);
#188=CIRCLE('',#2916,1.);
#189=CIRCLE('',#2917,1.);
#190=CIRCLE('',#2920,1.);
#191=CIRCLE('',#2921,1.);
#192=CIRCLE('',#2924,1.);
#193=CIRCLE('',#2925,1.);
#194=CIRCLE('',#2928,1.);
#195=CIRCLE('',#2929,1.);
#196=CIRCLE('',#2932,6.5);
#197=CIRCLE('',#2933,6.5);
#198=CIRCLE('',#2935,1.);
#199=CIRCLE('',#2937,1.);
#200=CIRCLE('',#2940,1.);
#201=CIRCLE('',#2943,1.);
#202=CIRCLE('',#2945,0.999999999999996);
#203=CIRCLE('',#2946,1.);
#204=CIRCLE('',#2947,0.999999999999996);
#205=CIRCLE('',#2949,1.);
#206=CIRCLE('',#2950,0.999999999999996);
#207=CIRCLE('',#2951,1.);
#208=CIRCLE('',#2955,0.999999999999996);
#209=CIRCLE('',#2956,1.);
#210=CIRCLE('',#2957,1.);
#211=CIRCLE('',#2960,1.);
#212=CIRCLE('',#2961,1.);
#213=CIRCLE('',#2967,1.);
#214=CIRCLE('',#2976,6.5);
#215=CIRCLE('',#2979,6.5);
#216=CIRCLE('',#2982,3.);
#217=CIRCLE('',#2983,3.);
#218=CIRCLE('',#2985,3.);
#219=CIRCLE('',#2986,3.);
#220=CIRCLE('',#3001,1.75);
#221=CIRCLE('',#3006,1.75);
#222=CIRCLE('',#3013,1.);
#223=CIRCLE('',#3014,1.);
#224=FACE_OUTER_BOUND('',#378,.T.);
#225=FACE_OUTER_BOUND('',#379,.T.);
#226=FACE_OUTER_BOUND('',#380,.T.);
#227=FACE_OUTER_BOUND('',#381,.T.);
#228=FACE_OUTER_BOUND('',#382,.T.);
#229=FACE_OUTER_BOUND('',#383,.T.);
#230=FACE_OUTER_BOUND('',#384,.T.);
#231=FACE_OUTER_BOUND('',#385,.T.);
#232=FACE_OUTER_BOUND('',#386,.T.);
#233=FACE_OUTER_BOUND('',#387,.T.);
#234=FACE_OUTER_BOUND('',#388,.T.);
#235=FACE_OUTER_BOUND('',#392,.T.);
#236=FACE_OUTER_BOUND('',#393,.T.);
#237=FACE_OUTER_BOUND('',#394,.T.);
#238=FACE_OUTER_BOUND('',#395,.T.);
#239=FACE_OUTER_BOUND('',#396,.T.);
#240=FACE_OUTER_BOUND('',#397,.T.);
#241=FACE_OUTER_BOUND('',#398,.T.);
#242=FACE_OUTER_BOUND('',#399,.T.);
#243=FACE_OUTER_BOUND('',#400,.T.);
#244=FACE_OUTER_BOUND('',#401,.T.);
#245=FACE_OUTER_BOUND('',#402,.T.);
#246=FACE_OUTER_BOUND('',#403,.T.);
#247=FACE_OUTER_BOUND('',#404,.T.);
#248=FACE_OUTER_BOUND('',#405,.T.);
#249=FACE_OUTER_BOUND('',#406,.T.);
#250=FACE_OUTER_BOUND('',#407,.T.);
#251=FACE_OUTER_BOUND('',#408,.T.);
#252=FACE_OUTER_BOUND('',#409,.T.);
#253=FACE_OUTER_BOUND('',#411,.T.);
#254=FACE_OUTER_BOUND('',#412,.T.);
#255=FACE_OUTER_BOUND('',#413,.T.);
#256=FACE_OUTER_BOUND('',#414,.T.);
#257=FACE_OUTER_BOUND('',#415,.T.);
#258=FACE_OUTER_BOUND('',#416,.T.);
#259=FACE_OUTER_BOUND('',#417,.T.);
#260=FACE_OUTER_BOUND('',#418,.T.);
#261=FACE_OUTER_BOUND('',#419,.T.);
#262=FACE_OUTER_BOUND('',#420,.T.);
#263=FACE_OUTER_BOUND('',#421,.T.);
#264=FACE_OUTER_BOUND('',#422,.T.);
#265=FACE_OUTER_BOUND('',#423,.T.);
#266=FACE_OUTER_BOUND('',#424,.T.);
#267=FACE_OUTER_BOUND('',#425,.T.);
#268=FACE_OUTER_BOUND('',#426,.T.);
#269=FACE_OUTER_BOUND('',#427,.T.);
#270=FACE_OUTER_BOUND('',#428,.T.);
#271=FACE_OUTER_BOUND('',#429,.T.);
#272=FACE_OUTER_BOUND('',#430,.T.);
#273=FACE_OUTER_BOUND('',#431,.T.);
#274=FACE_OUTER_BOUND('',#432,.T.);
#275=FACE_OUTER_BOUND('',#433,.T.);
#276=FACE_OUTER_BOUND('',#434,.T.);
#277=FACE_OUTER_BOUND('',#435,.T.);
#278=FACE_OUTER_BOUND('',#436,.T.);
#279=FACE_OUTER_BOUND('',#437,.T.);
#280=FACE_OUTER_BOUND('',#438,.T.);
#281=FACE_OUTER_BOUND('',#439,.T.);
#282=FACE_OUTER_BOUND('',#440,.T.);
#283=FACE_OUTER_BOUND('',#441,.T.);
#284=FACE_OUTER_BOUND('',#442,.T.);
#285=FACE_OUTER_BOUND('',#443,.T.);
#286=FACE_OUTER_BOUND('',#444,.T.);
#287=FACE_OUTER_BOUND('',#445,.T.);
#288=FACE_OUTER_BOUND('',#446,.T.);
#289=FACE_OUTER_BOUND('',#447,.T.);
#290=FACE_OUTER_BOUND('',#448,.T.);
#291=FACE_OUTER_BOUND('',#449,.T.);
#292=FACE_OUTER_BOUND('',#450,.T.);
#293=FACE_OUTER_BOUND('',#451,.T.);
#294=FACE_OUTER_BOUND('',#452,.T.);
#295=FACE_OUTER_BOUND('',#453,.T.);
#296=FACE_OUTER_BOUND('',#454,.T.);
#297=FACE_OUTER_BOUND('',#455,.T.);
#298=FACE_OUTER_BOUND('',#456,.T.);
#299=FACE_OUTER_BOUND('',#457,.T.);
#300=FACE_OUTER_BOUND('',#458,.T.);
#301=FACE_OUTER_BOUND('',#459,.T.);
#302=FACE_OUTER_BOUND('',#460,.T.);
#303=FACE_OUTER_BOUND('',#461,.T.);
#304=FACE_OUTER_BOUND('',#462,.T.);
#305=FACE_OUTER_BOUND('',#463,.T.);
#306=FACE_OUTER_BOUND('',#464,.T.);
#307=FACE_OUTER_BOUND('',#465,.T.);
#308=FACE_OUTER_BOUND('',#466,.T.);
#309=FACE_OUTER_BOUND('',#467,.T.);
#310=FACE_OUTER_BOUND('',#468,.T.);
#311=FACE_OUTER_BOUND('',#469,.T.);
#312=FACE_OUTER_BOUND('',#470,.T.);
#313=FACE_OUTER_BOUND('',#471,.T.);
#314=FACE_OUTER_BOUND('',#473,.T.);
#315=FACE_OUTER_BOUND('',#474,.T.);
#316=FACE_OUTER_BOUND('',#475,.T.);
#317=FACE_OUTER_BOUND('',#476,.T.);
#318=FACE_OUTER_BOUND('',#477,.T.);
#319=FACE_OUTER_BOUND('',#478,.T.);
#320=FACE_OUTER_BOUND('',#479,.T.);
#321=FACE_OUTER_BOUND('',#480,.T.);
#322=FACE_OUTER_BOUND('',#481,.T.);
#323=FACE_OUTER_BOUND('',#482,.T.);
#324=FACE_OUTER_BOUND('',#483,.T.);
#325=FACE_OUTER_BOUND('',#484,.T.);
#326=FACE_OUTER_BOUND('',#485,.T.);
#327=FACE_OUTER_BOUND('',#486,.T.);
#328=FACE_OUTER_BOUND('',#487,.T.);
#329=FACE_OUTER_BOUND('',#488,.T.);
#330=FACE_OUTER_BOUND('',#490,.T.);
#331=FACE_OUTER_BOUND('',#491,.T.);
#332=FACE_OUTER_BOUND('',#492,.T.);
#333=FACE_OUTER_BOUND('',#494,.T.);
#334=FACE_OUTER_BOUND('',#496,.T.);
#335=FACE_OUTER_BOUND('',#497,.T.);
#336=FACE_OUTER_BOUND('',#498,.T.);
#337=FACE_OUTER_BOUND('',#499,.T.);
#338=FACE_OUTER_BOUND('',#500,.T.);
#339=FACE_OUTER_BOUND('',#501,.T.);
#340=FACE_OUTER_BOUND('',#504,.T.);
#341=FACE_OUTER_BOUND('',#505,.T.);
#342=FACE_OUTER_BOUND('',#506,.T.);
#343=FACE_OUTER_BOUND('',#507,.T.);
#344=FACE_OUTER_BOUND('',#508,.T.);
#345=FACE_OUTER_BOUND('',#509,.T.);
#346=FACE_OUTER_BOUND('',#510,.T.);
#347=FACE_OUTER_BOUND('',#511,.T.);
#348=FACE_OUTER_BOUND('',#512,.T.);
#349=FACE_OUTER_BOUND('',#513,.T.);
#350=FACE_OUTER_BOUND('',#514,.T.);
#351=FACE_OUTER_BOUND('',#515,.T.);
#352=FACE_OUTER_BOUND('',#516,.T.);
#353=FACE_OUTER_BOUND('',#517,.T.);
#354=FACE_OUTER_BOUND('',#518,.T.);
#355=FACE_OUTER_BOUND('',#519,.T.);
#356=FACE_OUTER_BOUND('',#520,.T.);
#357=FACE_OUTER_BOUND('',#521,.T.);
#358=FACE_OUTER_BOUND('',#522,.T.);
#359=FACE_OUTER_BOUND('',#523,.T.);
#360=FACE_OUTER_BOUND('',#524,.T.);
#361=FACE_OUTER_BOUND('',#525,.T.);
#362=FACE_OUTER_BOUND('',#526,.T.);
#363=FACE_OUTER_BOUND('',#527,.T.);
#364=FACE_OUTER_BOUND('',#528,.T.);
#365=FACE_OUTER_BOUND('',#529,.T.);
#366=FACE_OUTER_BOUND('',#530,.T.);
#367=FACE_OUTER_BOUND('',#531,.T.);
#368=FACE_OUTER_BOUND('',#532,.T.);
#369=FACE_OUTER_BOUND('',#533,.T.);
#370=FACE_OUTER_BOUND('',#534,.T.);
#371=FACE_OUTER_BOUND('',#535,.T.);
#372=FACE_OUTER_BOUND('',#536,.T.);
#373=FACE_OUTER_BOUND('',#537,.T.);
#374=FACE_OUTER_BOUND('',#538,.T.);
#375=FACE_OUTER_BOUND('',#539,.T.);
#376=FACE_OUTER_BOUND('',#540,.T.);
#377=FACE_OUTER_BOUND('',#541,.T.);
#378=EDGE_LOOP('',(#1726,#1727,#1728,#1729));
#379=EDGE_LOOP('',(#1730,#1731,#1732,#1733));
#380=EDGE_LOOP('',(#1734,#1735,#1736,#1737));
#381=EDGE_LOOP('',(#1738,#1739,#1740,#1741));
#382=EDGE_LOOP('',(#1742,#1743,#1744,#1745,#1746,#1747,#1748,#1749));
#383=EDGE_LOOP('',(#1750,#1751,#1752,#1753));
#384=EDGE_LOOP('',(#1754,#1755,#1756,#1757,#1758,#1759,#1760,#1761));
#385=EDGE_LOOP('',(#1762,#1763,#1764,#1765));
#386=EDGE_LOOP('',(#1766,#1767,#1768,#1769,#1770,#1771,#1772,#1773));
#387=EDGE_LOOP('',(#1774,#1775,#1776,#1777));
#388=EDGE_LOOP('',(#1778,#1779,#1780,#1781,#1782,#1783,#1784,#1785,#1786,
#1787,#1788,#1789,#1790,#1791));
#389=EDGE_LOOP('',(#1792,#1793,#1794,#1795));
#390=EDGE_LOOP('',(#1796));
#391=EDGE_LOOP('',(#1797));
#392=EDGE_LOOP('',(#1798,#1799,#1800,#1801,#1802,#1803,#1804,#1805,#1806,
#1807,#1808,#1809,#1810,#1811,#1812,#1813,#1814,#1815,#1816,#1817));
#393=EDGE_LOOP('',(#1818,#1819,#1820,#1821));
#394=EDGE_LOOP('',(#1822,#1823,#1824,#1825,#1826,#1827,#1828,#1829));
#395=EDGE_LOOP('',(#1830,#1831,#1832,#1833));
#396=EDGE_LOOP('',(#1834,#1835,#1836,#1837,#1838));
#397=EDGE_LOOP('',(#1839,#1840,#1841,#1842));
#398=EDGE_LOOP('',(#1843,#1844,#1845,#1846));
#399=EDGE_LOOP('',(#1847,#1848,#1849,#1850));
#400=EDGE_LOOP('',(#1851,#1852,#1853,#1854));
#401=EDGE_LOOP('',(#1855,#1856,#1857,#1858,#1859));
#402=EDGE_LOOP('',(#1860,#1861,#1862,#1863,#1864,#1865,#1866,#1867,#1868,
#1869));
#403=EDGE_LOOP('',(#1870,#1871,#1872,#1873));
#404=EDGE_LOOP('',(#1874,#1875,#1876,#1877,#1878,#1879,#1880,#1881));
#405=EDGE_LOOP('',(#1882,#1883,#1884,#1885,#1886,#1887,#1888,#1889,#1890,
#1891));
#406=EDGE_LOOP('',(#1892,#1893,#1894,#1895));
#407=EDGE_LOOP('',(#1896,#1897,#1898,#1899));
#408=EDGE_LOOP('',(#1900,#1901,#1902,#1903));
#409=EDGE_LOOP('',(#1904,#1905,#1906,#1907,#1908,#1909));
#410=EDGE_LOOP('',(#1910,#1911,#1912,#1913));
#411=EDGE_LOOP('',(#1914,#1915,#1916,#1917,#1918,#1919));
#412=EDGE_LOOP('',(#1920,#1921,#1922,#1923));
#413=EDGE_LOOP('',(#1924));
#414=EDGE_LOOP('',(#1925,#1926,#1927,#1928));
#415=EDGE_LOOP('',(#1929));
#416=EDGE_LOOP('',(#1930,#1931,#1932,#1933,#1934));
#417=EDGE_LOOP('',(#1935));
#418=EDGE_LOOP('',(#1936,#1937,#1938,#1939,#1940,#1941,#1942));
#419=EDGE_LOOP('',(#1943,#1944,#1945,#1946,#1947));
#420=EDGE_LOOP('',(#1948));
#421=EDGE_LOOP('',(#1949,#1950,#1951,#1952,#1953,#1954,#1955));
#422=EDGE_LOOP('',(#1956,#1957,#1958));
#423=EDGE_LOOP('',(#1959,#1960,#1961));
#424=EDGE_LOOP('',(#1962,#1963,#1964));
#425=EDGE_LOOP('',(#1965,#1966,#1967));
#426=EDGE_LOOP('',(#1968,#1969,#1970));
#427=EDGE_LOOP('',(#1971,#1972,#1973));
#428=EDGE_LOOP('',(#1974,#1975,#1976));
#429=EDGE_LOOP('',(#1977,#1978,#1979));
#430=EDGE_LOOP('',(#1980,#1981,#1982,#1983));
#431=EDGE_LOOP('',(#1984,#1985,#1986,#1987));
#432=EDGE_LOOP('',(#1988,#1989,#1990,#1991));
#433=EDGE_LOOP('',(#1992,#1993,#1994,#1995));
#434=EDGE_LOOP('',(#1996,#1997,#1998,#1999));
#435=EDGE_LOOP('',(#2000,#2001,#2002,#2003));
#436=EDGE_LOOP('',(#2004,#2005,#2006,#2007));
#437=EDGE_LOOP('',(#2008,#2009,#2010,#2011));
#438=EDGE_LOOP('',(#2012,#2013,#2014,#2015));
#439=EDGE_LOOP('',(#2016,#2017,#2018,#2019));
#440=EDGE_LOOP('',(#2020,#2021,#2022,#2023));
#441=EDGE_LOOP('',(#2024,#2025,#2026,#2027));
#442=EDGE_LOOP('',(#2028,#2029,#2030,#2031));
#443=EDGE_LOOP('',(#2032,#2033,#2034,#2035));
#444=EDGE_LOOP('',(#2036,#2037,#2038,#2039));
#445=EDGE_LOOP('',(#2040,#2041,#2042,#2043));
#446=EDGE_LOOP('',(#2044,#2045,#2046,#2047,#2048,#2049));
#447=EDGE_LOOP('',(#2050,#2051,#2052,#2053));
#448=EDGE_LOOP('',(#2054,#2055,#2056,#2057));
#449=EDGE_LOOP('',(#2058,#2059,#2060,#2061));
#450=EDGE_LOOP('',(#2062,#2063,#2064,#2065,#2066,#2067,#2068,#2069));
#451=EDGE_LOOP('',(#2070,#2071,#2072,#2073));
#452=EDGE_LOOP('',(#2074,#2075,#2076,#2077));
#453=EDGE_LOOP('',(#2078,#2079,#2080,#2081));
#454=EDGE_LOOP('',(#2082,#2083,#2084,#2085,#2086,#2087));
#455=EDGE_LOOP('',(#2088,#2089,#2090,#2091));
#456=EDGE_LOOP('',(#2092,#2093,#2094,#2095,#2096));
#457=EDGE_LOOP('',(#2097,#2098,#2099,#2100));
#458=EDGE_LOOP('',(#2101,#2102,#2103,#2104));
#459=EDGE_LOOP('',(#2105,#2106,#2107,#2108,#2109,#2110));
#460=EDGE_LOOP('',(#2111,#2112,#2113,#2114));
#461=EDGE_LOOP('',(#2115,#2116,#2117,#2118,#2119,#2120));
#462=EDGE_LOOP('',(#2121,#2122,#2123,#2124,#2125));
#463=EDGE_LOOP('',(#2126,#2127,#2128,#2129));
#464=EDGE_LOOP('',(#2130,#2131,#2132,#2133));
#465=EDGE_LOOP('',(#2134,#2135,#2136,#2137));
#466=EDGE_LOOP('',(#2138,#2139,#2140,#2141));
#467=EDGE_LOOP('',(#2142,#2143,#2144,#2145));
#468=EDGE_LOOP('',(#2146,#2147,#2148,#2149,#2150,#2151,#2152,#2153,#2154,
#2155,#2156,#2157,#2158,#2159,#2160,#2161,#2162,#2163));
#469=EDGE_LOOP('',(#2164,#2165,#2166,#2167));
#470=EDGE_LOOP('',(#2168,#2169,#2170,#2171));
#471=EDGE_LOOP('',(#2172,#2173,#2174,#2175,#2176,#2177,#2178,#2179,#2180,
#2181,#2182,#2183,#2184,#2185,#2186,#2187,#2188,#2189));
#472=EDGE_LOOP('',(#2190,#2191,#2192,#2193));
#473=EDGE_LOOP('',(#2194,#2195,#2196,#2197));
#474=EDGE_LOOP('',(#2198,#2199,#2200,#2201));
#475=EDGE_LOOP('',(#2202,#2203,#2204,#2205));
#476=EDGE_LOOP('',(#2206,#2207,#2208));
#477=EDGE_LOOP('',(#2209,#2210,#2211));
#478=EDGE_LOOP('',(#2212,#2213,#2214,#2215));
#479=EDGE_LOOP('',(#2216,#2217,#2218,#2219));
#480=EDGE_LOOP('',(#2220,#2221,#2222));
#481=EDGE_LOOP('',(#2223,#2224,#2225,#2226));
#482=EDGE_LOOP('',(#2227,#2228,#2229));
#483=EDGE_LOOP('',(#2230,#2231,#2232,#2233));
#484=EDGE_LOOP('',(#2234,#2235,#2236,#2237));
#485=EDGE_LOOP('',(#2238,#2239,#2240,#2241));
#486=EDGE_LOOP('',(#2242,#2243,#2244,#2245));
#487=EDGE_LOOP('',(#2246,#2247,#2248,#2249));
#488=EDGE_LOOP('',(#2250,#2251,#2252,#2253,#2254,#2255,#2256,#2257,#2258,
#2259,#2260,#2261,#2262,#2263,#2264,#2265));
#489=EDGE_LOOP('',(#2266,#2267,#2268,#2269));
#490=EDGE_LOOP('',(#2270,#2271,#2272,#2273,#2274,#2275,#2276,#2277));
#491=EDGE_LOOP('',(#2278,#2279,#2280,#2281,#2282,#2283,#2284,#2285,#2286,
#2287));
#492=EDGE_LOOP('',(#2288,#2289,#2290,#2291,#2292,#2293));
#493=EDGE_LOOP('',(#2294));
#494=EDGE_LOOP('',(#2295,#2296,#2297,#2298,#2299,#2300));
#495=EDGE_LOOP('',(#2301));
#496=EDGE_LOOP('',(#2302,#2303,#2304,#2305,#2306,#2307));
#497=EDGE_LOOP('',(#2308,#2309,#2310,#2311));
#498=EDGE_LOOP('',(#2312,#2313,#2314,#2315,#2316));
#499=EDGE_LOOP('',(#2317,#2318,#2319,#2320));
#500=EDGE_LOOP('',(#2321,#2322,#2323,#2324,#2325));
#501=EDGE_LOOP('',(#2326,#2327,#2328,#2329));
#502=EDGE_LOOP('',(#2330));
#503=EDGE_LOOP('',(#2331));
#504=EDGE_LOOP('',(#2332,#2333,#2334,#2335,#2336,#2337));
#505=EDGE_LOOP('',(#2338,#2339,#2340,#2341,#2342,#2343));
#506=EDGE_LOOP('',(#2344,#2345,#2346,#2347));
#507=EDGE_LOOP('',(#2348,#2349,#2350,#2351));
#508=EDGE_LOOP('',(#2352,#2353,#2354,#2355));
#509=EDGE_LOOP('',(#2356,#2357,#2358,#2359,#2360,#2361));
#510=EDGE_LOOP('',(#2362,#2363,#2364,#2365));
#511=EDGE_LOOP('',(#2366,#2367,#2368,#2369));
#512=EDGE_LOOP('',(#2370,#2371,#2372,#2373));
#513=EDGE_LOOP('',(#2374,#2375,#2376,#2377,#2378,#2379));
#514=EDGE_LOOP('',(#2380,#2381,#2382,#2383,#2384,#2385,#2386));
#515=EDGE_LOOP('',(#2387,#2388,#2389,#2390,#2391,#2392));
#516=EDGE_LOOP('',(#2393,#2394,#2395,#2396));
#517=EDGE_LOOP('',(#2397,#2398,#2399,#2400));
#518=EDGE_LOOP('',(#2401,#2402,#2403,#2404));
#519=EDGE_LOOP('',(#2405,#2406,#2407,#2408));
#520=EDGE_LOOP('',(#2409,#2410,#2411,#2412));
#521=EDGE_LOOP('',(#2413,#2414,#2415,#2416,#2417,#2418,#2419));
#522=EDGE_LOOP('',(#2420,#2421,#2422,#2423));
#523=EDGE_LOOP('',(#2424,#2425,#2426,#2427));
#524=EDGE_LOOP('',(#2428,#2429,#2430,#2431,#2432,#2433,#2434));
#525=EDGE_LOOP('',(#2435,#2436,#2437,#2438,#2439,#2440,#2441,#2442,#2443,
#2444,#2445,#2446));
#526=EDGE_LOOP('',(#2447,#2448,#2449,#2450));
#527=EDGE_LOOP('',(#2451,#2452,#2453,#2454));
#528=EDGE_LOOP('',(#2455,#2456,#2457,#2458,#2459));
#529=EDGE_LOOP('',(#2460,#2461,#2462,#2463));
#530=EDGE_LOOP('',(#2464,#2465,#2466,#2467,#2468));
#531=EDGE_LOOP('',(#2469,#2470,#2471,#2472));
#532=EDGE_LOOP('',(#2473,#2474,#2475,#2476));
#533=EDGE_LOOP('',(#2477,#2478,#2479,#2480,#2481));
#534=EDGE_LOOP('',(#2482,#2483,#2484,#2485));
#535=EDGE_LOOP('',(#2486,#2487,#2488,#2489));
#536=EDGE_LOOP('',(#2490,#2491,#2492,#2493));
#537=EDGE_LOOP('',(#2494,#2495,#2496,#2497));
#538=EDGE_LOOP('',(#2498,#2499,#2500,#2501));
#539=EDGE_LOOP('',(#2502,#2503,#2504,#2505));
#540=EDGE_LOOP('',(#2506,#2507,#2508,#2509));
#541=EDGE_LOOP('',(#2510,#2511,#2512,#2513));
#542=LINE('',#3829,#814);
#543=LINE('',#3831,#815);
#544=LINE('',#3833,#816);
#545=LINE('',#3834,#817);
#546=LINE('',#3837,#818);
#547=LINE('',#3839,#819);
#548=LINE('',#3840,#820);
#549=LINE('',#3843,#821);
#550=LINE('',#3845,#822);
#551=LINE('',#3846,#823);
#552=LINE('',#3848,#824);
#553=LINE('',#3849,#825);
#554=LINE('',#3855,#826);
#555=LINE('',#3857,#827);
#556=LINE('',#3859,#828);
#557=LINE('',#3863,#829);
#558=LINE('',#3865,#830);
#559=LINE('',#3866,#831);
#560=LINE('',#3869,#832);
#561=LINE('',#3871,#833);
#562=LINE('',#3872,#834);
#563=LINE('',#3878,#835);
#564=LINE('',#3880,#836);
#565=LINE('',#3882,#837);
#566=LINE('',#3885,#838);
#567=LINE('',#3886,#839);
#568=LINE('',#3888,#840);
#569=LINE('',#3889,#841);
#570=LINE('',#3892,#842);
#571=LINE('',#3894,#843);
#572=LINE('',#3896,#844);
#573=LINE('',#3898,#845);
#574=LINE('',#3899,#846);
#575=LINE('',#3902,#847);
#576=LINE('',#3906,#848);
#577=LINE('',#3908,#849);
#578=LINE('',#3910,#850);
#579=LINE('',#3912,#851);
#580=LINE('',#3916,#852);
#581=LINE('',#3920,#853);
#582=LINE('',#3922,#854);
#583=LINE('',#3923,#855);
#584=LINE('',#3930,#856);
#585=LINE('',#3932,#857);
#586=LINE('',#3936,#858);
#587=LINE('',#3938,#859);
#588=LINE('',#3940,#860);
#589=LINE('',#3944,#861);
#590=LINE('',#3946,#862);
#591=LINE('',#3948,#863);
#592=LINE('',#3952,#864);
#593=LINE('',#3954,#865);
#594=LINE('',#3956,#866);
#595=LINE('',#3960,#867);
#596=LINE('',#3961,#868);
#597=LINE('',#3964,#869);
#598=LINE('',#3970,#870);
#599=LINE('',#3981,#871);
#600=LINE('',#3991,#872);
#601=LINE('',#3996,#873);
#602=LINE('',#3997,#874);
#603=LINE('',#4000,#875);
#604=LINE('',#4002,#876);
#605=LINE('',#4003,#877);
#606=LINE('',#4008,#878);
#607=LINE('',#4009,#879);
#608=LINE('',#4011,#880);
#609=LINE('',#4017,#881);
#610=LINE('',#4020,#882);
#611=LINE('',#4026,#883);
#612=LINE('',#4029,#884);
#613=LINE('',#4032,#885);
#614=LINE('',#4034,#886);
#615=LINE('',#4035,#887);
#616=LINE('',#4037,#888);
#617=LINE('',#4038,#889);
#618=LINE('',#4039,#890);
#619=LINE('',#4041,#891);
#620=LINE('',#4046,#892);
#621=LINE('',#4048,#893);
#622=LINE('',#4050,#894);
#623=LINE('',#4052,#895);
#624=LINE('',#4053,#896);
#625=LINE('',#4056,#897);
#626=LINE('',#4058,#898);
#627=LINE('',#4060,#899);
#628=LINE('',#4062,#900);
#629=LINE('',#4064,#901);
#630=LINE('',#4068,#902);
#631=LINE('',#4072,#903);
#632=LINE('',#4073,#904);
#633=LINE('',#4076,#905);
#634=LINE('',#4080,#906);
#635=LINE('',#4084,#907);
#636=LINE('',#4086,#908);
#637=LINE('',#4088,#909);
#638=LINE('',#4089,#910);
#639=LINE('',#4092,#911);
#640=LINE('',#4095,#912);
#641=LINE('',#4100,#913);
#642=LINE('',#4107,#914);
#643=LINE('',#4114,#915);
#644=LINE('',#4122,#916);
#645=LINE('',#4123,#917);
#646=LINE('',#4125,#918);
#647=LINE('',#4127,#919);
#648=LINE('',#4128,#920);
#649=LINE('',#4133,#921);
#650=LINE('',#4139,#922);
#651=LINE('',#4140,#923);
#652=LINE('',#4418,#924);
#653=LINE('',#4421,#925);
#654=LINE('',#4428,#926);
#655=LINE('',#4430,#927);
#656=LINE('',#4433,#928);
#657=LINE('',#4440,#929);
#658=LINE('',#4443,#930);
#659=LINE('',#4450,#931);
#660=LINE('',#4452,#932);
#661=LINE('',#4455,#933);
#662=LINE('',#4462,#934);
#663=LINE('',#4464,#935);
#664=LINE('',#4465,#936);
#665=LINE('',#4468,#937);
#666=LINE('',#4469,#938);
#667=LINE('',#4472,#939);
#668=LINE('',#4476,#940);
#669=LINE('',#4477,#941);
#670=LINE('',#4480,#942);
#671=LINE('',#4484,#943);
#672=LINE('',#4486,#944);
#673=LINE('',#4487,#945);
#674=LINE('',#4488,#946);
#675=LINE('',#4491,#947);
#676=LINE('',#4495,#948);
#677=LINE('',#4496,#949);
#678=LINE('',#4499,#950);
#679=LINE('',#4503,#951);
#680=LINE('',#4505,#952);
#681=LINE('',#4507,#953);
#682=LINE('',#4508,#954);
#683=LINE('',#4511,#955);
#684=LINE('',#4518,#956);
#685=LINE('',#4522,#957);
#686=LINE('',#4523,#958);
#687=LINE('',#4526,#959);
#688=LINE('',#4528,#960);
#689=LINE('',#4529,#961);
#690=LINE('',#4535,#962);
#691=LINE('',#4538,#963);
#692=LINE('',#4540,#964);
#693=LINE('',#4542,#965);
#694=LINE('',#4544,#966);
#695=LINE('',#4545,#967);
#696=LINE('',#4551,#968);
#697=LINE('',#4554,#969);
#698=LINE('',#4557,#970);
#699=LINE('',#4559,#971);
#700=LINE('',#4561,#972);
#701=LINE('',#4563,#973);
#702=LINE('',#4564,#974);
#703=LINE('',#4568,#975);
#704=LINE('',#4570,#976);
#705=LINE('',#4574,#977);
#706=LINE('',#4575,#978);
#707=LINE('',#4581,#979);
#708=LINE('',#4584,#980);
#709=LINE('',#4586,#981);
#710=LINE('',#4587,#982);
#711=LINE('',#4593,#983);
#712=LINE('',#4596,#984);
#713=LINE('',#4598,#985);
#714=LINE('',#4599,#986);
#715=LINE('',#4604,#987);
#716=LINE('',#4607,#988);
#717=LINE('',#4609,#989);
#718=LINE('',#4611,#990);
#719=LINE('',#4612,#991);
#720=LINE('',#4616,#992);
#721=LINE('',#4619,#993);
#722=LINE('',#4622,#994);
#723=LINE('',#4624,#995);
#724=LINE('',#4626,#996);
#725=LINE('',#4627,#997);
#726=LINE('',#4628,#998);
#727=LINE('',#4630,#999);
#728=LINE('',#4632,#1000);
#729=LINE('',#4634,#1001);
#730=LINE('',#4635,#1002);
#731=LINE('',#4638,#1003);
#732=LINE('',#4640,#1004);
#733=LINE('',#4642,#1005);
#734=LINE('',#4643,#1006);
#735=LINE('',#4646,#1007);
#736=LINE('',#4649,#1008);
#737=LINE('',#4652,#1009);
#738=LINE('',#4653,#1010);
#739=LINE('',#4657,#1011);
#740=LINE('',#4670,#1012);
#741=LINE('',#4672,#1013);
#742=LINE('',#4680,#1014);
#743=LINE('',#4686,#1015);
#744=LINE('',#4689,#1016);
#745=LINE('',#4691,#1017);
#746=LINE('',#4692,#1018);
#747=LINE('',#4697,#1019);
#748=LINE('',#4698,#1020);
#749=LINE('',#4700,#1021);
#750=LINE('',#4702,#1022);
#751=LINE('',#4703,#1023);
#752=LINE('',#4704,#1024);
#753=LINE('',#4707,#1025);
#754=LINE('',#4709,#1026);
#755=LINE('',#4711,#1027);
#756=LINE('',#4712,#1028);
#757=LINE('',#4715,#1029);
#758=LINE('',#4717,#1030);
#759=LINE('',#4718,#1031);
#760=LINE('',#4720,#1032);
#761=LINE('',#4723,#1033);
#762=LINE('',#4725,#1034);
#763=LINE('',#4728,#1035);
#764=LINE('',#4730,#1036);
#765=LINE('',#4731,#1037);
#766=LINE('',#4734,#1038);
#767=LINE('',#4738,#1039);
#768=LINE('',#4739,#1040);
#769=LINE('',#4810,#1041);
#770=LINE('',#4812,#1042);
#771=LINE('',#4815,#1043);
#772=LINE('',#4818,#1044);
#773=LINE('',#4819,#1045);
#774=LINE('',#4822,#1046);
#775=LINE('',#4823,#1047);
#776=LINE('',#4826,#1048);
#777=LINE('',#4828,#1049);
#778=LINE('',#4829,#1050);
#779=LINE('',#4832,#1051);
#780=LINE('',#4833,#1052);
#781=LINE('',#4838,#1053);
#782=LINE('',#4839,#1054);
#783=LINE('',#4843,#1055);
#784=LINE('',#4845,#1056);
#785=LINE('',#4849,#1057);
#786=LINE('',#4850,#1058);
#787=LINE('',#4854,#1059);
#788=LINE('',#4856,#1060);
#789=LINE('',#4865,#1061);
#790=LINE('',#4868,#1062);
#791=LINE('',#4871,#1063);
#792=LINE('',#4873,#1064);
#793=LINE('',#4875,#1065);
#794=LINE('',#4876,#1066);
#795=LINE('',#4879,#1067);
#796=LINE('',#4880,#1068);
#797=LINE('',#4883,#1069);
#798=LINE('',#4885,#1070);
#799=LINE('',#4886,#1071);
#800=LINE('',#4888,#1072);
#801=LINE('',#4889,#1073);
#802=LINE('',#4895,#1074);
#803=LINE('',#4897,#1075);
#804=LINE('',#4899,#1076);
#805=LINE('',#4900,#1077);
#806=LINE('',#4903,#1078);
#807=LINE('',#4905,#1079);
#808=LINE('',#4906,#1080);
#809=LINE('',#4909,#1081);
#810=LINE('',#4911,#1082);
#811=LINE('',#4912,#1083);
#812=LINE('',#4914,#1084);
#813=LINE('',#4915,#1085);
#814=VECTOR('',#3031,10.);
#815=VECTOR('',#3032,10.);
#816=VECTOR('',#3033,10.);
#817=VECTOR('',#3034,10.);
#818=VECTOR('',#3037,10.);
#819=VECTOR('',#3038,10.);
#820=VECTOR('',#3039,10.);
#821=VECTOR('',#3042,10.);
#822=VECTOR('',#3043,10.);
#823=VECTOR('',#3044,10.);
#824=VECTOR('',#3047,10.);
#825=VECTOR('',#3048,10.);
#826=VECTOR('',#3053,10.);
#827=VECTOR('',#3054,10.);
#828=VECTOR('',#3055,10.);
#829=VECTOR('',#3058,10.);
#830=VECTOR('',#3059,10.);
#831=VECTOR('',#3060,10.);
#832=VECTOR('',#3063,10.);
#833=VECTOR('',#3064,10.);
#834=VECTOR('',#3065,10.);
#835=VECTOR('',#3070,10.);
#836=VECTOR('',#3071,10.);
#837=VECTOR('',#3072,10.);
#838=VECTOR('',#3075,10.);
#839=VECTOR('',#3076,10.);
#840=VECTOR('',#3079,10.);
#841=VECTOR('',#3080,10.);
#842=VECTOR('',#3083,10.);
#843=VECTOR('',#3084,10.);
#844=VECTOR('',#3085,10.);
#845=VECTOR('',#3086,10.);
#846=VECTOR('',#3087,10.);
#847=VECTOR('',#3090,10.);
#848=VECTOR('',#3095,10.);
#849=VECTOR('',#3096,10.);
#850=VECTOR('',#3097,10.);
#851=VECTOR('',#3098,10.);
#852=VECTOR('',#3101,10.);
#853=VECTOR('',#3104,10.);
#854=VECTOR('',#3105,10.);
#855=VECTOR('',#3106,10.);
#856=VECTOR('',#3113,10.);
#857=VECTOR('',#3114,10.);
#858=VECTOR('',#3117,10.);
#859=VECTOR('',#3118,10.);
#860=VECTOR('',#3119,10.);
#861=VECTOR('',#3122,10.);
#862=VECTOR('',#3123,10.);
#863=VECTOR('',#3124,10.);
#864=VECTOR('',#3127,10.);
#865=VECTOR('',#3128,10.);
#866=VECTOR('',#3129,10.);
#867=VECTOR('',#3132,10.);
#868=VECTOR('',#3133,10.);
#869=VECTOR('',#3136,10.);
#870=VECTOR('',#3143,10.);
#871=VECTOR('',#3144,10.);
#872=VECTOR('',#3145,10.);
#873=VECTOR('',#3150,10.);
#874=VECTOR('',#3151,10.);
#875=VECTOR('',#3154,10.);
#876=VECTOR('',#3155,10.);
#877=VECTOR('',#3156,10.);
#878=VECTOR('',#3161,10.);
#879=VECTOR('',#3162,10.);
#880=VECTOR('',#3165,10.);
#881=VECTOR('',#3170,1.5);
#882=VECTOR('',#3173,10.);
#883=VECTOR('',#3178,1.5);
#884=VECTOR('',#3181,10.);
#885=VECTOR('',#3184,10.);
#886=VECTOR('',#3185,10.);
#887=VECTOR('',#3186,10.);
#888=VECTOR('',#3189,10.);
#889=VECTOR('',#3190,10.);
#890=VECTOR('',#3191,10.);
#891=VECTOR('',#3194,10.);
#892=VECTOR('',#3199,10.);
#893=VECTOR('',#3200,10.);
#894=VECTOR('',#3201,10.);
#895=VECTOR('',#3202,10.);
#896=VECTOR('',#3203,10.);
#897=VECTOR('',#3206,10.);
#898=VECTOR('',#3207,10.);
#899=VECTOR('',#3208,10.);
#900=VECTOR('',#3209,10.);
#901=VECTOR('',#3210,10.);
#902=VECTOR('',#3213,10.);
#903=VECTOR('',#3218,10.);
#904=VECTOR('',#3219,10.);
#905=VECTOR('',#3222,4.);
#906=VECTOR('',#3227,4.);
#907=VECTOR('',#3232,10.);
#908=VECTOR('',#3233,10.);
#909=VECTOR('',#3234,10.);
#910=VECTOR('',#3235,10.);
#911=VECTOR('',#3238,10.);
#912=VECTOR('',#3241,10.);
#913=VECTOR('',#3246,1.5);
#914=VECTOR('',#3255,1.5);
#915=VECTOR('',#3264,0.999999999999996);
#916=VECTOR('',#3273,10.);
#917=VECTOR('',#3274,10.);
#918=VECTOR('',#3275,10.);
#919=VECTOR('',#3276,10.);
#920=VECTOR('',#3277,10.);
#921=VECTOR('',#3282,1.);
#922=VECTOR('',#3291,10.);
#923=VECTOR('',#3292,10.);
#924=VECTOR('',#3339,10.);
#925=VECTOR('',#3342,10.);
#926=VECTOR('',#3353,10.);
#927=VECTOR('',#3356,10.);
#928=VECTOR('',#3359,10.);
#929=VECTOR('',#3370,10.);
#930=VECTOR('',#3373,10.);
#931=VECTOR('',#3384,10.);
#932=VECTOR('',#3387,10.);
#933=VECTOR('',#3390,10.);
#934=VECTOR('',#3401,10.);
#935=VECTOR('',#3404,10.);
#936=VECTOR('',#3405,10.);
#937=VECTOR('',#3408,10.);
#938=VECTOR('',#3409,10.);
#939=VECTOR('',#3412,10.);
#940=VECTOR('',#3417,10.);
#941=VECTOR('',#3418,10.);
#942=VECTOR('',#3421,10.);
#943=VECTOR('',#3426,10.);
#944=VECTOR('',#3427,10.);
#945=VECTOR('',#3428,10.);
#946=VECTOR('',#3429,10.);
#947=VECTOR('',#3432,10.);
#948=VECTOR('',#3437,10.);
#949=VECTOR('',#3438,10.);
#950=VECTOR('',#3441,10.);
#951=VECTOR('',#3446,10.);
#952=VECTOR('',#3447,10.);
#953=VECTOR('',#3448,10.);
#954=VECTOR('',#3449,10.);
#955=VECTOR('',#3452,10.);
#956=VECTOR('',#3459,10.);
#957=VECTOR('',#3462,10.);
#958=VECTOR('',#3463,10.);
#959=VECTOR('',#3466,10.);
#960=VECTOR('',#3467,10.);
#961=VECTOR('',#3468,10.);
#962=VECTOR('',#3473,10.);
#963=VECTOR('',#3476,10.);
#964=VECTOR('',#3479,10.);
#965=VECTOR('',#3480,10.);
#966=VECTOR('',#3481,10.);
#967=VECTOR('',#3482,10.);
#968=VECTOR('',#3487,10.);
#969=VECTOR('',#3490,10.);
#970=VECTOR('',#3493,10.);
#971=VECTOR('',#3494,10.);
#972=VECTOR('',#3495,10.);
#973=VECTOR('',#3496,10.);
#974=VECTOR('',#3497,10.);
#975=VECTOR('',#3502,10.);
#976=VECTOR('',#3503,10.);
#977=VECTOR('',#3508,10.);
#978=VECTOR('',#3509,10.);
#979=VECTOR('',#3514,10.);
#980=VECTOR('',#3517,10.);
#981=VECTOR('',#3520,10.);
#982=VECTOR('',#3521,10.);
#983=VECTOR('',#3526,10.);
#984=VECTOR('',#3529,10.);
#985=VECTOR('',#3532,10.);
#986=VECTOR('',#3533,10.);
#987=VECTOR('',#3538,10.);
#988=VECTOR('',#3541,10.);
#989=VECTOR('',#3542,10.);
#990=VECTOR('',#3543,10.);
#991=VECTOR('',#3544,10.);
#992=VECTOR('',#3549,10.);
#993=VECTOR('',#3552,10.);
#994=VECTOR('',#3555,10.);
#995=VECTOR('',#3558,10.);
#996=VECTOR('',#3559,10.);
#997=VECTOR('',#3560,10.);
#998=VECTOR('',#3561,10.);
#999=VECTOR('',#3562,10.);
#1000=VECTOR('',#3563,10.);
#1001=VECTOR('',#3564,10.);
#1002=VECTOR('',#3565,10.);
#1003=VECTOR('',#3566,10.);
#1004=VECTOR('',#3567,10.);
#1005=VECTOR('',#3568,10.);
#1006=VECTOR('',#3569,10.);
#1007=VECTOR('',#3572,10.);
#1008=VECTOR('',#3575,10.);
#1009=VECTOR('',#3578,10.);
#1010=VECTOR('',#3579,10.);
#1011=VECTOR('',#3584,10.);
#1012=VECTOR('',#3603,10.);
#1013=VECTOR('',#3606,10.);
#1014=VECTOR('',#3617,10.);
#1015=VECTOR('',#3626,10.);
#1016=VECTOR('',#3631,10.);
#1017=VECTOR('',#3634,10.);
#1018=VECTOR('',#3635,10.);
#1019=VECTOR('',#3640,10.);
#1020=VECTOR('',#3641,10.);
#1021=VECTOR('',#3644,10.);
#1022=VECTOR('',#3645,10.);
#1023=VECTOR('',#3646,10.);
#1024=VECTOR('',#3647,10.);
#1025=VECTOR('',#3648,10.);
#1026=VECTOR('',#3649,10.);
#1027=VECTOR('',#3650,10.);
#1028=VECTOR('',#3651,10.);
#1029=VECTOR('',#3654,10.);
#1030=VECTOR('',#3655,10.);
#1031=VECTOR('',#3656,10.);
#1032=VECTOR('',#3659,10.);
#1033=VECTOR('',#3664,10.);
#1034=VECTOR('',#3667,10.);
#1035=VECTOR('',#3670,10.);
#1036=VECTOR('',#3671,10.);
#1037=VECTOR('',#3672,10.);
#1038=VECTOR('',#3675,10.);
#1039=VECTOR('',#3680,10.);
#1040=VECTOR('',#3681,10.);
#1041=VECTOR('',#3702,10.);
#1042=VECTOR('',#3705,10.);
#1043=VECTOR('',#3710,10.);
#1044=VECTOR('',#3713,10.);
#1045=VECTOR('',#3714,10.);
#1046=VECTOR('',#3719,10.);
#1047=VECTOR('',#3720,10.);
#1048=VECTOR('',#3723,10.);
#1049=VECTOR('',#3724,10.);
#1050=VECTOR('',#3725,10.);
#1051=VECTOR('',#3730,10.);
#1052=VECTOR('',#3731,10.);
#1053=VECTOR('',#3738,10.);
#1054=VECTOR('',#3739,10.);
#1055=VECTOR('',#3744,10.);
#1056=VECTOR('',#3747,10.);
#1057=VECTOR('',#3752,10.);
#1058=VECTOR('',#3753,10.);
#1059=VECTOR('',#3760,10.);
#1060=VECTOR('',#3763,10.);
#1061=VECTOR('',#3774,10.);
#1062=VECTOR('',#3777,10.);
#1063=VECTOR('',#3780,10.);
#1064=VECTOR('',#3781,10.);
#1065=VECTOR('',#3782,10.);
#1066=VECTOR('',#3783,10.);
#1067=VECTOR('',#3786,10.);
#1068=VECTOR('',#3787,10.);
#1069=VECTOR('',#3790,10.);
#1070=VECTOR('',#3791,10.);
#1071=VECTOR('',#3792,10.);
#1072=VECTOR('',#3795,10.);
#1073=VECTOR('',#3796,10.);
#1074=VECTOR('',#3803,10.);
#1075=VECTOR('',#3804,10.);
#1076=VECTOR('',#3805,10.);
#1077=VECTOR('',#3806,10.);
#1078=VECTOR('',#3809,10.);
#1079=VECTOR('',#3810,10.);
#1080=VECTOR('',#3811,10.);
#1081=VECTOR('',#3814,10.);
#1082=VECTOR('',#3815,10.);
#1083=VECTOR('',#3816,10.);
#1084=VECTOR('',#3819,10.);
#1085=VECTOR('',#3820,10.);
#1086=VERTEX_POINT('',#3827);
#1087=VERTEX_POINT('',#3828);
#1088=VERTEX_POINT('',#3830);
#1089=VERTEX_POINT('',#3832);
#1090=VERTEX_POINT('',#3836);
#1091=VERTEX_POINT('',#3838);
#1092=VERTEX_POINT('',#3842);
#1093=VERTEX_POINT('',#3844);
#1094=VERTEX_POINT('',#3851);
#1095=VERTEX_POINT('',#3852);
#1096=VERTEX_POINT('',#3854);
#1097=VERTEX_POINT('',#3856);
#1098=VERTEX_POINT('',#3858);
#1099=VERTEX_POINT('',#3860);
#1100=VERTEX_POINT('',#3862);
#1101=VERTEX_POINT('',#3864);
#1102=VERTEX_POINT('',#3868);
#1103=VERTEX_POINT('',#3870);
#1104=VERTEX_POINT('',#3874);
#1105=VERTEX_POINT('',#3875);
#1106=VERTEX_POINT('',#3877);
#1107=VERTEX_POINT('',#3879);
#1108=VERTEX_POINT('',#3881);
#1109=VERTEX_POINT('',#3883);
#1110=VERTEX_POINT('',#3891);
#1111=VERTEX_POINT('',#3893);
#1112=VERTEX_POINT('',#3895);
#1113=VERTEX_POINT('',#3897);
#1114=VERTEX_POINT('',#3901);
#1115=VERTEX_POINT('',#3905);
#1116=VERTEX_POINT('',#3907);
#1117=VERTEX_POINT('',#3909);
#1118=VERTEX_POINT('',#3911);
#1119=VERTEX_POINT('',#3913);
#1120=VERTEX_POINT('',#3915);
#1121=VERTEX_POINT('',#3917);
#1122=VERTEX_POINT('',#3919);
#1123=VERTEX_POINT('',#3921);
#1124=VERTEX_POINT('',#3924);
#1125=VERTEX_POINT('',#3926);
#1126=VERTEX_POINT('',#3929);
#1127=VERTEX_POINT('',#3931);
#1128=VERTEX_POINT('',#3933);
#1129=VERTEX_POINT('',#3935);
#1130=VERTEX_POINT('',#3937);
#1131=VERTEX_POINT('',#3939);
#1132=VERTEX_POINT('',#3941);
#1133=VERTEX_POINT('',#3943);
#1134=VERTEX_POINT('',#3945);
#1135=VERTEX_POINT('',#3947);
#1136=VERTEX_POINT('',#3949);
#1137=VERTEX_POINT('',#3951);
#1138=VERTEX_POINT('',#3953);
#1139=VERTEX_POINT('',#3955);
#1140=VERTEX_POINT('',#3957);
#1141=VERTEX_POINT('',#3959);
#1142=VERTEX_POINT('',#3963);
#1143=VERTEX_POINT('',#3967);
#1144=VERTEX_POINT('',#3969);
#1145=VERTEX_POINT('',#3971);
#1146=VERTEX_POINT('',#3980);
#1147=VERTEX_POINT('',#3982);
#1148=VERTEX_POINT('',#3993);
#1149=VERTEX_POINT('',#3994);
#1150=VERTEX_POINT('',#3999);
#1151=VERTEX_POINT('',#4001);
#1152=VERTEX_POINT('',#4005);
#1153=VERTEX_POINT('',#4006);
#1154=VERTEX_POINT('',#4013);
#1155=VERTEX_POINT('',#4014);
#1156=VERTEX_POINT('',#4016);
#1157=VERTEX_POINT('',#4018);
#1158=VERTEX_POINT('',#4022);
#1159=VERTEX_POINT('',#4023);
#1160=VERTEX_POINT('',#4025);
#1161=VERTEX_POINT('',#4027);
#1162=VERTEX_POINT('',#4031);
#1163=VERTEX_POINT('',#4033);
#1164=VERTEX_POINT('',#4043);
#1165=VERTEX_POINT('',#4045);
#1166=VERTEX_POINT('',#4047);
#1167=VERTEX_POINT('',#4049);
#1168=VERTEX_POINT('',#4051);
#1169=VERTEX_POINT('',#4055);
#1170=VERTEX_POINT('',#4057);
#1171=VERTEX_POINT('',#4059);
#1172=VERTEX_POINT('',#4061);
#1173=VERTEX_POINT('',#4063);
#1174=VERTEX_POINT('',#4065);
#1175=VERTEX_POINT('',#4067);
#1176=VERTEX_POINT('',#4071);
#1177=VERTEX_POINT('',#4075);
#1178=VERTEX_POINT('',#4079);
#1179=VERTEX_POINT('',#4083);
#1180=VERTEX_POINT('',#4085);
#1181=VERTEX_POINT('',#4087);
#1182=VERTEX_POINT('',#4091);
#1183=VERTEX_POINT('',#4093);
#1184=VERTEX_POINT('',#4097);
#1185=VERTEX_POINT('',#4099);
#1186=VERTEX_POINT('',#4104);
#1187=VERTEX_POINT('',#4106);
#1188=VERTEX_POINT('',#4111);
#1189=VERTEX_POINT('',#4113);
#1190=VERTEX_POINT('',#4115);
#1191=VERTEX_POINT('',#4120);
#1192=VERTEX_POINT('',#4121);
#1193=VERTEX_POINT('',#4124);
#1194=VERTEX_POINT('',#4126);
#1195=VERTEX_POINT('',#4130);
#1196=VERTEX_POINT('',#4132);
#1197=VERTEX_POINT('',#4138);
#1198=VERTEX_POINT('',#4171);
#1199=VERTEX_POINT('',#4173);
#1200=VERTEX_POINT('',#4206);
#1201=VERTEX_POINT('',#4208);
#1202=VERTEX_POINT('',#4241);
#1203=VERTEX_POINT('',#4243);
#1204=VERTEX_POINT('',#4276);
#1205=VERTEX_POINT('',#4309);
#1206=VERTEX_POINT('',#4342);
#1207=VERTEX_POINT('',#4344);
#1208=VERTEX_POINT('',#4377);
#1209=VERTEX_POINT('',#4379);
#1210=VERTEX_POINT('',#4412);
#1211=VERTEX_POINT('',#4414);
#1212=VERTEX_POINT('',#4420);
#1213=VERTEX_POINT('',#4424);
#1214=VERTEX_POINT('',#4432);
#1215=VERTEX_POINT('',#4436);
#1216=VERTEX_POINT('',#4442);
#1217=VERTEX_POINT('',#4446);
#1218=VERTEX_POINT('',#4454);
#1219=VERTEX_POINT('',#4458);
#1220=VERTEX_POINT('',#4467);
#1221=VERTEX_POINT('',#4471);
#1222=VERTEX_POINT('',#4475);
#1223=VERTEX_POINT('',#4479);
#1224=VERTEX_POINT('',#4483);
#1225=VERTEX_POINT('',#4485);
#1226=VERTEX_POINT('',#4490);
#1227=VERTEX_POINT('',#4494);
#1228=VERTEX_POINT('',#4498);
#1229=VERTEX_POINT('',#4502);
#1230=VERTEX_POINT('',#4504);
#1231=VERTEX_POINT('',#4506);
#1232=VERTEX_POINT('',#4510);
#1233=VERTEX_POINT('',#4514);
#1234=VERTEX_POINT('',#4515);
#1235=VERTEX_POINT('',#4517);
#1236=VERTEX_POINT('',#4519);
#1237=VERTEX_POINT('',#4521);
#1238=VERTEX_POINT('',#4525);
#1239=VERTEX_POINT('',#4527);
#1240=VERTEX_POINT('',#4531);
#1241=VERTEX_POINT('',#4532);
#1242=VERTEX_POINT('',#4534);
#1243=VERTEX_POINT('',#4536);
#1244=VERTEX_POINT('',#4541);
#1245=VERTEX_POINT('',#4543);
#1246=VERTEX_POINT('',#4547);
#1247=VERTEX_POINT('',#4548);
#1248=VERTEX_POINT('',#4550);
#1249=VERTEX_POINT('',#4552);
#1250=VERTEX_POINT('',#4556);
#1251=VERTEX_POINT('',#4558);
#1252=VERTEX_POINT('',#4560);
#1253=VERTEX_POINT('',#4562);
#1254=VERTEX_POINT('',#4566);
#1255=VERTEX_POINT('',#4569);
#1256=VERTEX_POINT('',#4573);
#1257=VERTEX_POINT('',#4577);
#1258=VERTEX_POINT('',#4578);
#1259=VERTEX_POINT('',#4580);
#1260=VERTEX_POINT('',#4582);
#1261=VERTEX_POINT('',#4589);
#1262=VERTEX_POINT('',#4590);
#1263=VERTEX_POINT('',#4592);
#1264=VERTEX_POINT('',#4594);
#1265=VERTEX_POINT('',#4601);
#1266=VERTEX_POINT('',#4603);
#1267=VERTEX_POINT('',#4606);
#1268=VERTEX_POINT('',#4608);
#1269=VERTEX_POINT('',#4610);
#1270=VERTEX_POINT('',#4614);
#1271=VERTEX_POINT('',#4618);
#1272=VERTEX_POINT('',#4620);
#1273=VERTEX_POINT('',#4625);
#1274=VERTEX_POINT('',#4629);
#1275=VERTEX_POINT('',#4631);
#1276=VERTEX_POINT('',#4633);
#1277=VERTEX_POINT('',#4636);
#1278=VERTEX_POINT('',#4637);
#1279=VERTEX_POINT('',#4639);
#1280=VERTEX_POINT('',#4641);
#1281=VERTEX_POINT('',#4645);
#1282=VERTEX_POINT('',#4647);
#1283=VERTEX_POINT('',#4651);
#1284=VERTEX_POINT('',#4655);
#1285=VERTEX_POINT('',#4659);
#1286=VERTEX_POINT('',#4660);
#1287=VERTEX_POINT('',#4666);
#1288=VERTEX_POINT('',#4674);
#1289=VERTEX_POINT('',#4675);
#1290=VERTEX_POINT('',#4682);
#1291=VERTEX_POINT('',#4694);
#1292=VERTEX_POINT('',#4695);
#1293=VERTEX_POINT('',#4701);
#1294=VERTEX_POINT('',#4705);
#1295=VERTEX_POINT('',#4706);
#1296=VERTEX_POINT('',#4708);
#1297=VERTEX_POINT('',#4710);
#1298=VERTEX_POINT('',#4714);
#1299=VERTEX_POINT('',#4716);
#1300=VERTEX_POINT('',#4727);
#1301=VERTEX_POINT('',#4729);
#1302=VERTEX_POINT('',#4733);
#1303=VERTEX_POINT('',#4737);
#1304=VERTEX_POINT('',#4744);
#1305=VERTEX_POINT('',#4759);
#1306=VERTEX_POINT('',#4777);
#1307=VERTEX_POINT('',#4792);
#1308=VERTEX_POINT('',#4817);
#1309=VERTEX_POINT('',#4825);
#1310=VERTEX_POINT('',#4827);
#1311=VERTEX_POINT('',#4837);
#1312=VERTEX_POINT('',#4841);
#1313=VERTEX_POINT('',#4848);
#1314=VERTEX_POINT('',#4861);
#1315=VERTEX_POINT('',#4862);
#1316=VERTEX_POINT('',#4864);
#1317=VERTEX_POINT('',#4866);
#1318=VERTEX_POINT('',#4870);
#1319=VERTEX_POINT('',#4872);
#1320=VERTEX_POINT('',#4874);
#1321=VERTEX_POINT('',#4878);
#1322=VERTEX_POINT('',#4882);
#1323=VERTEX_POINT('',#4884);
#1324=VERTEX_POINT('',#4893);
#1325=VERTEX_POINT('',#4894);
#1326=VERTEX_POINT('',#4896);
#1327=VERTEX_POINT('',#4898);
#1328=VERTEX_POINT('',#4902);
#1329=VERTEX_POINT('',#4904);
#1330=VERTEX_POINT('',#4908);
#1331=VERTEX_POINT('',#4910);
#1332=EDGE_CURVE('',#1086,#1087,#542,.T.);
#1333=EDGE_CURVE('',#1086,#1088,#543,.T.);
#1334=EDGE_CURVE('',#1089,#1088,#544,.T.);
#1335=EDGE_CURVE('',#1087,#1089,#545,.T.);
#1336=EDGE_CURVE('',#1090,#1086,#546,.T.);
#1337=EDGE_CURVE('',#1090,#1091,#547,.T.);
#1338=EDGE_CURVE('',#1088,#1091,#548,.T.);
#1339=EDGE_CURVE('',#1092,#1090,#549,.T.);
#1340=EDGE_CURVE('',#1092,#1093,#550,.T.);
#1341=EDGE_CURVE('',#1091,#1093,#551,.T.);
#1342=EDGE_CURVE('',#1087,#1092,#552,.T.);
#1343=EDGE_CURVE('',#1093,#1089,#553,.T.);
#1344=EDGE_CURVE('',#1094,#1095,#124,.T.);
#1345=EDGE_CURVE('',#1096,#1094,#554,.T.);
#1346=EDGE_CURVE('',#1096,#1097,#555,.T.);
#1347=EDGE_CURVE('',#1098,#1097,#556,.T.);
#1348=EDGE_CURVE('',#1099,#1098,#125,.T.);
#1349=EDGE_CURVE('',#1100,#1099,#557,.T.);
#1350=EDGE_CURVE('',#1100,#1101,#558,.T.);
#1351=EDGE_CURVE('',#1095,#1101,#559,.T.);
#1352=EDGE_CURVE('',#1097,#1102,#560,.T.);
#1353=EDGE_CURVE('',#1103,#1096,#561,.T.);
#1354=EDGE_CURVE('',#1103,#1102,#562,.T.);
#1355=EDGE_CURVE('',#1104,#1105,#126,.T.);
#1356=EDGE_CURVE('',#1106,#1104,#563,.T.);
#1357=EDGE_CURVE('',#1106,#1107,#564,.T.);
#1358=EDGE_CURVE('',#1108,#1107,#565,.T.);
#1359=EDGE_CURVE('',#1109,#1108,#127,.T.);
#1360=EDGE_CURVE('',#1102,#1109,#566,.T.);
#1361=EDGE_CURVE('',#1105,#1103,#567,.T.);
#1362=EDGE_CURVE('',#1107,#1100,#568,.T.);
#1363=EDGE_CURVE('',#1101,#1106,#569,.T.);
#1364=EDGE_CURVE('',#1110,#1094,#570,.T.);
#1365=EDGE_CURVE('',#1111,#1110,#571,.T.);
#1366=EDGE_CURVE('',#1112,#1111,#572,.T.);
#1367=EDGE_CURVE('',#1113,#1112,#573,.T.);
#1368=EDGE_CURVE('',#1105,#1113,#574,.T.);
#1369=EDGE_CURVE('',#1095,#1114,#575,.T.);
#1370=EDGE_CURVE('',#1114,#1110,#128,.F.);
#1371=EDGE_CURVE('',#1115,#1104,#576,.T.);
#1372=EDGE_CURVE('',#1116,#1115,#577,.T.);
#1373=EDGE_CURVE('',#1117,#1116,#578,.T.);
#1374=EDGE_CURVE('',#1117,#1118,#579,.T.);
#1375=EDGE_CURVE('',#1119,#1118,#129,.T.);
#1376=EDGE_CURVE('',#1119,#1120,#580,.T.);
#1377=EDGE_CURVE('',#1121,#1120,#130,.T.);
#1378=EDGE_CURVE('',#1121,#1122,#581,.T.);
#1379=EDGE_CURVE('',#1123,#1122,#582,.T.);
#1380=EDGE_CURVE('',#1114,#1123,#583,.T.);
#1381=EDGE_CURVE('',#1124,#1124,#131,.T.);
#1382=EDGE_CURVE('',#1125,#1125,#132,.T.);
#1383=EDGE_CURVE('',#1126,#1109,#584,.T.);
#1384=EDGE_CURVE('',#1127,#1126,#585,.T.);
#1385=EDGE_CURVE('',#1128,#1127,#133,.T.);
#1386=EDGE_CURVE('',#1129,#1128,#586,.T.);
#1387=EDGE_CURVE('',#1130,#1129,#587,.T.);
#1388=EDGE_CURVE('',#1131,#1130,#588,.T.);
#1389=EDGE_CURVE('',#1132,#1131,#134,.T.);
#1390=EDGE_CURVE('',#1133,#1132,#589,.T.);
#1391=EDGE_CURVE('',#1134,#1133,#590,.T.);
#1392=EDGE_CURVE('',#1135,#1134,#591,.T.);
#1393=EDGE_CURVE('',#1136,#1135,#135,.T.);
#1394=EDGE_CURVE('',#1137,#1136,#592,.T.);
#1395=EDGE_CURVE('',#1138,#1137,#593,.T.);
#1396=EDGE_CURVE('',#1139,#1138,#594,.T.);
#1397=EDGE_CURVE('',#1140,#1139,#136,.T.);
#1398=EDGE_CURVE('',#1141,#1140,#595,.T.);
#1399=EDGE_CURVE('',#1098,#1141,#596,.T.);
#1400=EDGE_CURVE('',#1108,#1142,#597,.T.);
#1401=EDGE_CURVE('',#1126,#1142,#41,.T.);
#1402=EDGE_CURVE('',#1143,#1141,#42,.T.);
#1403=EDGE_CURVE('',#1143,#1144,#598,.T.);
#1404=EDGE_CURVE('',#1144,#1145,#35,.T.);
#1405=EDGE_CURVE('',#1145,#1146,#599,.T.);
#1406=EDGE_CURVE('',#1147,#1146,#36,.F.);
#1407=EDGE_CURVE('',#1147,#1099,#600,.T.);
#1408=EDGE_CURVE('',#1148,#1149,#137,.T.);
#1409=EDGE_CURVE('',#1148,#1119,#601,.T.);
#1410=EDGE_CURVE('',#1118,#1149,#602,.T.);
#1411=EDGE_CURVE('',#1150,#1117,#603,.T.);
#1412=EDGE_CURVE('',#1151,#1150,#604,.T.);
#1413=EDGE_CURVE('',#1151,#1149,#605,.T.);
#1414=EDGE_CURVE('',#1152,#1153,#138,.T.);
#1415=EDGE_CURVE('',#1152,#1121,#606,.T.);
#1416=EDGE_CURVE('',#1120,#1153,#607,.T.);
#1417=EDGE_CURVE('',#1148,#1153,#608,.T.);
#1418=EDGE_CURVE('',#1154,#1155,#139,.T.);
#1419=EDGE_CURVE('',#1155,#1156,#609,.T.);
#1420=EDGE_CURVE('',#1157,#1156,#140,.F.);
#1421=EDGE_CURVE('',#1154,#1157,#610,.T.);
#1422=EDGE_CURVE('',#1158,#1159,#141,.F.);
#1423=EDGE_CURVE('',#1158,#1160,#611,.T.);
#1424=EDGE_CURVE('',#1160,#1161,#142,.T.);
#1425=EDGE_CURVE('',#1159,#1161,#612,.T.);
#1426=EDGE_CURVE('',#1152,#1162,#613,.T.);
#1427=EDGE_CURVE('',#1163,#1162,#614,.T.);
#1428=EDGE_CURVE('',#1122,#1163,#615,.T.);
#1429=EDGE_CURVE('',#1157,#1151,#616,.T.);
#1430=EDGE_CURVE('',#1158,#1156,#617,.T.);
#1431=EDGE_CURVE('',#1162,#1159,#618,.T.);
#1432=EDGE_CURVE('',#1160,#1155,#619,.T.);
#1433=EDGE_CURVE('',#1164,#1116,#143,.T.);
#1434=EDGE_CURVE('',#1164,#1165,#620,.T.);
#1435=EDGE_CURVE('',#1165,#1166,#621,.T.);
#1436=EDGE_CURVE('',#1166,#1167,#622,.T.);
#1437=EDGE_CURVE('',#1167,#1168,#623,.T.);
#1438=EDGE_CURVE('',#1168,#1150,#624,.T.);
#1439=EDGE_CURVE('',#1163,#1169,#625,.T.);
#1440=EDGE_CURVE('',#1169,#1170,#626,.T.);
#1441=EDGE_CURVE('',#1170,#1171,#627,.T.);
#1442=EDGE_CURVE('',#1171,#1172,#628,.T.);
#1443=EDGE_CURVE('',#1172,#1173,#629,.T.);
#1444=EDGE_CURVE('',#1174,#1173,#144,.T.);
#1445=EDGE_CURVE('',#1174,#1175,#630,.T.);
#1446=EDGE_CURVE('',#1123,#1175,#145,.T.);
#1447=EDGE_CURVE('',#1176,#1168,#631,.T.);
#1448=EDGE_CURVE('',#1151,#1176,#632,.T.);
#1449=EDGE_CURVE('',#1125,#1177,#633,.T.);
#1450=EDGE_CURVE('',#1177,#1177,#146,.T.);
#1451=EDGE_CURVE('',#1124,#1178,#634,.T.);
#1452=EDGE_CURVE('',#1178,#1178,#147,.T.);
#1453=EDGE_CURVE('',#1179,#1162,#635,.T.);
#1454=EDGE_CURVE('',#1179,#1180,#636,.T.);
#1455=EDGE_CURVE('',#1180,#1181,#637,.T.);
#1456=EDGE_CURVE('',#1181,#1169,#638,.T.);
#1457=EDGE_CURVE('',#1161,#1182,#639,.T.);
#1458=EDGE_CURVE('',#1183,#1182,#148,.T.);
#1459=EDGE_CURVE('',#1183,#1179,#640,.T.);
#1460=EDGE_CURVE('',#1184,#1184,#149,.T.);
#1461=EDGE_CURVE('',#1184,#1185,#641,.T.);
#1462=EDGE_CURVE('',#1185,#1185,#150,.T.);
#1463=EDGE_CURVE('',#1186,#1186,#151,.T.);
#1464=EDGE_CURVE('',#1186,#1187,#642,.T.);
#1465=EDGE_CURVE('',#1187,#1187,#152,.T.);
#1466=EDGE_CURVE('',#1188,#1188,#153,.T.);
#1467=EDGE_CURVE('',#1188,#1189,#643,.T.);
#1468=EDGE_CURVE('',#1190,#1189,#154,.T.);
#1469=EDGE_CURVE('',#1189,#1190,#155,.T.);
#1470=EDGE_CURVE('',#1191,#1192,#644,.T.);
#1471=EDGE_CURVE('',#1190,#1192,#645,.T.);
#1472=EDGE_CURVE('',#1193,#1190,#646,.T.);
#1473=EDGE_CURVE('',#1194,#1193,#647,.T.);
#1474=EDGE_CURVE('',#1191,#1194,#648,.T.);
#1475=EDGE_CURVE('',#1195,#1195,#156,.T.);
#1476=EDGE_CURVE('',#1195,#1196,#649,.T.);
#1477=EDGE_CURVE('',#1167,#1196,#157,.T.);
#1478=EDGE_CURVE('',#1196,#1167,#158,.T.);
#1479=EDGE_CURVE('',#1166,#1197,#650,.T.);
#1480=EDGE_CURVE('',#1176,#1197,#651,.T.);
#1481=EDGE_CURVE('',#1198,#1133,#43,.T.);
#1482=EDGE_CURVE('',#1133,#1199,#44,.T.);
#1483=EDGE_CURVE('',#1199,#1198,#159,.T.);
#1484=EDGE_CURVE('',#1200,#1130,#45,.T.);
#1485=EDGE_CURVE('',#1130,#1201,#46,.T.);
#1486=EDGE_CURVE('',#1201,#1200,#160,.T.);
#1487=EDGE_CURVE('',#1202,#1129,#47,.T.);
#1488=EDGE_CURVE('',#1129,#1203,#48,.T.);
#1489=EDGE_CURVE('',#1203,#1202,#161,.T.);
#1490=EDGE_CURVE('',#1204,#1126,#49,.T.);
#1491=EDGE_CURVE('',#1142,#1204,#162,.T.);
#1492=EDGE_CURVE('',#1141,#1205,#50,.T.);
#1493=EDGE_CURVE('',#1205,#1143,#163,.T.);
#1494=EDGE_CURVE('',#1206,#1138,#51,.T.);
#1495=EDGE_CURVE('',#1138,#1207,#52,.T.);
#1496=EDGE_CURVE('',#1207,#1206,#164,.T.);
#1497=EDGE_CURVE('',#1208,#1137,#53,.T.);
#1498=EDGE_CURVE('',#1137,#1209,#54,.T.);
#1499=EDGE_CURVE('',#1209,#1208,#165,.T.);
#1500=EDGE_CURVE('',#1210,#1134,#55,.T.);
#1501=EDGE_CURVE('',#1134,#1211,#56,.T.);
#1502=EDGE_CURVE('',#1211,#1210,#166,.T.);
#1503=EDGE_CURVE('',#1198,#1211,#652,.T.);
#1504=EDGE_CURVE('',#1210,#1212,#653,.T.);
#1505=EDGE_CURVE('',#1212,#1135,#167,.T.);
#1506=EDGE_CURVE('',#1213,#1136,#168,.T.);
#1507=EDGE_CURVE('',#1212,#1213,#169,.T.);
#1508=EDGE_CURVE('',#1213,#1209,#654,.T.);
#1509=EDGE_CURVE('',#1208,#1207,#655,.T.);
#1510=EDGE_CURVE('',#1206,#1214,#656,.T.);
#1511=EDGE_CURVE('',#1214,#1139,#170,.T.);
#1512=EDGE_CURVE('',#1215,#1140,#171,.T.);
#1513=EDGE_CURVE('',#1214,#1215,#172,.T.);
#1514=EDGE_CURVE('',#1215,#1205,#657,.T.);
#1515=EDGE_CURVE('',#1204,#1216,#658,.T.);
#1516=EDGE_CURVE('',#1216,#1127,#173,.T.);
#1517=EDGE_CURVE('',#1217,#1128,#174,.T.);
#1518=EDGE_CURVE('',#1216,#1217,#175,.T.);
#1519=EDGE_CURVE('',#1217,#1203,#659,.T.);
#1520=EDGE_CURVE('',#1202,#1201,#660,.T.);
#1521=EDGE_CURVE('',#1200,#1218,#661,.T.);
#1522=EDGE_CURVE('',#1218,#1131,#176,.T.);
#1523=EDGE_CURVE('',#1219,#1132,#177,.T.);
#1524=EDGE_CURVE('',#1218,#1219,#178,.T.);
#1525=EDGE_CURVE('',#1219,#1199,#662,.T.);
#1526=EDGE_CURVE('',#1205,#1183,#663,.T.);
#1527=EDGE_CURVE('',#1182,#1143,#664,.T.);
#1528=EDGE_CURVE('',#1215,#1220,#665,.T.);
#1529=EDGE_CURVE('',#1180,#1220,#666,.T.);
#1530=EDGE_CURVE('',#1214,#1221,#667,.T.);
#1531=EDGE_CURVE('',#1220,#1221,#179,.T.);
#1532=EDGE_CURVE('',#1222,#1206,#668,.T.);
#1533=EDGE_CURVE('',#1221,#1222,#669,.T.);
#1534=EDGE_CURVE('',#1207,#1223,#670,.T.);
#1535=EDGE_CURVE('',#1223,#1222,#180,.T.);
#1536=EDGE_CURVE('',#1224,#1208,#671,.T.);
#1537=EDGE_CURVE('',#1224,#1225,#672,.T.);
#1538=EDGE_CURVE('',#1225,#1170,#673,.T.);
#1539=EDGE_CURVE('',#1181,#1223,#674,.T.);
#1540=EDGE_CURVE('',#1209,#1226,#675,.T.);
#1541=EDGE_CURVE('',#1226,#1224,#181,.T.);
#1542=EDGE_CURVE('',#1213,#1227,#676,.T.);
#1543=EDGE_CURVE('',#1226,#1227,#677,.T.);
#1544=EDGE_CURVE('',#1212,#1228,#678,.T.);
#1545=EDGE_CURVE('',#1227,#1228,#182,.T.);
#1546=EDGE_CURVE('',#1229,#1210,#679,.T.);
#1547=EDGE_CURVE('',#1230,#1229,#680,.T.);
#1548=EDGE_CURVE('',#1231,#1230,#681,.T.);
#1549=EDGE_CURVE('',#1228,#1231,#682,.T.);
#1550=EDGE_CURVE('',#1211,#1232,#683,.T.);
#1551=EDGE_CURVE('',#1232,#1229,#183,.T.);
#1552=EDGE_CURVE('',#1233,#1234,#184,.T.);
#1553=EDGE_CURVE('',#1234,#1235,#684,.T.);
#1554=EDGE_CURVE('',#1235,#1236,#185,.T.);
#1555=EDGE_CURVE('',#1237,#1236,#685,.T.);
#1556=EDGE_CURVE('',#1237,#1233,#686,.T.);
#1557=EDGE_CURVE('',#1238,#1234,#687,.T.);
#1558=EDGE_CURVE('',#1239,#1238,#688,.T.);
#1559=EDGE_CURVE('',#1235,#1239,#689,.T.);
#1560=EDGE_CURVE('',#1240,#1241,#186,.T.);
#1561=EDGE_CURVE('',#1241,#1242,#690,.T.);
#1562=EDGE_CURVE('',#1242,#1243,#187,.T.);
#1563=EDGE_CURVE('',#1243,#1240,#691,.T.);
#1564=EDGE_CURVE('',#1172,#1241,#692,.T.);
#1565=EDGE_CURVE('',#1244,#1171,#693,.T.);
#1566=EDGE_CURVE('',#1245,#1244,#694,.T.);
#1567=EDGE_CURVE('',#1242,#1245,#695,.T.);
#1568=EDGE_CURVE('',#1246,#1247,#188,.T.);
#1569=EDGE_CURVE('',#1247,#1248,#696,.T.);
#1570=EDGE_CURVE('',#1248,#1249,#189,.T.);
#1571=EDGE_CURVE('',#1249,#1246,#697,.T.);
#1572=EDGE_CURVE('',#1250,#1247,#698,.T.);
#1573=EDGE_CURVE('',#1251,#1250,#699,.T.);
#1574=EDGE_CURVE('',#1252,#1251,#700,.T.);
#1575=EDGE_CURVE('',#1253,#1252,#701,.T.);
#1576=EDGE_CURVE('',#1248,#1253,#702,.T.);
#1577=EDGE_CURVE('',#1238,#1254,#190,.T.);
#1578=EDGE_CURVE('',#1254,#1191,#703,.T.);
#1579=EDGE_CURVE('',#1255,#1191,#704,.T.);
#1580=EDGE_CURVE('',#1255,#1239,#191,.T.);
#1581=EDGE_CURVE('',#1256,#1254,#705,.T.);
#1582=EDGE_CURVE('',#1192,#1256,#706,.T.);
#1583=EDGE_CURVE('',#1257,#1258,#192,.T.);
#1584=EDGE_CURVE('',#1258,#1259,#707,.T.);
#1585=EDGE_CURVE('',#1259,#1260,#193,.T.);
#1586=EDGE_CURVE('',#1260,#1257,#708,.T.);
#1587=EDGE_CURVE('',#1259,#1243,#709,.T.);
#1588=EDGE_CURVE('',#1240,#1258,#710,.T.);
#1589=EDGE_CURVE('',#1261,#1262,#194,.T.);
#1590=EDGE_CURVE('',#1262,#1263,#711,.T.);
#1591=EDGE_CURVE('',#1263,#1264,#195,.T.);
#1592=EDGE_CURVE('',#1264,#1261,#712,.T.);
#1593=EDGE_CURVE('',#1263,#1249,#713,.T.);
#1594=EDGE_CURVE('',#1246,#1262,#714,.T.);
#1595=EDGE_CURVE('',#1147,#1265,#196,.T.);
#1596=EDGE_CURVE('',#1265,#1266,#715,.T.);
#1597=EDGE_CURVE('',#1266,#1144,#197,.T.);
#1598=EDGE_CURVE('',#1267,#1154,#716,.T.);
#1599=EDGE_CURVE('',#1268,#1267,#717,.T.);
#1600=EDGE_CURVE('',#1268,#1269,#718,.T.);
#1601=EDGE_CURVE('',#1142,#1269,#719,.T.);
#1602=EDGE_CURVE('',#1269,#1270,#198,.T.);
#1603=EDGE_CURVE('',#1270,#1204,#720,.T.);
#1604=EDGE_CURVE('',#1203,#1271,#721,.T.);
#1605=EDGE_CURVE('',#1271,#1272,#199,.T.);
#1606=EDGE_CURVE('',#1272,#1202,#722,.T.);
#1607=EDGE_CURVE('',#1272,#1268,#723,.T.);
#1608=EDGE_CURVE('',#1273,#1267,#724,.T.);
#1609=EDGE_CURVE('',#1273,#1264,#725,.T.);
#1610=EDGE_CURVE('',#1236,#1253,#726,.T.);
#1611=EDGE_CURVE('',#1274,#1255,#727,.T.);
#1612=EDGE_CURVE('',#1275,#1274,#728,.T.);
#1613=EDGE_CURVE('',#1275,#1276,#729,.T.);
#1614=EDGE_CURVE('',#1201,#1276,#730,.T.);
#1615=EDGE_CURVE('',#1277,#1278,#731,.T.);
#1616=EDGE_CURVE('',#1278,#1279,#732,.T.);
#1617=EDGE_CURVE('',#1279,#1280,#733,.T.);
#1618=EDGE_CURVE('',#1280,#1277,#734,.T.);
#1619=EDGE_CURVE('',#1199,#1281,#735,.T.);
#1620=EDGE_CURVE('',#1281,#1282,#200,.T.);
#1621=EDGE_CURVE('',#1282,#1198,#736,.T.);
#1622=EDGE_CURVE('',#1219,#1283,#737,.T.);
#1623=EDGE_CURVE('',#1281,#1283,#738,.T.);
#1624=EDGE_CURVE('',#1276,#1284,#201,.T.);
#1625=EDGE_CURVE('',#1284,#1200,#739,.T.);
#1626=EDGE_CURVE('',#1285,#1286,#202,.F.);
#1627=EDGE_CURVE('',#1112,#1285,#203,.F.);
#1628=EDGE_CURVE('',#1286,#1112,#204,.F.);
#1629=EDGE_CURVE('',#1113,#1115,#205,.F.);
#1630=EDGE_CURVE('',#1287,#1113,#206,.F.);
#1631=EDGE_CURVE('',#1115,#1287,#207,.F.);
#1632=EDGE_CURVE('',#1285,#1287,#740,.T.);
#1633=EDGE_CURVE('',#1287,#1164,#741,.T.);
#1634=EDGE_CURVE('',#1288,#1289,#208,.F.);
#1635=EDGE_CURVE('',#1111,#1288,#209,.F.);
#1636=EDGE_CURVE('',#1289,#1111,#210,.F.);
#1637=EDGE_CURVE('',#1288,#1286,#742,.T.);
#1638=EDGE_CURVE('',#1290,#1114,#211,.F.);
#1639=EDGE_CURVE('',#1110,#1290,#212,.F.);
#1640=EDGE_CURVE('',#1290,#1289,#743,.T.);
#1641=EDGE_CURVE('',#1175,#1290,#744,.T.);
#1642=EDGE_CURVE('',#1173,#1288,#745,.T.);
#1643=EDGE_CURVE('',#1289,#1174,#746,.T.);
#1644=EDGE_CURVE('',#1291,#1292,#213,.T.);
#1645=EDGE_CURVE('',#1292,#1285,#747,.T.);
#1646=EDGE_CURVE('',#1286,#1291,#748,.T.);
#1647=EDGE_CURVE('',#1256,#1292,#749,.T.);
#1648=EDGE_CURVE('',#1233,#1293,#750,.T.);
#1649=EDGE_CURVE('',#1250,#1293,#751,.T.);
#1650=EDGE_CURVE('',#1261,#1165,#752,.T.);
#1651=EDGE_CURVE('',#1294,#1295,#753,.T.);
#1652=EDGE_CURVE('',#1296,#1295,#754,.T.);
#1653=EDGE_CURVE('',#1296,#1297,#755,.T.);
#1654=EDGE_CURVE('',#1294,#1297,#756,.T.);
#1655=EDGE_CURVE('',#1291,#1298,#757,.T.);
#1656=EDGE_CURVE('',#1298,#1299,#758,.T.);
#1657=EDGE_CURVE('',#1299,#1193,#759,.T.);
#1658=EDGE_CURVE('',#1257,#1298,#760,.T.);
#1659=EDGE_CURVE('',#1225,#1231,#761,.T.);
#1660=EDGE_CURVE('',#1244,#1230,#762,.T.);
#1661=EDGE_CURVE('',#1145,#1300,#763,.T.);
#1662=EDGE_CURVE('',#1300,#1301,#764,.T.);
#1663=EDGE_CURVE('',#1146,#1301,#765,.F.);
#1664=EDGE_CURVE('',#1266,#1302,#766,.T.);
#1665=EDGE_CURVE('',#1302,#1300,#214,.T.);
#1666=EDGE_CURVE('',#1265,#1303,#767,.T.);
#1667=EDGE_CURVE('',#1303,#1302,#768,.T.);
#1668=EDGE_CURVE('',#1301,#1303,#215,.T.);
#1669=EDGE_CURVE('',#1294,#1304,#37,.T.);
#1670=EDGE_CURVE('',#1297,#1305,#38,.F.);
#1671=EDGE_CURVE('',#1305,#1279,#216,.F.);
#1672=EDGE_CURVE('',#1304,#1278,#217,.T.);
#1673=EDGE_CURVE('',#1296,#1306,#39,.T.);
#1674=EDGE_CURVE('',#1295,#1307,#40,.F.);
#1675=EDGE_CURVE('',#1307,#1277,#218,.F.);
#1676=EDGE_CURVE('',#1306,#1280,#219,.T.);
#1677=EDGE_CURVE('',#1304,#1307,#769,.F.);
#1678=EDGE_CURVE('',#1306,#1305,#770,.F.);
#1679=EDGE_CURVE('',#1197,#1273,#771,.T.);
#1680=EDGE_CURVE('',#1308,#1237,#772,.T.);
#1681=EDGE_CURVE('',#1293,#1308,#773,.T.);
#1682=EDGE_CURVE('',#1308,#1251,#774,.T.);
#1683=EDGE_CURVE('',#1252,#1237,#775,.T.);
#1684=EDGE_CURVE('',#1194,#1309,#776,.T.);
#1685=EDGE_CURVE('',#1309,#1310,#777,.T.);
#1686=EDGE_CURVE('',#1310,#1274,#778,.T.);
#1687=EDGE_CURVE('',#1310,#1260,#779,.T.);
#1688=EDGE_CURVE('',#1299,#1309,#780,.T.);
#1689=EDGE_CURVE('',#1311,#1270,#781,.T.);
#1690=EDGE_CURVE('',#1216,#1311,#782,.T.);
#1691=EDGE_CURVE('',#1312,#1311,#220,.T.);
#1692=EDGE_CURVE('',#1217,#1312,#783,.T.);
#1693=EDGE_CURVE('',#1271,#1312,#784,.T.);
#1694=EDGE_CURVE('',#1313,#1284,#785,.T.);
#1695=EDGE_CURVE('',#1218,#1313,#786,.T.);
#1696=EDGE_CURVE('',#1283,#1313,#221,.T.);
#1697=EDGE_CURVE('',#1282,#1275,#787,.T.);
#1698=EDGE_CURVE('',#1232,#1245,#788,.T.);
#1699=EDGE_CURVE('',#1314,#1315,#222,.T.);
#1700=EDGE_CURVE('',#1315,#1316,#789,.T.);
#1701=EDGE_CURVE('',#1316,#1317,#223,.T.);
#1702=EDGE_CURVE('',#1317,#1314,#790,.T.);
#1703=EDGE_CURVE('',#1314,#1318,#791,.T.);
#1704=EDGE_CURVE('',#1319,#1318,#792,.T.);
#1705=EDGE_CURVE('',#1320,#1319,#793,.T.);
#1706=EDGE_CURVE('',#1315,#1320,#794,.T.);
#1707=EDGE_CURVE('',#1317,#1321,#795,.T.);
#1708=EDGE_CURVE('',#1318,#1321,#796,.T.);
#1709=EDGE_CURVE('',#1320,#1322,#797,.T.);
#1710=EDGE_CURVE('',#1323,#1319,#798,.T.);
#1711=EDGE_CURVE('',#1322,#1323,#799,.T.);
#1712=EDGE_CURVE('',#1322,#1316,#800,.T.);
#1713=EDGE_CURVE('',#1321,#1323,#801,.T.);
#1714=EDGE_CURVE('',#1324,#1325,#802,.T.);
#1715=EDGE_CURVE('',#1324,#1326,#803,.T.);
#1716=EDGE_CURVE('',#1327,#1326,#804,.T.);
#1717=EDGE_CURVE('',#1325,#1327,#805,.T.);
#1718=EDGE_CURVE('',#1325,#1328,#806,.T.);
#1719=EDGE_CURVE('',#1329,#1327,#807,.T.);
#1720=EDGE_CURVE('',#1328,#1329,#808,.T.);
#1721=EDGE_CURVE('',#1328,#1330,#809,.T.);
#1722=EDGE_CURVE('',#1331,#1329,#810,.T.);
#1723=EDGE_CURVE('',#1330,#1331,#811,.T.);
#1724=EDGE_CURVE('',#1330,#1324,#812,.T.);
#1725=EDGE_CURVE('',#1326,#1331,#813,.T.);
#1726=ORIENTED_EDGE('',*,*,#1332,.F.);
#1727=ORIENTED_EDGE('',*,*,#1333,.T.);
#1728=ORIENTED_EDGE('',*,*,#1334,.F.);
#1729=ORIENTED_EDGE('',*,*,#1335,.F.);
#1730=ORIENTED_EDGE('',*,*,#1336,.F.);
#1731=ORIENTED_EDGE('',*,*,#1337,.T.);
#1732=ORIENTED_EDGE('',*,*,#1338,.F.);
#1733=ORIENTED_EDGE('',*,*,#1333,.F.);
#1734=ORIENTED_EDGE('',*,*,#1339,.F.);
#1735=ORIENTED_EDGE('',*,*,#1340,.T.);
#1736=ORIENTED_EDGE('',*,*,#1341,.F.);
#1737=ORIENTED_EDGE('',*,*,#1337,.F.);
#1738=ORIENTED_EDGE('',*,*,#1342,.F.);
#1739=ORIENTED_EDGE('',*,*,#1335,.T.);
#1740=ORIENTED_EDGE('',*,*,#1343,.F.);
#1741=ORIENTED_EDGE('',*,*,#1340,.F.);
#1742=ORIENTED_EDGE('',*,*,#1344,.F.);
#1743=ORIENTED_EDGE('',*,*,#1345,.F.);
#1744=ORIENTED_EDGE('',*,*,#1346,.T.);
#1745=ORIENTED_EDGE('',*,*,#1347,.F.);
#1746=ORIENTED_EDGE('',*,*,#1348,.F.);
#1747=ORIENTED_EDGE('',*,*,#1349,.F.);
#1748=ORIENTED_EDGE('',*,*,#1350,.T.);
#1749=ORIENTED_EDGE('',*,*,#1351,.F.);
#1750=ORIENTED_EDGE('',*,*,#1352,.F.);
#1751=ORIENTED_EDGE('',*,*,#1346,.F.);
#1752=ORIENTED_EDGE('',*,*,#1353,.F.);
#1753=ORIENTED_EDGE('',*,*,#1354,.T.);
#1754=ORIENTED_EDGE('',*,*,#1355,.F.);
#1755=ORIENTED_EDGE('',*,*,#1356,.F.);
#1756=ORIENTED_EDGE('',*,*,#1357,.T.);
#1757=ORIENTED_EDGE('',*,*,#1358,.F.);
#1758=ORIENTED_EDGE('',*,*,#1359,.F.);
#1759=ORIENTED_EDGE('',*,*,#1360,.F.);
#1760=ORIENTED_EDGE('',*,*,#1354,.F.);
#1761=ORIENTED_EDGE('',*,*,#1361,.F.);
#1762=ORIENTED_EDGE('',*,*,#1362,.F.);
#1763=ORIENTED_EDGE('',*,*,#1357,.F.);
#1764=ORIENTED_EDGE('',*,*,#1363,.F.);
#1765=ORIENTED_EDGE('',*,*,#1350,.F.);
#1766=ORIENTED_EDGE('',*,*,#1361,.T.);
#1767=ORIENTED_EDGE('',*,*,#1353,.T.);
#1768=ORIENTED_EDGE('',*,*,#1345,.T.);
#1769=ORIENTED_EDGE('',*,*,#1364,.F.);
#1770=ORIENTED_EDGE('',*,*,#1365,.F.);
#1771=ORIENTED_EDGE('',*,*,#1366,.F.);
#1772=ORIENTED_EDGE('',*,*,#1367,.F.);
#1773=ORIENTED_EDGE('',*,*,#1368,.F.);
#1774=ORIENTED_EDGE('',*,*,#1344,.T.);
#1775=ORIENTED_EDGE('',*,*,#1369,.T.);
#1776=ORIENTED_EDGE('',*,*,#1370,.T.);
#1777=ORIENTED_EDGE('',*,*,#1364,.T.);
#1778=ORIENTED_EDGE('',*,*,#1351,.T.);
#1779=ORIENTED_EDGE('',*,*,#1363,.T.);
#1780=ORIENTED_EDGE('',*,*,#1356,.T.);
#1781=ORIENTED_EDGE('',*,*,#1371,.F.);
#1782=ORIENTED_EDGE('',*,*,#1372,.F.);
#1783=ORIENTED_EDGE('',*,*,#1373,.F.);
#1784=ORIENTED_EDGE('',*,*,#1374,.T.);
#1785=ORIENTED_EDGE('',*,*,#1375,.F.);
#1786=ORIENTED_EDGE('',*,*,#1376,.T.);
#1787=ORIENTED_EDGE('',*,*,#1377,.F.);
#1788=ORIENTED_EDGE('',*,*,#1378,.T.);
#1789=ORIENTED_EDGE('',*,*,#1379,.F.);
#1790=ORIENTED_EDGE('',*,*,#1380,.F.);
#1791=ORIENTED_EDGE('',*,*,#1369,.F.);
#1792=ORIENTED_EDGE('',*,*,#1332,.T.);
#1793=ORIENTED_EDGE('',*,*,#1342,.T.);
#1794=ORIENTED_EDGE('',*,*,#1339,.T.);
#1795=ORIENTED_EDGE('',*,*,#1336,.T.);
#1796=ORIENTED_EDGE('',*,*,#1381,.T.);
#1797=ORIENTED_EDGE('',*,*,#1382,.T.);
#1798=ORIENTED_EDGE('',*,*,#1347,.T.);
#1799=ORIENTED_EDGE('',*,*,#1352,.T.);
#1800=ORIENTED_EDGE('',*,*,#1360,.T.);
#1801=ORIENTED_EDGE('',*,*,#1383,.F.);
#1802=ORIENTED_EDGE('',*,*,#1384,.F.);
#1803=ORIENTED_EDGE('',*,*,#1385,.F.);
#1804=ORIENTED_EDGE('',*,*,#1386,.F.);
#1805=ORIENTED_EDGE('',*,*,#1387,.F.);
#1806=ORIENTED_EDGE('',*,*,#1388,.F.);
#1807=ORIENTED_EDGE('',*,*,#1389,.F.);
#1808=ORIENTED_EDGE('',*,*,#1390,.F.);
#1809=ORIENTED_EDGE('',*,*,#1391,.F.);
#1810=ORIENTED_EDGE('',*,*,#1392,.F.);
#1811=ORIENTED_EDGE('',*,*,#1393,.F.);
#1812=ORIENTED_EDGE('',*,*,#1394,.F.);
#1813=ORIENTED_EDGE('',*,*,#1395,.F.);
#1814=ORIENTED_EDGE('',*,*,#1396,.F.);
#1815=ORIENTED_EDGE('',*,*,#1397,.F.);
#1816=ORIENTED_EDGE('',*,*,#1398,.F.);
#1817=ORIENTED_EDGE('',*,*,#1399,.F.);
#1818=ORIENTED_EDGE('',*,*,#1359,.T.);
#1819=ORIENTED_EDGE('',*,*,#1400,.T.);
#1820=ORIENTED_EDGE('',*,*,#1401,.F.);
#1821=ORIENTED_EDGE('',*,*,#1383,.T.);
#1822=ORIENTED_EDGE('',*,*,#1348,.T.);
#1823=ORIENTED_EDGE('',*,*,#1399,.T.);
#1824=ORIENTED_EDGE('',*,*,#1402,.F.);
#1825=ORIENTED_EDGE('',*,*,#1403,.T.);
#1826=ORIENTED_EDGE('',*,*,#1404,.T.);
#1827=ORIENTED_EDGE('',*,*,#1405,.T.);
#1828=ORIENTED_EDGE('',*,*,#1406,.F.);
#1829=ORIENTED_EDGE('',*,*,#1407,.T.);
#1830=ORIENTED_EDGE('',*,*,#1408,.F.);
#1831=ORIENTED_EDGE('',*,*,#1409,.T.);
#1832=ORIENTED_EDGE('',*,*,#1375,.T.);
#1833=ORIENTED_EDGE('',*,*,#1410,.T.);
#1834=ORIENTED_EDGE('',*,*,#1410,.F.);
#1835=ORIENTED_EDGE('',*,*,#1374,.F.);
#1836=ORIENTED_EDGE('',*,*,#1411,.F.);
#1837=ORIENTED_EDGE('',*,*,#1412,.F.);
#1838=ORIENTED_EDGE('',*,*,#1413,.T.);
#1839=ORIENTED_EDGE('',*,*,#1414,.F.);
#1840=ORIENTED_EDGE('',*,*,#1415,.T.);
#1841=ORIENTED_EDGE('',*,*,#1377,.T.);
#1842=ORIENTED_EDGE('',*,*,#1416,.T.);
#1843=ORIENTED_EDGE('',*,*,#1409,.F.);
#1844=ORIENTED_EDGE('',*,*,#1417,.T.);
#1845=ORIENTED_EDGE('',*,*,#1416,.F.);
#1846=ORIENTED_EDGE('',*,*,#1376,.F.);
#1847=ORIENTED_EDGE('',*,*,#1418,.T.);
#1848=ORIENTED_EDGE('',*,*,#1419,.T.);
#1849=ORIENTED_EDGE('',*,*,#1420,.F.);
#1850=ORIENTED_EDGE('',*,*,#1421,.F.);
#1851=ORIENTED_EDGE('',*,*,#1422,.F.);
#1852=ORIENTED_EDGE('',*,*,#1423,.T.);
#1853=ORIENTED_EDGE('',*,*,#1424,.T.);
#1854=ORIENTED_EDGE('',*,*,#1425,.F.);
#1855=ORIENTED_EDGE('',*,*,#1415,.F.);
#1856=ORIENTED_EDGE('',*,*,#1426,.T.);
#1857=ORIENTED_EDGE('',*,*,#1427,.F.);
#1858=ORIENTED_EDGE('',*,*,#1428,.F.);
#1859=ORIENTED_EDGE('',*,*,#1378,.F.);
#1860=ORIENTED_EDGE('',*,*,#1408,.T.);
#1861=ORIENTED_EDGE('',*,*,#1413,.F.);
#1862=ORIENTED_EDGE('',*,*,#1429,.F.);
#1863=ORIENTED_EDGE('',*,*,#1420,.T.);
#1864=ORIENTED_EDGE('',*,*,#1430,.F.);
#1865=ORIENTED_EDGE('',*,*,#1422,.T.);
#1866=ORIENTED_EDGE('',*,*,#1431,.F.);
#1867=ORIENTED_EDGE('',*,*,#1426,.F.);
#1868=ORIENTED_EDGE('',*,*,#1414,.T.);
#1869=ORIENTED_EDGE('',*,*,#1417,.F.);
#1870=ORIENTED_EDGE('',*,*,#1419,.F.);
#1871=ORIENTED_EDGE('',*,*,#1432,.F.);
#1872=ORIENTED_EDGE('',*,*,#1423,.F.);
#1873=ORIENTED_EDGE('',*,*,#1430,.T.);
#1874=ORIENTED_EDGE('',*,*,#1411,.T.);
#1875=ORIENTED_EDGE('',*,*,#1373,.T.);
#1876=ORIENTED_EDGE('',*,*,#1433,.F.);
#1877=ORIENTED_EDGE('',*,*,#1434,.T.);
#1878=ORIENTED_EDGE('',*,*,#1435,.T.);
#1879=ORIENTED_EDGE('',*,*,#1436,.T.);
#1880=ORIENTED_EDGE('',*,*,#1437,.T.);
#1881=ORIENTED_EDGE('',*,*,#1438,.T.);
#1882=ORIENTED_EDGE('',*,*,#1428,.T.);
#1883=ORIENTED_EDGE('',*,*,#1439,.T.);
#1884=ORIENTED_EDGE('',*,*,#1440,.T.);
#1885=ORIENTED_EDGE('',*,*,#1441,.T.);
#1886=ORIENTED_EDGE('',*,*,#1442,.T.);
#1887=ORIENTED_EDGE('',*,*,#1443,.T.);
#1888=ORIENTED_EDGE('',*,*,#1444,.F.);
#1889=ORIENTED_EDGE('',*,*,#1445,.T.);
#1890=ORIENTED_EDGE('',*,*,#1446,.F.);
#1891=ORIENTED_EDGE('',*,*,#1379,.T.);
#1892=ORIENTED_EDGE('',*,*,#1412,.T.);
#1893=ORIENTED_EDGE('',*,*,#1438,.F.);
#1894=ORIENTED_EDGE('',*,*,#1447,.F.);
#1895=ORIENTED_EDGE('',*,*,#1448,.F.);
#1896=ORIENTED_EDGE('',*,*,#1382,.F.);
#1897=ORIENTED_EDGE('',*,*,#1449,.T.);
#1898=ORIENTED_EDGE('',*,*,#1450,.F.);
#1899=ORIENTED_EDGE('',*,*,#1449,.F.);
#1900=ORIENTED_EDGE('',*,*,#1381,.F.);
#1901=ORIENTED_EDGE('',*,*,#1451,.T.);
#1902=ORIENTED_EDGE('',*,*,#1452,.F.);
#1903=ORIENTED_EDGE('',*,*,#1451,.F.);
#1904=ORIENTED_EDGE('',*,*,#1427,.T.);
#1905=ORIENTED_EDGE('',*,*,#1453,.F.);
#1906=ORIENTED_EDGE('',*,*,#1454,.T.);
#1907=ORIENTED_EDGE('',*,*,#1455,.T.);
#1908=ORIENTED_EDGE('',*,*,#1456,.T.);
#1909=ORIENTED_EDGE('',*,*,#1439,.F.);
#1910=ORIENTED_EDGE('',*,*,#1334,.T.);
#1911=ORIENTED_EDGE('',*,*,#1338,.T.);
#1912=ORIENTED_EDGE('',*,*,#1341,.T.);
#1913=ORIENTED_EDGE('',*,*,#1343,.T.);
#1914=ORIENTED_EDGE('',*,*,#1425,.T.);
#1915=ORIENTED_EDGE('',*,*,#1457,.T.);
#1916=ORIENTED_EDGE('',*,*,#1458,.F.);
#1917=ORIENTED_EDGE('',*,*,#1459,.T.);
#1918=ORIENTED_EDGE('',*,*,#1453,.T.);
#1919=ORIENTED_EDGE('',*,*,#1431,.T.);
#1920=ORIENTED_EDGE('',*,*,#1460,.F.);
#1921=ORIENTED_EDGE('',*,*,#1461,.T.);
#1922=ORIENTED_EDGE('',*,*,#1462,.T.);
#1923=ORIENTED_EDGE('',*,*,#1461,.F.);
#1924=ORIENTED_EDGE('',*,*,#1462,.F.);
#1925=ORIENTED_EDGE('',*,*,#1463,.F.);
#1926=ORIENTED_EDGE('',*,*,#1464,.T.);
#1927=ORIENTED_EDGE('',*,*,#1465,.T.);
#1928=ORIENTED_EDGE('',*,*,#1464,.F.);
#1929=ORIENTED_EDGE('',*,*,#1465,.F.);
#1930=ORIENTED_EDGE('',*,*,#1466,.F.);
#1931=ORIENTED_EDGE('',*,*,#1467,.T.);
#1932=ORIENTED_EDGE('',*,*,#1468,.F.);
#1933=ORIENTED_EDGE('',*,*,#1469,.F.);
#1934=ORIENTED_EDGE('',*,*,#1467,.F.);
#1935=ORIENTED_EDGE('',*,*,#1466,.T.);
#1936=ORIENTED_EDGE('',*,*,#1470,.T.);
#1937=ORIENTED_EDGE('',*,*,#1471,.F.);
#1938=ORIENTED_EDGE('',*,*,#1468,.T.);
#1939=ORIENTED_EDGE('',*,*,#1469,.T.);
#1940=ORIENTED_EDGE('',*,*,#1472,.F.);
#1941=ORIENTED_EDGE('',*,*,#1473,.F.);
#1942=ORIENTED_EDGE('',*,*,#1474,.F.);
#1943=ORIENTED_EDGE('',*,*,#1475,.F.);
#1944=ORIENTED_EDGE('',*,*,#1476,.T.);
#1945=ORIENTED_EDGE('',*,*,#1477,.F.);
#1946=ORIENTED_EDGE('',*,*,#1478,.F.);
#1947=ORIENTED_EDGE('',*,*,#1476,.F.);
#1948=ORIENTED_EDGE('',*,*,#1475,.T.);
#1949=ORIENTED_EDGE('',*,*,#1479,.T.);
#1950=ORIENTED_EDGE('',*,*,#1480,.F.);
#1951=ORIENTED_EDGE('',*,*,#1447,.T.);
#1952=ORIENTED_EDGE('',*,*,#1437,.F.);
#1953=ORIENTED_EDGE('',*,*,#1477,.T.);
#1954=ORIENTED_EDGE('',*,*,#1478,.T.);
#1955=ORIENTED_EDGE('',*,*,#1436,.F.);
#1956=ORIENTED_EDGE('',*,*,#1481,.T.);
#1957=ORIENTED_EDGE('',*,*,#1482,.T.);
#1958=ORIENTED_EDGE('',*,*,#1483,.T.);
#1959=ORIENTED_EDGE('',*,*,#1484,.T.);
#1960=ORIENTED_EDGE('',*,*,#1485,.T.);
#1961=ORIENTED_EDGE('',*,*,#1486,.T.);
#1962=ORIENTED_EDGE('',*,*,#1487,.T.);
#1963=ORIENTED_EDGE('',*,*,#1488,.T.);
#1964=ORIENTED_EDGE('',*,*,#1489,.T.);
#1965=ORIENTED_EDGE('',*,*,#1490,.T.);
#1966=ORIENTED_EDGE('',*,*,#1401,.T.);
#1967=ORIENTED_EDGE('',*,*,#1491,.T.);
#1968=ORIENTED_EDGE('',*,*,#1402,.T.);
#1969=ORIENTED_EDGE('',*,*,#1492,.T.);
#1970=ORIENTED_EDGE('',*,*,#1493,.T.);
#1971=ORIENTED_EDGE('',*,*,#1494,.T.);
#1972=ORIENTED_EDGE('',*,*,#1495,.T.);
#1973=ORIENTED_EDGE('',*,*,#1496,.T.);
#1974=ORIENTED_EDGE('',*,*,#1497,.T.);
#1975=ORIENTED_EDGE('',*,*,#1498,.T.);
#1976=ORIENTED_EDGE('',*,*,#1499,.T.);
#1977=ORIENTED_EDGE('',*,*,#1500,.T.);
#1978=ORIENTED_EDGE('',*,*,#1501,.T.);
#1979=ORIENTED_EDGE('',*,*,#1502,.T.);
#1980=ORIENTED_EDGE('',*,*,#1481,.F.);
#1981=ORIENTED_EDGE('',*,*,#1503,.T.);
#1982=ORIENTED_EDGE('',*,*,#1501,.F.);
#1983=ORIENTED_EDGE('',*,*,#1391,.T.);
#1984=ORIENTED_EDGE('',*,*,#1500,.F.);
#1985=ORIENTED_EDGE('',*,*,#1504,.T.);
#1986=ORIENTED_EDGE('',*,*,#1505,.T.);
#1987=ORIENTED_EDGE('',*,*,#1392,.T.);
#1988=ORIENTED_EDGE('',*,*,#1506,.T.);
#1989=ORIENTED_EDGE('',*,*,#1393,.T.);
#1990=ORIENTED_EDGE('',*,*,#1505,.F.);
#1991=ORIENTED_EDGE('',*,*,#1507,.T.);
#1992=ORIENTED_EDGE('',*,*,#1498,.F.);
#1993=ORIENTED_EDGE('',*,*,#1394,.T.);
#1994=ORIENTED_EDGE('',*,*,#1506,.F.);
#1995=ORIENTED_EDGE('',*,*,#1508,.T.);
#1996=ORIENTED_EDGE('',*,*,#1495,.F.);
#1997=ORIENTED_EDGE('',*,*,#1395,.T.);
#1998=ORIENTED_EDGE('',*,*,#1497,.F.);
#1999=ORIENTED_EDGE('',*,*,#1509,.T.);
#2000=ORIENTED_EDGE('',*,*,#1494,.F.);
#2001=ORIENTED_EDGE('',*,*,#1510,.T.);
#2002=ORIENTED_EDGE('',*,*,#1511,.T.);
#2003=ORIENTED_EDGE('',*,*,#1396,.T.);
#2004=ORIENTED_EDGE('',*,*,#1512,.T.);
#2005=ORIENTED_EDGE('',*,*,#1397,.T.);
#2006=ORIENTED_EDGE('',*,*,#1511,.F.);
#2007=ORIENTED_EDGE('',*,*,#1513,.T.);
#2008=ORIENTED_EDGE('',*,*,#1492,.F.);
#2009=ORIENTED_EDGE('',*,*,#1398,.T.);
#2010=ORIENTED_EDGE('',*,*,#1512,.F.);
#2011=ORIENTED_EDGE('',*,*,#1514,.T.);
#2012=ORIENTED_EDGE('',*,*,#1490,.F.);
#2013=ORIENTED_EDGE('',*,*,#1515,.T.);
#2014=ORIENTED_EDGE('',*,*,#1516,.T.);
#2015=ORIENTED_EDGE('',*,*,#1384,.T.);
#2016=ORIENTED_EDGE('',*,*,#1517,.T.);
#2017=ORIENTED_EDGE('',*,*,#1385,.T.);
#2018=ORIENTED_EDGE('',*,*,#1516,.F.);
#2019=ORIENTED_EDGE('',*,*,#1518,.T.);
#2020=ORIENTED_EDGE('',*,*,#1488,.F.);
#2021=ORIENTED_EDGE('',*,*,#1386,.T.);
#2022=ORIENTED_EDGE('',*,*,#1517,.F.);
#2023=ORIENTED_EDGE('',*,*,#1519,.T.);
#2024=ORIENTED_EDGE('',*,*,#1485,.F.);
#2025=ORIENTED_EDGE('',*,*,#1387,.T.);
#2026=ORIENTED_EDGE('',*,*,#1487,.F.);
#2027=ORIENTED_EDGE('',*,*,#1520,.T.);
#2028=ORIENTED_EDGE('',*,*,#1484,.F.);
#2029=ORIENTED_EDGE('',*,*,#1521,.T.);
#2030=ORIENTED_EDGE('',*,*,#1522,.T.);
#2031=ORIENTED_EDGE('',*,*,#1388,.T.);
#2032=ORIENTED_EDGE('',*,*,#1523,.T.);
#2033=ORIENTED_EDGE('',*,*,#1389,.T.);
#2034=ORIENTED_EDGE('',*,*,#1522,.F.);
#2035=ORIENTED_EDGE('',*,*,#1524,.T.);
#2036=ORIENTED_EDGE('',*,*,#1482,.F.);
#2037=ORIENTED_EDGE('',*,*,#1390,.T.);
#2038=ORIENTED_EDGE('',*,*,#1523,.F.);
#2039=ORIENTED_EDGE('',*,*,#1525,.T.);
#2040=ORIENTED_EDGE('',*,*,#1493,.F.);
#2041=ORIENTED_EDGE('',*,*,#1526,.T.);
#2042=ORIENTED_EDGE('',*,*,#1458,.T.);
#2043=ORIENTED_EDGE('',*,*,#1527,.T.);
#2044=ORIENTED_EDGE('',*,*,#1514,.F.);
#2045=ORIENTED_EDGE('',*,*,#1528,.T.);
#2046=ORIENTED_EDGE('',*,*,#1529,.F.);
#2047=ORIENTED_EDGE('',*,*,#1454,.F.);
#2048=ORIENTED_EDGE('',*,*,#1459,.F.);
#2049=ORIENTED_EDGE('',*,*,#1526,.F.);
#2050=ORIENTED_EDGE('',*,*,#1513,.F.);
#2051=ORIENTED_EDGE('',*,*,#1530,.T.);
#2052=ORIENTED_EDGE('',*,*,#1531,.F.);
#2053=ORIENTED_EDGE('',*,*,#1528,.F.);
#2054=ORIENTED_EDGE('',*,*,#1510,.F.);
#2055=ORIENTED_EDGE('',*,*,#1532,.F.);
#2056=ORIENTED_EDGE('',*,*,#1533,.F.);
#2057=ORIENTED_EDGE('',*,*,#1530,.F.);
#2058=ORIENTED_EDGE('',*,*,#1496,.F.);
#2059=ORIENTED_EDGE('',*,*,#1534,.T.);
#2060=ORIENTED_EDGE('',*,*,#1535,.T.);
#2061=ORIENTED_EDGE('',*,*,#1532,.T.);
#2062=ORIENTED_EDGE('',*,*,#1509,.F.);
#2063=ORIENTED_EDGE('',*,*,#1536,.F.);
#2064=ORIENTED_EDGE('',*,*,#1537,.T.);
#2065=ORIENTED_EDGE('',*,*,#1538,.T.);
#2066=ORIENTED_EDGE('',*,*,#1440,.F.);
#2067=ORIENTED_EDGE('',*,*,#1456,.F.);
#2068=ORIENTED_EDGE('',*,*,#1539,.T.);
#2069=ORIENTED_EDGE('',*,*,#1534,.F.);
#2070=ORIENTED_EDGE('',*,*,#1499,.F.);
#2071=ORIENTED_EDGE('',*,*,#1540,.T.);
#2072=ORIENTED_EDGE('',*,*,#1541,.T.);
#2073=ORIENTED_EDGE('',*,*,#1536,.T.);
#2074=ORIENTED_EDGE('',*,*,#1508,.F.);
#2075=ORIENTED_EDGE('',*,*,#1542,.T.);
#2076=ORIENTED_EDGE('',*,*,#1543,.F.);
#2077=ORIENTED_EDGE('',*,*,#1540,.F.);
#2078=ORIENTED_EDGE('',*,*,#1507,.F.);
#2079=ORIENTED_EDGE('',*,*,#1544,.T.);
#2080=ORIENTED_EDGE('',*,*,#1545,.F.);
#2081=ORIENTED_EDGE('',*,*,#1542,.F.);
#2082=ORIENTED_EDGE('',*,*,#1504,.F.);
#2083=ORIENTED_EDGE('',*,*,#1546,.F.);
#2084=ORIENTED_EDGE('',*,*,#1547,.F.);
#2085=ORIENTED_EDGE('',*,*,#1548,.F.);
#2086=ORIENTED_EDGE('',*,*,#1549,.F.);
#2087=ORIENTED_EDGE('',*,*,#1544,.F.);
#2088=ORIENTED_EDGE('',*,*,#1502,.F.);
#2089=ORIENTED_EDGE('',*,*,#1550,.T.);
#2090=ORIENTED_EDGE('',*,*,#1551,.T.);
#2091=ORIENTED_EDGE('',*,*,#1546,.T.);
#2092=ORIENTED_EDGE('',*,*,#1552,.T.);
#2093=ORIENTED_EDGE('',*,*,#1553,.T.);
#2094=ORIENTED_EDGE('',*,*,#1554,.T.);
#2095=ORIENTED_EDGE('',*,*,#1555,.F.);
#2096=ORIENTED_EDGE('',*,*,#1556,.T.);
#2097=ORIENTED_EDGE('',*,*,#1553,.F.);
#2098=ORIENTED_EDGE('',*,*,#1557,.F.);
#2099=ORIENTED_EDGE('',*,*,#1558,.F.);
#2100=ORIENTED_EDGE('',*,*,#1559,.F.);
#2101=ORIENTED_EDGE('',*,*,#1560,.T.);
#2102=ORIENTED_EDGE('',*,*,#1561,.T.);
#2103=ORIENTED_EDGE('',*,*,#1562,.T.);
#2104=ORIENTED_EDGE('',*,*,#1563,.T.);
#2105=ORIENTED_EDGE('',*,*,#1561,.F.);
#2106=ORIENTED_EDGE('',*,*,#1564,.F.);
#2107=ORIENTED_EDGE('',*,*,#1442,.F.);
#2108=ORIENTED_EDGE('',*,*,#1565,.F.);
#2109=ORIENTED_EDGE('',*,*,#1566,.F.);
#2110=ORIENTED_EDGE('',*,*,#1567,.F.);
#2111=ORIENTED_EDGE('',*,*,#1568,.T.);
#2112=ORIENTED_EDGE('',*,*,#1569,.T.);
#2113=ORIENTED_EDGE('',*,*,#1570,.T.);
#2114=ORIENTED_EDGE('',*,*,#1571,.T.);
#2115=ORIENTED_EDGE('',*,*,#1569,.F.);
#2116=ORIENTED_EDGE('',*,*,#1572,.F.);
#2117=ORIENTED_EDGE('',*,*,#1573,.F.);
#2118=ORIENTED_EDGE('',*,*,#1574,.F.);
#2119=ORIENTED_EDGE('',*,*,#1575,.F.);
#2120=ORIENTED_EDGE('',*,*,#1576,.F.);
#2121=ORIENTED_EDGE('',*,*,#1577,.T.);
#2122=ORIENTED_EDGE('',*,*,#1578,.T.);
#2123=ORIENTED_EDGE('',*,*,#1579,.F.);
#2124=ORIENTED_EDGE('',*,*,#1580,.T.);
#2125=ORIENTED_EDGE('',*,*,#1558,.T.);
#2126=ORIENTED_EDGE('',*,*,#1578,.F.);
#2127=ORIENTED_EDGE('',*,*,#1581,.F.);
#2128=ORIENTED_EDGE('',*,*,#1582,.F.);
#2129=ORIENTED_EDGE('',*,*,#1470,.F.);
#2130=ORIENTED_EDGE('',*,*,#1583,.T.);
#2131=ORIENTED_EDGE('',*,*,#1584,.T.);
#2132=ORIENTED_EDGE('',*,*,#1585,.T.);
#2133=ORIENTED_EDGE('',*,*,#1586,.T.);
#2134=ORIENTED_EDGE('',*,*,#1563,.F.);
#2135=ORIENTED_EDGE('',*,*,#1587,.F.);
#2136=ORIENTED_EDGE('',*,*,#1584,.F.);
#2137=ORIENTED_EDGE('',*,*,#1588,.F.);
#2138=ORIENTED_EDGE('',*,*,#1589,.T.);
#2139=ORIENTED_EDGE('',*,*,#1590,.T.);
#2140=ORIENTED_EDGE('',*,*,#1591,.T.);
#2141=ORIENTED_EDGE('',*,*,#1592,.T.);
#2142=ORIENTED_EDGE('',*,*,#1571,.F.);
#2143=ORIENTED_EDGE('',*,*,#1593,.F.);
#2144=ORIENTED_EDGE('',*,*,#1590,.F.);
#2145=ORIENTED_EDGE('',*,*,#1594,.F.);
#2146=ORIENTED_EDGE('',*,*,#1349,.T.);
#2147=ORIENTED_EDGE('',*,*,#1407,.F.);
#2148=ORIENTED_EDGE('',*,*,#1595,.T.);
#2149=ORIENTED_EDGE('',*,*,#1596,.T.);
#2150=ORIENTED_EDGE('',*,*,#1597,.T.);
#2151=ORIENTED_EDGE('',*,*,#1403,.F.);
#2152=ORIENTED_EDGE('',*,*,#1527,.F.);
#2153=ORIENTED_EDGE('',*,*,#1457,.F.);
#2154=ORIENTED_EDGE('',*,*,#1424,.F.);
#2155=ORIENTED_EDGE('',*,*,#1432,.T.);
#2156=ORIENTED_EDGE('',*,*,#1418,.F.);
#2157=ORIENTED_EDGE('',*,*,#1598,.F.);
#2158=ORIENTED_EDGE('',*,*,#1599,.F.);
#2159=ORIENTED_EDGE('',*,*,#1600,.T.);
#2160=ORIENTED_EDGE('',*,*,#1601,.F.);
#2161=ORIENTED_EDGE('',*,*,#1400,.F.);
#2162=ORIENTED_EDGE('',*,*,#1358,.T.);
#2163=ORIENTED_EDGE('',*,*,#1362,.T.);
#2164=ORIENTED_EDGE('',*,*,#1491,.F.);
#2165=ORIENTED_EDGE('',*,*,#1601,.T.);
#2166=ORIENTED_EDGE('',*,*,#1602,.T.);
#2167=ORIENTED_EDGE('',*,*,#1603,.T.);
#2168=ORIENTED_EDGE('',*,*,#1489,.F.);
#2169=ORIENTED_EDGE('',*,*,#1604,.T.);
#2170=ORIENTED_EDGE('',*,*,#1605,.T.);
#2171=ORIENTED_EDGE('',*,*,#1606,.T.);
#2172=ORIENTED_EDGE('',*,*,#1520,.F.);
#2173=ORIENTED_EDGE('',*,*,#1606,.F.);
#2174=ORIENTED_EDGE('',*,*,#1607,.T.);
#2175=ORIENTED_EDGE('',*,*,#1599,.T.);
#2176=ORIENTED_EDGE('',*,*,#1608,.F.);
#2177=ORIENTED_EDGE('',*,*,#1609,.T.);
#2178=ORIENTED_EDGE('',*,*,#1591,.F.);
#2179=ORIENTED_EDGE('',*,*,#1593,.T.);
#2180=ORIENTED_EDGE('',*,*,#1570,.F.);
#2181=ORIENTED_EDGE('',*,*,#1576,.T.);
#2182=ORIENTED_EDGE('',*,*,#1610,.F.);
#2183=ORIENTED_EDGE('',*,*,#1554,.F.);
#2184=ORIENTED_EDGE('',*,*,#1559,.T.);
#2185=ORIENTED_EDGE('',*,*,#1580,.F.);
#2186=ORIENTED_EDGE('',*,*,#1611,.F.);
#2187=ORIENTED_EDGE('',*,*,#1612,.F.);
#2188=ORIENTED_EDGE('',*,*,#1613,.T.);
#2189=ORIENTED_EDGE('',*,*,#1614,.F.);
#2190=ORIENTED_EDGE('',*,*,#1615,.T.);
#2191=ORIENTED_EDGE('',*,*,#1616,.T.);
#2192=ORIENTED_EDGE('',*,*,#1617,.T.);
#2193=ORIENTED_EDGE('',*,*,#1618,.T.);
#2194=ORIENTED_EDGE('',*,*,#1483,.F.);
#2195=ORIENTED_EDGE('',*,*,#1619,.T.);
#2196=ORIENTED_EDGE('',*,*,#1620,.T.);
#2197=ORIENTED_EDGE('',*,*,#1621,.T.);
#2198=ORIENTED_EDGE('',*,*,#1525,.F.);
#2199=ORIENTED_EDGE('',*,*,#1622,.T.);
#2200=ORIENTED_EDGE('',*,*,#1623,.F.);
#2201=ORIENTED_EDGE('',*,*,#1619,.F.);
#2202=ORIENTED_EDGE('',*,*,#1486,.F.);
#2203=ORIENTED_EDGE('',*,*,#1614,.T.);
#2204=ORIENTED_EDGE('',*,*,#1624,.T.);
#2205=ORIENTED_EDGE('',*,*,#1625,.T.);
#2206=ORIENTED_EDGE('',*,*,#1626,.F.);
#2207=ORIENTED_EDGE('',*,*,#1627,.F.);
#2208=ORIENTED_EDGE('',*,*,#1628,.F.);
#2209=ORIENTED_EDGE('',*,*,#1629,.F.);
#2210=ORIENTED_EDGE('',*,*,#1630,.F.);
#2211=ORIENTED_EDGE('',*,*,#1631,.F.);
#2212=ORIENTED_EDGE('',*,*,#1630,.T.);
#2213=ORIENTED_EDGE('',*,*,#1367,.T.);
#2214=ORIENTED_EDGE('',*,*,#1627,.T.);
#2215=ORIENTED_EDGE('',*,*,#1632,.T.);
#2216=ORIENTED_EDGE('',*,*,#1433,.T.);
#2217=ORIENTED_EDGE('',*,*,#1372,.T.);
#2218=ORIENTED_EDGE('',*,*,#1631,.T.);
#2219=ORIENTED_EDGE('',*,*,#1633,.T.);
#2220=ORIENTED_EDGE('',*,*,#1634,.F.);
#2221=ORIENTED_EDGE('',*,*,#1635,.F.);
#2222=ORIENTED_EDGE('',*,*,#1636,.F.);
#2223=ORIENTED_EDGE('',*,*,#1628,.T.);
#2224=ORIENTED_EDGE('',*,*,#1366,.T.);
#2225=ORIENTED_EDGE('',*,*,#1635,.T.);
#2226=ORIENTED_EDGE('',*,*,#1637,.T.);
#2227=ORIENTED_EDGE('',*,*,#1638,.F.);
#2228=ORIENTED_EDGE('',*,*,#1639,.F.);
#2229=ORIENTED_EDGE('',*,*,#1370,.F.);
#2230=ORIENTED_EDGE('',*,*,#1636,.T.);
#2231=ORIENTED_EDGE('',*,*,#1365,.T.);
#2232=ORIENTED_EDGE('',*,*,#1639,.T.);
#2233=ORIENTED_EDGE('',*,*,#1640,.T.);
#2234=ORIENTED_EDGE('',*,*,#1355,.T.);
#2235=ORIENTED_EDGE('',*,*,#1368,.T.);
#2236=ORIENTED_EDGE('',*,*,#1629,.T.);
#2237=ORIENTED_EDGE('',*,*,#1371,.T.);
#2238=ORIENTED_EDGE('',*,*,#1446,.T.);
#2239=ORIENTED_EDGE('',*,*,#1641,.T.);
#2240=ORIENTED_EDGE('',*,*,#1638,.T.);
#2241=ORIENTED_EDGE('',*,*,#1380,.T.);
#2242=ORIENTED_EDGE('',*,*,#1444,.T.);
#2243=ORIENTED_EDGE('',*,*,#1642,.T.);
#2244=ORIENTED_EDGE('',*,*,#1634,.T.);
#2245=ORIENTED_EDGE('',*,*,#1643,.T.);
#2246=ORIENTED_EDGE('',*,*,#1644,.T.);
#2247=ORIENTED_EDGE('',*,*,#1645,.T.);
#2248=ORIENTED_EDGE('',*,*,#1626,.T.);
#2249=ORIENTED_EDGE('',*,*,#1646,.T.);
#2250=ORIENTED_EDGE('',*,*,#1633,.F.);
#2251=ORIENTED_EDGE('',*,*,#1632,.F.);
#2252=ORIENTED_EDGE('',*,*,#1645,.F.);
#2253=ORIENTED_EDGE('',*,*,#1647,.F.);
#2254=ORIENTED_EDGE('',*,*,#1581,.T.);
#2255=ORIENTED_EDGE('',*,*,#1577,.F.);
#2256=ORIENTED_EDGE('',*,*,#1557,.T.);
#2257=ORIENTED_EDGE('',*,*,#1552,.F.);
#2258=ORIENTED_EDGE('',*,*,#1648,.T.);
#2259=ORIENTED_EDGE('',*,*,#1649,.F.);
#2260=ORIENTED_EDGE('',*,*,#1572,.T.);
#2261=ORIENTED_EDGE('',*,*,#1568,.F.);
#2262=ORIENTED_EDGE('',*,*,#1594,.T.);
#2263=ORIENTED_EDGE('',*,*,#1589,.F.);
#2264=ORIENTED_EDGE('',*,*,#1650,.T.);
#2265=ORIENTED_EDGE('',*,*,#1434,.F.);
#2266=ORIENTED_EDGE('',*,*,#1651,.T.);
#2267=ORIENTED_EDGE('',*,*,#1652,.F.);
#2268=ORIENTED_EDGE('',*,*,#1653,.T.);
#2269=ORIENTED_EDGE('',*,*,#1654,.F.);
#2270=ORIENTED_EDGE('',*,*,#1644,.F.);
#2271=ORIENTED_EDGE('',*,*,#1655,.T.);
#2272=ORIENTED_EDGE('',*,*,#1656,.T.);
#2273=ORIENTED_EDGE('',*,*,#1657,.T.);
#2274=ORIENTED_EDGE('',*,*,#1472,.T.);
#2275=ORIENTED_EDGE('',*,*,#1471,.T.);
#2276=ORIENTED_EDGE('',*,*,#1582,.T.);
#2277=ORIENTED_EDGE('',*,*,#1647,.T.);
#2278=ORIENTED_EDGE('',*,*,#1646,.F.);
#2279=ORIENTED_EDGE('',*,*,#1637,.F.);
#2280=ORIENTED_EDGE('',*,*,#1642,.F.);
#2281=ORIENTED_EDGE('',*,*,#1443,.F.);
#2282=ORIENTED_EDGE('',*,*,#1564,.T.);
#2283=ORIENTED_EDGE('',*,*,#1560,.F.);
#2284=ORIENTED_EDGE('',*,*,#1588,.T.);
#2285=ORIENTED_EDGE('',*,*,#1583,.F.);
#2286=ORIENTED_EDGE('',*,*,#1658,.T.);
#2287=ORIENTED_EDGE('',*,*,#1655,.F.);
#2288=ORIENTED_EDGE('',*,*,#1531,.T.);
#2289=ORIENTED_EDGE('',*,*,#1533,.T.);
#2290=ORIENTED_EDGE('',*,*,#1535,.F.);
#2291=ORIENTED_EDGE('',*,*,#1539,.F.);
#2292=ORIENTED_EDGE('',*,*,#1455,.F.);
#2293=ORIENTED_EDGE('',*,*,#1529,.T.);
#2294=ORIENTED_EDGE('',*,*,#1460,.T.);
#2295=ORIENTED_EDGE('',*,*,#1549,.T.);
#2296=ORIENTED_EDGE('',*,*,#1659,.F.);
#2297=ORIENTED_EDGE('',*,*,#1537,.F.);
#2298=ORIENTED_EDGE('',*,*,#1541,.F.);
#2299=ORIENTED_EDGE('',*,*,#1543,.T.);
#2300=ORIENTED_EDGE('',*,*,#1545,.T.);
#2301=ORIENTED_EDGE('',*,*,#1463,.T.);
#2302=ORIENTED_EDGE('',*,*,#1659,.T.);
#2303=ORIENTED_EDGE('',*,*,#1548,.T.);
#2304=ORIENTED_EDGE('',*,*,#1660,.F.);
#2305=ORIENTED_EDGE('',*,*,#1565,.T.);
#2306=ORIENTED_EDGE('',*,*,#1441,.F.);
#2307=ORIENTED_EDGE('',*,*,#1538,.F.);
#2308=ORIENTED_EDGE('',*,*,#1661,.T.);
#2309=ORIENTED_EDGE('',*,*,#1662,.T.);
#2310=ORIENTED_EDGE('',*,*,#1663,.F.);
#2311=ORIENTED_EDGE('',*,*,#1405,.F.);
#2312=ORIENTED_EDGE('',*,*,#1597,.F.);
#2313=ORIENTED_EDGE('',*,*,#1664,.T.);
#2314=ORIENTED_EDGE('',*,*,#1665,.T.);
#2315=ORIENTED_EDGE('',*,*,#1661,.F.);
#2316=ORIENTED_EDGE('',*,*,#1404,.F.);
#2317=ORIENTED_EDGE('',*,*,#1596,.F.);
#2318=ORIENTED_EDGE('',*,*,#1666,.T.);
#2319=ORIENTED_EDGE('',*,*,#1667,.T.);
#2320=ORIENTED_EDGE('',*,*,#1664,.F.);
#2321=ORIENTED_EDGE('',*,*,#1663,.T.);
#2322=ORIENTED_EDGE('',*,*,#1668,.T.);
#2323=ORIENTED_EDGE('',*,*,#1666,.F.);
#2324=ORIENTED_EDGE('',*,*,#1595,.F.);
#2325=ORIENTED_EDGE('',*,*,#1406,.T.);
#2326=ORIENTED_EDGE('',*,*,#1668,.F.);
#2327=ORIENTED_EDGE('',*,*,#1662,.F.);
#2328=ORIENTED_EDGE('',*,*,#1665,.F.);
#2329=ORIENTED_EDGE('',*,*,#1667,.F.);
#2330=ORIENTED_EDGE('',*,*,#1450,.T.);
#2331=ORIENTED_EDGE('',*,*,#1452,.T.);
#2332=ORIENTED_EDGE('',*,*,#1669,.F.);
#2333=ORIENTED_EDGE('',*,*,#1654,.T.);
#2334=ORIENTED_EDGE('',*,*,#1670,.T.);
#2335=ORIENTED_EDGE('',*,*,#1671,.T.);
#2336=ORIENTED_EDGE('',*,*,#1616,.F.);
#2337=ORIENTED_EDGE('',*,*,#1672,.F.);
#2338=ORIENTED_EDGE('',*,*,#1673,.F.);
#2339=ORIENTED_EDGE('',*,*,#1652,.T.);
#2340=ORIENTED_EDGE('',*,*,#1674,.T.);
#2341=ORIENTED_EDGE('',*,*,#1675,.T.);
#2342=ORIENTED_EDGE('',*,*,#1618,.F.);
#2343=ORIENTED_EDGE('',*,*,#1676,.F.);
#2344=ORIENTED_EDGE('',*,*,#1677,.T.);
#2345=ORIENTED_EDGE('',*,*,#1674,.F.);
#2346=ORIENTED_EDGE('',*,*,#1651,.F.);
#2347=ORIENTED_EDGE('',*,*,#1669,.T.);
#2348=ORIENTED_EDGE('',*,*,#1653,.F.);
#2349=ORIENTED_EDGE('',*,*,#1673,.T.);
#2350=ORIENTED_EDGE('',*,*,#1678,.T.);
#2351=ORIENTED_EDGE('',*,*,#1670,.F.);
#2352=ORIENTED_EDGE('',*,*,#1677,.F.);
#2353=ORIENTED_EDGE('',*,*,#1672,.T.);
#2354=ORIENTED_EDGE('',*,*,#1615,.F.);
#2355=ORIENTED_EDGE('',*,*,#1675,.F.);
#2356=ORIENTED_EDGE('',*,*,#1592,.F.);
#2357=ORIENTED_EDGE('',*,*,#1609,.F.);
#2358=ORIENTED_EDGE('',*,*,#1679,.F.);
#2359=ORIENTED_EDGE('',*,*,#1479,.F.);
#2360=ORIENTED_EDGE('',*,*,#1435,.F.);
#2361=ORIENTED_EDGE('',*,*,#1650,.F.);
#2362=ORIENTED_EDGE('',*,*,#1556,.F.);
#2363=ORIENTED_EDGE('',*,*,#1680,.F.);
#2364=ORIENTED_EDGE('',*,*,#1681,.F.);
#2365=ORIENTED_EDGE('',*,*,#1648,.F.);
#2366=ORIENTED_EDGE('',*,*,#1678,.F.);
#2367=ORIENTED_EDGE('',*,*,#1676,.T.);
#2368=ORIENTED_EDGE('',*,*,#1617,.F.);
#2369=ORIENTED_EDGE('',*,*,#1671,.F.);
#2370=ORIENTED_EDGE('',*,*,#1574,.T.);
#2371=ORIENTED_EDGE('',*,*,#1682,.F.);
#2372=ORIENTED_EDGE('',*,*,#1680,.T.);
#2373=ORIENTED_EDGE('',*,*,#1683,.F.);
#2374=ORIENTED_EDGE('',*,*,#1579,.T.);
#2375=ORIENTED_EDGE('',*,*,#1474,.T.);
#2376=ORIENTED_EDGE('',*,*,#1684,.T.);
#2377=ORIENTED_EDGE('',*,*,#1685,.T.);
#2378=ORIENTED_EDGE('',*,*,#1686,.T.);
#2379=ORIENTED_EDGE('',*,*,#1611,.T.);
#2380=ORIENTED_EDGE('',*,*,#1421,.T.);
#2381=ORIENTED_EDGE('',*,*,#1429,.T.);
#2382=ORIENTED_EDGE('',*,*,#1448,.T.);
#2383=ORIENTED_EDGE('',*,*,#1480,.T.);
#2384=ORIENTED_EDGE('',*,*,#1679,.T.);
#2385=ORIENTED_EDGE('',*,*,#1608,.T.);
#2386=ORIENTED_EDGE('',*,*,#1598,.T.);
#2387=ORIENTED_EDGE('',*,*,#1586,.F.);
#2388=ORIENTED_EDGE('',*,*,#1687,.F.);
#2389=ORIENTED_EDGE('',*,*,#1685,.F.);
#2390=ORIENTED_EDGE('',*,*,#1688,.F.);
#2391=ORIENTED_EDGE('',*,*,#1656,.F.);
#2392=ORIENTED_EDGE('',*,*,#1658,.F.);
#2393=ORIENTED_EDGE('',*,*,#1688,.T.);
#2394=ORIENTED_EDGE('',*,*,#1684,.F.);
#2395=ORIENTED_EDGE('',*,*,#1473,.T.);
#2396=ORIENTED_EDGE('',*,*,#1657,.F.);
#2397=ORIENTED_EDGE('',*,*,#1575,.T.);
#2398=ORIENTED_EDGE('',*,*,#1683,.T.);
#2399=ORIENTED_EDGE('',*,*,#1555,.T.);
#2400=ORIENTED_EDGE('',*,*,#1610,.T.);
#2401=ORIENTED_EDGE('',*,*,#1515,.F.);
#2402=ORIENTED_EDGE('',*,*,#1603,.F.);
#2403=ORIENTED_EDGE('',*,*,#1689,.F.);
#2404=ORIENTED_EDGE('',*,*,#1690,.F.);
#2405=ORIENTED_EDGE('',*,*,#1518,.F.);
#2406=ORIENTED_EDGE('',*,*,#1690,.T.);
#2407=ORIENTED_EDGE('',*,*,#1691,.F.);
#2408=ORIENTED_EDGE('',*,*,#1692,.F.);
#2409=ORIENTED_EDGE('',*,*,#1519,.F.);
#2410=ORIENTED_EDGE('',*,*,#1692,.T.);
#2411=ORIENTED_EDGE('',*,*,#1693,.F.);
#2412=ORIENTED_EDGE('',*,*,#1604,.F.);
#2413=ORIENTED_EDGE('',*,*,#1689,.T.);
#2414=ORIENTED_EDGE('',*,*,#1602,.F.);
#2415=ORIENTED_EDGE('',*,*,#1600,.F.);
#2416=ORIENTED_EDGE('',*,*,#1607,.F.);
#2417=ORIENTED_EDGE('',*,*,#1605,.F.);
#2418=ORIENTED_EDGE('',*,*,#1693,.T.);
#2419=ORIENTED_EDGE('',*,*,#1691,.T.);
#2420=ORIENTED_EDGE('',*,*,#1521,.F.);
#2421=ORIENTED_EDGE('',*,*,#1625,.F.);
#2422=ORIENTED_EDGE('',*,*,#1694,.F.);
#2423=ORIENTED_EDGE('',*,*,#1695,.F.);
#2424=ORIENTED_EDGE('',*,*,#1524,.F.);
#2425=ORIENTED_EDGE('',*,*,#1695,.T.);
#2426=ORIENTED_EDGE('',*,*,#1696,.F.);
#2427=ORIENTED_EDGE('',*,*,#1622,.F.);
#2428=ORIENTED_EDGE('',*,*,#1694,.T.);
#2429=ORIENTED_EDGE('',*,*,#1624,.F.);
#2430=ORIENTED_EDGE('',*,*,#1613,.F.);
#2431=ORIENTED_EDGE('',*,*,#1697,.F.);
#2432=ORIENTED_EDGE('',*,*,#1620,.F.);
#2433=ORIENTED_EDGE('',*,*,#1623,.T.);
#2434=ORIENTED_EDGE('',*,*,#1696,.T.);
#2435=ORIENTED_EDGE('',*,*,#1503,.F.);
#2436=ORIENTED_EDGE('',*,*,#1621,.F.);
#2437=ORIENTED_EDGE('',*,*,#1697,.T.);
#2438=ORIENTED_EDGE('',*,*,#1612,.T.);
#2439=ORIENTED_EDGE('',*,*,#1686,.F.);
#2440=ORIENTED_EDGE('',*,*,#1687,.T.);
#2441=ORIENTED_EDGE('',*,*,#1585,.F.);
#2442=ORIENTED_EDGE('',*,*,#1587,.T.);
#2443=ORIENTED_EDGE('',*,*,#1562,.F.);
#2444=ORIENTED_EDGE('',*,*,#1567,.T.);
#2445=ORIENTED_EDGE('',*,*,#1698,.F.);
#2446=ORIENTED_EDGE('',*,*,#1550,.F.);
#2447=ORIENTED_EDGE('',*,*,#1641,.F.);
#2448=ORIENTED_EDGE('',*,*,#1445,.F.);
#2449=ORIENTED_EDGE('',*,*,#1643,.F.);
#2450=ORIENTED_EDGE('',*,*,#1640,.F.);
#2451=ORIENTED_EDGE('',*,*,#1573,.T.);
#2452=ORIENTED_EDGE('',*,*,#1649,.T.);
#2453=ORIENTED_EDGE('',*,*,#1681,.T.);
#2454=ORIENTED_EDGE('',*,*,#1682,.T.);
#2455=ORIENTED_EDGE('',*,*,#1566,.T.);
#2456=ORIENTED_EDGE('',*,*,#1660,.T.);
#2457=ORIENTED_EDGE('',*,*,#1547,.T.);
#2458=ORIENTED_EDGE('',*,*,#1551,.F.);
#2459=ORIENTED_EDGE('',*,*,#1698,.T.);
#2460=ORIENTED_EDGE('',*,*,#1699,.T.);
#2461=ORIENTED_EDGE('',*,*,#1700,.T.);
#2462=ORIENTED_EDGE('',*,*,#1701,.T.);
#2463=ORIENTED_EDGE('',*,*,#1702,.T.);
#2464=ORIENTED_EDGE('',*,*,#1699,.F.);
#2465=ORIENTED_EDGE('',*,*,#1703,.T.);
#2466=ORIENTED_EDGE('',*,*,#1704,.F.);
#2467=ORIENTED_EDGE('',*,*,#1705,.F.);
#2468=ORIENTED_EDGE('',*,*,#1706,.F.);
#2469=ORIENTED_EDGE('',*,*,#1702,.F.);
#2470=ORIENTED_EDGE('',*,*,#1707,.T.);
#2471=ORIENTED_EDGE('',*,*,#1708,.F.);
#2472=ORIENTED_EDGE('',*,*,#1703,.F.);
#2473=ORIENTED_EDGE('',*,*,#1709,.F.);
#2474=ORIENTED_EDGE('',*,*,#1705,.T.);
#2475=ORIENTED_EDGE('',*,*,#1710,.F.);
#2476=ORIENTED_EDGE('',*,*,#1711,.F.);
#2477=ORIENTED_EDGE('',*,*,#1701,.F.);
#2478=ORIENTED_EDGE('',*,*,#1712,.F.);
#2479=ORIENTED_EDGE('',*,*,#1711,.T.);
#2480=ORIENTED_EDGE('',*,*,#1713,.F.);
#2481=ORIENTED_EDGE('',*,*,#1707,.F.);
#2482=ORIENTED_EDGE('',*,*,#1700,.F.);
#2483=ORIENTED_EDGE('',*,*,#1706,.T.);
#2484=ORIENTED_EDGE('',*,*,#1709,.T.);
#2485=ORIENTED_EDGE('',*,*,#1712,.T.);
#2486=ORIENTED_EDGE('',*,*,#1713,.T.);
#2487=ORIENTED_EDGE('',*,*,#1710,.T.);
#2488=ORIENTED_EDGE('',*,*,#1704,.T.);
#2489=ORIENTED_EDGE('',*,*,#1708,.T.);
#2490=ORIENTED_EDGE('',*,*,#1714,.F.);
#2491=ORIENTED_EDGE('',*,*,#1715,.T.);
#2492=ORIENTED_EDGE('',*,*,#1716,.F.);
#2493=ORIENTED_EDGE('',*,*,#1717,.F.);
#2494=ORIENTED_EDGE('',*,*,#1718,.F.);
#2495=ORIENTED_EDGE('',*,*,#1717,.T.);
#2496=ORIENTED_EDGE('',*,*,#1719,.F.);
#2497=ORIENTED_EDGE('',*,*,#1720,.F.);
#2498=ORIENTED_EDGE('',*,*,#1721,.F.);
#2499=ORIENTED_EDGE('',*,*,#1720,.T.);
#2500=ORIENTED_EDGE('',*,*,#1722,.F.);
#2501=ORIENTED_EDGE('',*,*,#1723,.F.);
#2502=ORIENTED_EDGE('',*,*,#1724,.F.);
#2503=ORIENTED_EDGE('',*,*,#1723,.T.);
#2504=ORIENTED_EDGE('',*,*,#1725,.F.);
#2505=ORIENTED_EDGE('',*,*,#1715,.F.);
#2506=ORIENTED_EDGE('',*,*,#1724,.T.);
#2507=ORIENTED_EDGE('',*,*,#1714,.T.);
#2508=ORIENTED_EDGE('',*,*,#1718,.T.);
#2509=ORIENTED_EDGE('',*,*,#1721,.T.);
#2510=ORIENTED_EDGE('',*,*,#1725,.T.);
#2511=ORIENTED_EDGE('',*,*,#1722,.T.);
#2512=ORIENTED_EDGE('',*,*,#1719,.T.);
#2513=ORIENTED_EDGE('',*,*,#1716,.T.);
#2514=PLANE('',#2765);
#2515=PLANE('',#2766);
#2516=PLANE('',#2767);
#2517=PLANE('',#2768);
#2518=PLANE('',#2769);
#2519=PLANE('',#2772);
#2520=PLANE('',#2773);
#2521=PLANE('',#2776);
#2522=PLANE('',#2777);
#2523=PLANE('',#2780);
#2524=PLANE('',#2785);
#2525=PLANE('',#2796);
#2526=PLANE('',#2799);
#2527=PLANE('',#2806);
#2528=PLANE('',#2807);
#2529=PLANE('',#2808);
#2530=PLANE('',#2809);
#2531=PLANE('',#2811);
#2532=PLANE('',#2814);
#2533=PLANE('',#2819);
#2534=PLANE('',#2820);
#2535=PLANE('',#2825);
#2536=PLANE('',#2829);
#2537=PLANE('',#2834);
#2538=PLANE('',#2835);
#2539=PLANE('',#2840);
#2540=PLANE('',#2841);
#2541=PLANE('',#2892);
#2542=PLANE('',#2895);
#2543=PLANE('',#2898);
#2544=PLANE('',#2901);
#2545=PLANE('',#2904);
#2546=PLANE('',#2910);
#2547=PLANE('',#2914);
#2548=PLANE('',#2918);
#2549=PLANE('',#2922);
#2550=PLANE('',#2926);
#2551=PLANE('',#2930);
#2552=PLANE('',#2931);
#2553=PLANE('',#2938);
#2554=PLANE('',#2941);
#2555=PLANE('',#2968);
#2556=PLANE('',#2969);
#2557=PLANE('',#2970);
#2558=PLANE('',#2971);
#2559=PLANE('',#2972);
#2560=PLANE('',#2973);
#2561=PLANE('',#2974);
#2562=PLANE('',#2977);
#2563=PLANE('',#2980);
#2564=PLANE('',#2989);
#2565=PLANE('',#2990);
#2566=PLANE('',#2991);
#2567=PLANE('',#2992);
#2568=PLANE('',#2993);
#2569=PLANE('',#2994);
#2570=PLANE('',#2995);
#2571=PLANE('',#2996);
#2572=PLANE('',#2997);
#2573=PLANE('',#2998);
#2574=PLANE('',#2999);
#2575=PLANE('',#3002);
#2576=PLANE('',#3003);
#2577=PLANE('',#3004);
#2578=PLANE('',#3007);
#2579=PLANE('',#3008);
#2580=PLANE('',#3009);
#2581=PLANE('',#3010);
#2582=PLANE('',#3011);
#2583=PLANE('',#3015);
#2584=PLANE('',#3016);
#2585=PLANE('',#3017);
#2586=PLANE('',#3018);
#2587=PLANE('',#3019);
#2588=PLANE('',#3020);
#2589=PLANE('',#3021);
#2590=PLANE('',#3022);
#2591=PLANE('',#3023);
#2592=PLANE('',#3024);
#2593=PLANE('',#3025);
#2594=PLANE('',#3026);
#2595=ADVANCED_FACE('',(#224),#2514,.F.);
#2596=ADVANCED_FACE('',(#225),#2515,.F.);
#2597=ADVANCED_FACE('',(#226),#2516,.F.);
#2598=ADVANCED_FACE('',(#227),#2517,.F.);
#2599=ADVANCED_FACE('',(#228),#2518,.F.);
#2600=ADVANCED_FACE('',(#229),#2519,.F.);
#2601=ADVANCED_FACE('',(#230),#2520,.F.);
#2602=ADVANCED_FACE('',(#231),#2521,.F.);
#2603=ADVANCED_FACE('',(#232),#2522,.F.);
#2604=ADVANCED_FACE('',(#233),#67,.T.);
#2605=ADVANCED_FACE('',(#234,#57,#58,#59),#2523,.T.);
#2606=ADVANCED_FACE('',(#235),#2524,.T.);
#2607=ADVANCED_FACE('',(#236),#68,.F.);
#2608=ADVANCED_FACE('',(#237),#69,.F.);
#2609=ADVANCED_FACE('',(#238),#70,.F.);
#2610=ADVANCED_FACE('',(#239),#2525,.F.);
#2611=ADVANCED_FACE('',(#240),#71,.F.);
#2612=ADVANCED_FACE('',(#241),#2526,.F.);
#2613=ADVANCED_FACE('',(#242),#72,.F.);
#2614=ADVANCED_FACE('',(#243),#73,.F.);
#2615=ADVANCED_FACE('',(#244),#2527,.F.);
#2616=ADVANCED_FACE('',(#245),#2528,.F.);
#2617=ADVANCED_FACE('',(#246),#2529,.F.);
#2618=ADVANCED_FACE('',(#247),#2530,.T.);
#2619=ADVANCED_FACE('',(#248),#2531,.T.);
#2620=ADVANCED_FACE('',(#249),#2532,.T.);
#2621=ADVANCED_FACE('',(#250),#74,.F.);
#2622=ADVANCED_FACE('',(#251),#75,.F.);
#2623=ADVANCED_FACE('',(#252,#60),#2533,.T.);
#2624=ADVANCED_FACE('',(#253),#2534,.T.);
#2625=ADVANCED_FACE('',(#254),#76,.F.);
#2626=ADVANCED_FACE('',(#255),#2535,.T.);
#2627=ADVANCED_FACE('',(#256),#77,.F.);
#2628=ADVANCED_FACE('',(#257),#2536,.T.);
#2629=ADVANCED_FACE('',(#258),#78,.T.);
#2630=ADVANCED_FACE('',(#259),#2537,.T.);
#2631=ADVANCED_FACE('',(#260),#2538,.T.);
#2632=ADVANCED_FACE('',(#261),#79,.T.);
#2633=ADVANCED_FACE('',(#262),#2539,.T.);
#2634=ADVANCED_FACE('',(#263),#2540,.T.);
#2635=ADVANCED_FACE('',(#264),#27,.T.);
#2636=ADVANCED_FACE('',(#265),#28,.T.);
#2637=ADVANCED_FACE('',(#266),#29,.T.);
#2638=ADVANCED_FACE('',(#267),#30,.T.);
#2639=ADVANCED_FACE('',(#268),#31,.T.);
#2640=ADVANCED_FACE('',(#269),#32,.T.);
#2641=ADVANCED_FACE('',(#270),#33,.T.);
#2642=ADVANCED_FACE('',(#271),#34,.T.);
#2643=ADVANCED_FACE('',(#272),#80,.F.);
#2644=ADVANCED_FACE('',(#273),#81,.F.);
#2645=ADVANCED_FACE('',(#274),#23,.F.);
#2646=ADVANCED_FACE('',(#275),#82,.F.);
#2647=ADVANCED_FACE('',(#276),#83,.F.);
#2648=ADVANCED_FACE('',(#277),#84,.F.);
#2649=ADVANCED_FACE('',(#278),#24,.F.);
#2650=ADVANCED_FACE('',(#279),#85,.F.);
#2651=ADVANCED_FACE('',(#280),#86,.F.);
#2652=ADVANCED_FACE('',(#281),#25,.F.);
#2653=ADVANCED_FACE('',(#282),#87,.F.);
#2654=ADVANCED_FACE('',(#283),#88,.F.);
#2655=ADVANCED_FACE('',(#284),#89,.F.);
#2656=ADVANCED_FACE('',(#285),#26,.F.);
#2657=ADVANCED_FACE('',(#286),#90,.F.);
#2658=ADVANCED_FACE('',(#287),#91,.F.);
#2659=ADVANCED_FACE('',(#288),#2541,.T.);
#2660=ADVANCED_FACE('',(#289),#92,.T.);
#2661=ADVANCED_FACE('',(#290),#2542,.T.);
#2662=ADVANCED_FACE('',(#291),#93,.F.);
#2663=ADVANCED_FACE('',(#292),#2543,.T.);
#2664=ADVANCED_FACE('',(#293),#94,.F.);
#2665=ADVANCED_FACE('',(#294),#2544,.T.);
#2666=ADVANCED_FACE('',(#295),#95,.T.);
#2667=ADVANCED_FACE('',(#296),#2545,.T.);
#2668=ADVANCED_FACE('',(#297),#96,.F.);
#2669=ADVANCED_FACE('',(#298),#97,.F.);
#2670=ADVANCED_FACE('',(#299),#2546,.F.);
#2671=ADVANCED_FACE('',(#300),#98,.F.);
#2672=ADVANCED_FACE('',(#301),#2547,.F.);
#2673=ADVANCED_FACE('',(#302),#99,.F.);
#2674=ADVANCED_FACE('',(#303),#2548,.F.);
#2675=ADVANCED_FACE('',(#304),#100,.F.);
#2676=ADVANCED_FACE('',(#305),#2549,.F.);
#2677=ADVANCED_FACE('',(#306),#101,.F.);
#2678=ADVANCED_FACE('',(#307),#2550,.F.);
#2679=ADVANCED_FACE('',(#308),#102,.F.);
#2680=ADVANCED_FACE('',(#309),#2551,.F.);
#2681=ADVANCED_FACE('',(#310),#2552,.T.);
#2682=ADVANCED_FACE('',(#311),#103,.F.);
#2683=ADVANCED_FACE('',(#312),#104,.F.);
#2684=ADVANCED_FACE('',(#313,#61),#2553,.T.);
#2685=ADVANCED_FACE('',(#314),#105,.F.);
#2686=ADVANCED_FACE('',(#315),#2554,.T.);
#2687=ADVANCED_FACE('',(#316),#106,.F.);
#2688=ADVANCED_FACE('',(#317),#19,.T.);
#2689=ADVANCED_FACE('',(#318),#20,.T.);
#2690=ADVANCED_FACE('',(#319),#107,.T.);
#2691=ADVANCED_FACE('',(#320),#108,.T.);
#2692=ADVANCED_FACE('',(#321),#21,.T.);
#2693=ADVANCED_FACE('',(#322),#109,.T.);
#2694=ADVANCED_FACE('',(#323),#22,.T.);
#2695=ADVANCED_FACE('',(#324),#110,.T.);
#2696=ADVANCED_FACE('',(#325),#111,.T.);
#2697=ADVANCED_FACE('',(#326),#112,.T.);
#2698=ADVANCED_FACE('',(#327),#113,.T.);
#2699=ADVANCED_FACE('',(#328),#114,.T.);
#2700=ADVANCED_FACE('',(#329,#62),#2555,.T.);
#2701=ADVANCED_FACE('',(#330),#2556,.T.);
#2702=ADVANCED_FACE('',(#331),#2557,.T.);
#2703=ADVANCED_FACE('',(#332,#63),#2558,.T.);
#2704=ADVANCED_FACE('',(#333,#64),#2559,.T.);
#2705=ADVANCED_FACE('',(#334),#2560,.T.);
#2706=ADVANCED_FACE('',(#335),#2561,.F.);
#2707=ADVANCED_FACE('',(#336),#115,.F.);
#2708=ADVANCED_FACE('',(#337),#2562,.F.);
#2709=ADVANCED_FACE('',(#338),#116,.F.);
#2710=ADVANCED_FACE('',(#339,#65,#66),#2563,.T.);
#2711=ADVANCED_FACE('',(#340),#117,.T.);
#2712=ADVANCED_FACE('',(#341),#118,.T.);
#2713=ADVANCED_FACE('',(#342),#119,.F.);
#2714=ADVANCED_FACE('',(#343),#120,.F.);
#2715=ADVANCED_FACE('',(#344),#2564,.F.);
#2716=ADVANCED_FACE('',(#345),#2565,.F.);
#2717=ADVANCED_FACE('',(#346),#2566,.F.);
#2718=ADVANCED_FACE('',(#347),#2567,.F.);
#2719=ADVANCED_FACE('',(#348),#2568,.T.);
#2720=ADVANCED_FACE('',(#349),#2569,.T.);
#2721=ADVANCED_FACE('',(#350),#2570,.T.);
#2722=ADVANCED_FACE('',(#351),#2571,.F.);
#2723=ADVANCED_FACE('',(#352),#2572,.T.);
#2724=ADVANCED_FACE('',(#353),#2573,.T.);
#2725=ADVANCED_FACE('',(#354),#2574,.T.);
#2726=ADVANCED_FACE('',(#355),#121,.T.);
#2727=ADVANCED_FACE('',(#356),#2575,.T.);
#2728=ADVANCED_FACE('',(#357),#2576,.T.);
#2729=ADVANCED_FACE('',(#358),#2577,.T.);
#2730=ADVANCED_FACE('',(#359),#122,.T.);
#2731=ADVANCED_FACE('',(#360),#2578,.T.);
#2732=ADVANCED_FACE('',(#361),#2579,.T.);
#2733=ADVANCED_FACE('',(#362),#2580,.T.);
#2734=ADVANCED_FACE('',(#363),#2581,.T.);
#2735=ADVANCED_FACE('',(#364),#2582,.T.);
#2736=ADVANCED_FACE('',(#365),#123,.T.);
#2737=ADVANCED_FACE('',(#366),#2583,.T.);
#2738=ADVANCED_FACE('',(#367),#2584,.T.);
#2739=ADVANCED_FACE('',(#368),#2585,.T.);
#2740=ADVANCED_FACE('',(#369),#2586,.T.);
#2741=ADVANCED_FACE('',(#370),#2587,.T.);
#2742=ADVANCED_FACE('',(#371),#2588,.T.);
#2743=ADVANCED_FACE('',(#372),#2589,.T.);
#2744=ADVANCED_FACE('',(#373),#2590,.T.);
#2745=ADVANCED_FACE('',(#374),#2591,.T.);
#2746=ADVANCED_FACE('',(#375),#2592,.T.);
#2747=ADVANCED_FACE('',(#376),#2593,.T.);
#2748=ADVANCED_FACE('',(#377),#2594,.T.);
#2749=CLOSED_SHELL('',(#2595,#2596,#2597,#2598,#2599,#2600,#2601,#2602,
#2603,#2604,#2605,#2606,#2607,#2608,#2609,#2610,#2611,#2612,#2613,#2614,
#2615,#2616,#2617,#2618,#2619,#2620,#2621,#2622,#2623,#2624,#2625,#2626,
#2627,#2628,#2629,#2630,#2631,#2632,#2633,#2634,#2635,#2636,#2637,#2638,
#2639,#2640,#2641,#2642,#2643,#2644,#2645,#2646,#2647,#2648,#2649,#2650,
#2651,#2652,#2653,#2654,#2655,#2656,#2657,#2658,#2659,#2660,#2661,#2662,
#2663,#2664,#2665,#2666,#2667,#2668,#2669,#2670,#2671,#2672,#2673,#2674,
#2675,#2676,#2677,#2678,#2679,#2680,#2681,#2682,#2683,#2684,#2685,#2686,
#2687,#2688,#2689,#2690,#2691,#2692,#2693,#2694,#2695,#2696,#2697,#2698,
#2699,#2700,#2701,#2702,#2703,#2704,#2705,#2706,#2707,#2708,#2709,#2710,
#2711,#2712,#2713,#2714,#2715,#2716,#2717,#2718,#2719,#2720,#2721,#2722,
#2723,#2724,#2725,#2726,#2727,#2728,#2729,#2730,#2731,#2732,#2733,#2734,
#2735));
#2750=CLOSED_SHELL('',(#2736,#2737,#2738,#2739,#2740,#2741,#2742));
#2751=CLOSED_SHELL('',(#2743,#2744,#2745,#2746,#2747,#2748));
#2752=DERIVED_UNIT_ELEMENT(#2754,1.);
#2753=DERIVED_UNIT_ELEMENT(#4923,-3.);
#2754=(
MASS_UNIT()
NAMED_UNIT(*)
SI_UNIT(.KILO.,.GRAM.)
);
#2755=DERIVED_UNIT((#2752,#2753));
#2756=MEASURE_REPRESENTATION_ITEM('density measure',
POSITIVE_RATIO_MEASURE(7850.),#2755);
#2757=PROPERTY_DEFINITION_REPRESENTATION(#2762,#2759);
#2758=PROPERTY_DEFINITION_REPRESENTATION(#2763,#2760);
#2759=REPRESENTATION('material name',(#2761),#4920);
#2760=REPRESENTATION('density',(#2756),#4920);
#2761=DESCRIPTIVE_REPRESENTATION_ITEM('Steel','Steel');
#2762=PROPERTY_DEFINITION('material property','material name',#4930);
#2763=PROPERTY_DEFINITION('material property','density of part',#4930);
#2764=AXIS2_PLACEMENT_3D('',#3825,#3027,#3028);
#2765=AXIS2_PLACEMENT_3D('',#3826,#3029,#3030);
#2766=AXIS2_PLACEMENT_3D('',#3835,#3035,#3036);
#2767=AXIS2_PLACEMENT_3D('',#3841,#3040,#3041);
#2768=AXIS2_PLACEMENT_3D('',#3847,#3045,#3046);
#2769=AXIS2_PLACEMENT_3D('',#3850,#3049,#3050);
#2770=AXIS2_PLACEMENT_3D('',#3853,#3051,#3052);
#2771=AXIS2_PLACEMENT_3D('',#3861,#3056,#3057);
#2772=AXIS2_PLACEMENT_3D('',#3867,#3061,#3062);
#2773=AXIS2_PLACEMENT_3D('',#3873,#3066,#3067);
#2774=AXIS2_PLACEMENT_3D('',#3876,#3068,#3069);
#2775=AXIS2_PLACEMENT_3D('',#3884,#3073,#3074);
#2776=AXIS2_PLACEMENT_3D('',#3887,#3077,#3078);
#2777=AXIS2_PLACEMENT_3D('',#3890,#3081,#3082);
#2778=AXIS2_PLACEMENT_3D('',#3900,#3088,#3089);
#2779=AXIS2_PLACEMENT_3D('',#3903,#3091,#3092);
#2780=AXIS2_PLACEMENT_3D('',#3904,#3093,#3094);
#2781=AXIS2_PLACEMENT_3D('',#3914,#3099,#3100);
#2782=AXIS2_PLACEMENT_3D('',#3918,#3102,#3103);
#2783=AXIS2_PLACEMENT_3D('',#3925,#3107,#3108);
#2784=AXIS2_PLACEMENT_3D('',#3927,#3109,#3110);
#2785=AXIS2_PLACEMENT_3D('',#3928,#3111,#3112);
#2786=AXIS2_PLACEMENT_3D('',#3934,#3115,#3116);
#2787=AXIS2_PLACEMENT_3D('',#3942,#3120,#3121);
#2788=AXIS2_PLACEMENT_3D('',#3950,#3125,#3126);
#2789=AXIS2_PLACEMENT_3D('',#3958,#3130,#3131);
#2790=AXIS2_PLACEMENT_3D('',#3962,#3134,#3135);
#2791=AXIS2_PLACEMENT_3D('',#3965,#3137,#3138);
#2792=AXIS2_PLACEMENT_3D('',#3966,#3139,#3140);
#2793=AXIS2_PLACEMENT_3D('',#3968,#3141,#3142);
#2794=AXIS2_PLACEMENT_3D('',#3992,#3146,#3147);
#2795=AXIS2_PLACEMENT_3D('',#3995,#3148,#3149);
#2796=AXIS2_PLACEMENT_3D('',#3998,#3152,#3153);
#2797=AXIS2_PLACEMENT_3D('',#4004,#3157,#3158);
#2798=AXIS2_PLACEMENT_3D('',#4007,#3159,#3160);
#2799=AXIS2_PLACEMENT_3D('',#4010,#3163,#3164);
#2800=AXIS2_PLACEMENT_3D('',#4012,#3166,#3167);
#2801=AXIS2_PLACEMENT_3D('',#4015,#3168,#3169);
#2802=AXIS2_PLACEMENT_3D('',#4019,#3171,#3172);
#2803=AXIS2_PLACEMENT_3D('',#4021,#3174,#3175);
#2804=AXIS2_PLACEMENT_3D('',#4024,#3176,#3177);
#2805=AXIS2_PLACEMENT_3D('',#4028,#3179,#3180);
#2806=AXIS2_PLACEMENT_3D('',#4030,#3182,#3183);
#2807=AXIS2_PLACEMENT_3D('',#4036,#3187,#3188);
#2808=AXIS2_PLACEMENT_3D('',#4040,#3192,#3193);
#2809=AXIS2_PLACEMENT_3D('',#4042,#3195,#3196);
#2810=AXIS2_PLACEMENT_3D('',#4044,#3197,#3198);
#2811=AXIS2_PLACEMENT_3D('',#4054,#3204,#3205);
#2812=AXIS2_PLACEMENT_3D('',#4066,#3211,#3212);
#2813=AXIS2_PLACEMENT_3D('',#4069,#3214,#3215);
#2814=AXIS2_PLACEMENT_3D('',#4070,#3216,#3217);
#2815=AXIS2_PLACEMENT_3D('',#4074,#3220,#3221);
#2816=AXIS2_PLACEMENT_3D('',#4077,#3223,#3224);
#2817=AXIS2_PLACEMENT_3D('',#4078,#3225,#3226);
#2818=AXIS2_PLACEMENT_3D('',#4081,#3228,#3229);
#2819=AXIS2_PLACEMENT_3D('',#4082,#3230,#3231);
#2820=AXIS2_PLACEMENT_3D('',#4090,#3236,#3237);
#2821=AXIS2_PLACEMENT_3D('',#4094,#3239,#3240);
#2822=AXIS2_PLACEMENT_3D('',#4096,#3242,#3243);
#2823=AXIS2_PLACEMENT_3D('',#4098,#3244,#3245);
#2824=AXIS2_PLACEMENT_3D('',#4101,#3247,#3248);
#2825=AXIS2_PLACEMENT_3D('',#4102,#3249,#3250);
#2826=AXIS2_PLACEMENT_3D('',#4103,#3251,#3252);
#2827=AXIS2_PLACEMENT_3D('',#4105,#3253,#3254);
#2828=AXIS2_PLACEMENT_3D('',#4108,#3256,#3257);
#2829=AXIS2_PLACEMENT_3D('',#4109,#3258,#3259);
#2830=AXIS2_PLACEMENT_3D('',#4110,#3260,#3261);
#2831=AXIS2_PLACEMENT_3D('',#4112,#3262,#3263);
#2832=AXIS2_PLACEMENT_3D('',#4116,#3265,#3266);
#2833=AXIS2_PLACEMENT_3D('',#4117,#3267,#3268);
#2834=AXIS2_PLACEMENT_3D('',#4118,#3269,#3270);
#2835=AXIS2_PLACEMENT_3D('',#4119,#3271,#3272);
#2836=AXIS2_PLACEMENT_3D('',#4129,#3278,#3279);
#2837=AXIS2_PLACEMENT_3D('',#4131,#3280,#3281);
#2838=AXIS2_PLACEMENT_3D('',#4134,#3283,#3284);
#2839=AXIS2_PLACEMENT_3D('',#4135,#3285,#3286);
#2840=AXIS2_PLACEMENT_3D('',#4136,#3287,#3288);
#2841=AXIS2_PLACEMENT_3D('',#4137,#3289,#3290);
#2842=AXIS2_PLACEMENT_3D('',#4172,#3293,#3294);
#2843=AXIS2_PLACEMENT_3D('',#4174,#3295,#3296);
#2844=AXIS2_PLACEMENT_3D('',#4175,#3297,#3298);
#2845=AXIS2_PLACEMENT_3D('',#4207,#3299,#3300);
#2846=AXIS2_PLACEMENT_3D('',#4209,#3301,#3302);
#2847=AXIS2_PLACEMENT_3D('',#4210,#3303,#3304);
#2848=AXIS2_PLACEMENT_3D('',#4242,#3305,#3306);
#2849=AXIS2_PLACEMENT_3D('',#4244,#3307,#3308);
#2850=AXIS2_PLACEMENT_3D('',#4245,#3309,#3310);
#2851=AXIS2_PLACEMENT_3D('',#4277,#3311,#3312);
#2852=AXIS2_PLACEMENT_3D('',#4278,#3313,#3314);
#2853=AXIS2_PLACEMENT_3D('',#4310,#3315,#3316);
#2854=AXIS2_PLACEMENT_3D('',#4311,#3317,#3318);
#2855=AXIS2_PLACEMENT_3D('',#4343,#3319,#3320);
#2856=AXIS2_PLACEMENT_3D('',#4345,#3321,#3322);
#2857=AXIS2_PLACEMENT_3D('',#4346,#3323,#3324);
#2858=AXIS2_PLACEMENT_3D('',#4378,#3325,#3326);
#2859=AXIS2_PLACEMENT_3D('',#4380,#3327,#3328);
#2860=AXIS2_PLACEMENT_3D('',#4381,#3329,#3330);
#2861=AXIS2_PLACEMENT_3D('',#4413,#3331,#3332);
#2862=AXIS2_PLACEMENT_3D('',#4415,#3333,#3334);
#2863=AXIS2_PLACEMENT_3D('',#4416,#3335,#3336);
#2864=AXIS2_PLACEMENT_3D('',#4417,#3337,#3338);
#2865=AXIS2_PLACEMENT_3D('',#4419,#3340,#3341);
#2866=AXIS2_PLACEMENT_3D('',#4422,#3343,#3344);
#2867=AXIS2_PLACEMENT_3D('',#4423,#3345,#3346);
#2868=AXIS2_PLACEMENT_3D('',#4425,#3347,#3348);
#2869=AXIS2_PLACEMENT_3D('',#4426,#3349,#3350);
#2870=AXIS2_PLACEMENT_3D('',#4427,#3351,#3352);
#2871=AXIS2_PLACEMENT_3D('',#4429,#3354,#3355);
#2872=AXIS2_PLACEMENT_3D('',#4431,#3357,#3358);
#2873=AXIS2_PLACEMENT_3D('',#4434,#3360,#3361);
#2874=AXIS2_PLACEMENT_3D('',#4435,#3362,#3363);
#2875=AXIS2_PLACEMENT_3D('',#4437,#3364,#3365);
#2876=AXIS2_PLACEMENT_3D('',#4438,#3366,#3367);
#2877=AXIS2_PLACEMENT_3D('',#4439,#3368,#3369);
#2878=AXIS2_PLACEMENT_3D('',#4441,#3371,#3372);
#2879=AXIS2_PLACEMENT_3D('',#4444,#3374,#3375);
#2880=AXIS2_PLACEMENT_3D('',#4445,#3376,#3377);
#2881=AXIS2_PLACEMENT_3D('',#4447,#3378,#3379);
#2882=AXIS2_PLACEMENT_3D('',#4448,#3380,#3381);
#2883=AXIS2_PLACEMENT_3D('',#4449,#3382,#3383);
#2884=AXIS2_PLACEMENT_3D('',#4451,#3385,#3386);
#2885=AXIS2_PLACEMENT_3D('',#4453,#3388,#3389);
#2886=AXIS2_PLACEMENT_3D('',#4456,#3391,#3392);
#2887=AXIS2_PLACEMENT_3D('',#4457,#3393,#3394);
#2888=AXIS2_PLACEMENT_3D('',#4459,#3395,#3396);
#2889=AXIS2_PLACEMENT_3D('',#4460,#3397,#3398);
#2890=AXIS2_PLACEMENT_3D('',#4461,#3399,#3400);
#2891=AXIS2_PLACEMENT_3D('',#4463,#3402,#3403);
#2892=AXIS2_PLACEMENT_3D('',#4466,#3406,#3407);
#2893=AXIS2_PLACEMENT_3D('',#4470,#3410,#3411);
#2894=AXIS2_PLACEMENT_3D('',#4473,#3413,#3414);
#2895=AXIS2_PLACEMENT_3D('',#4474,#3415,#3416);
#2896=AXIS2_PLACEMENT_3D('',#4478,#3419,#3420);
#2897=AXIS2_PLACEMENT_3D('',#4481,#3422,#3423);
#2898=AXIS2_PLACEMENT_3D('',#4482,#3424,#3425);
#2899=AXIS2_PLACEMENT_3D('',#4489,#3430,#3431);
#2900=AXIS2_PLACEMENT_3D('',#4492,#3433,#3434);
#2901=AXIS2_PLACEMENT_3D('',#4493,#3435,#3436);
#2902=AXIS2_PLACEMENT_3D('',#4497,#3439,#3440);
#2903=AXIS2_PLACEMENT_3D('',#4500,#3442,#3443);
#2904=AXIS2_PLACEMENT_3D('',#4501,#3444,#3445);
#2905=AXIS2_PLACEMENT_3D('',#4509,#3450,#3451);
#2906=AXIS2_PLACEMENT_3D('',#4512,#3453,#3454);
#2907=AXIS2_PLACEMENT_3D('',#4513,#3455,#3456);
#2908=AXIS2_PLACEMENT_3D('',#4516,#3457,#3458);
#2909=AXIS2_PLACEMENT_3D('',#4520,#3460,#3461);
#2910=AXIS2_PLACEMENT_3D('',#4524,#3464,#3465);
#2911=AXIS2_PLACEMENT_3D('',#4530,#3469,#3470);
#2912=AXIS2_PLACEMENT_3D('',#4533,#3471,#3472);
#2913=AXIS2_PLACEMENT_3D('',#4537,#3474,#3475);
#2914=AXIS2_PLACEMENT_3D('',#4539,#3477,#3478);
#2915=AXIS2_PLACEMENT_3D('',#4546,#3483,#3484);
#2916=AXIS2_PLACEMENT_3D('',#4549,#3485,#3486);
#2917=AXIS2_PLACEMENT_3D('',#4553,#3488,#3489);
#2918=AXIS2_PLACEMENT_3D('',#4555,#3491,#3492);
#2919=AXIS2_PLACEMENT_3D('',#4565,#3498,#3499);
#2920=AXIS2_PLACEMENT_3D('',#4567,#3500,#3501);
#2921=AXIS2_PLACEMENT_3D('',#4571,#3504,#3505);
#2922=AXIS2_PLACEMENT_3D('',#4572,#3506,#3507);
#2923=AXIS2_PLACEMENT_3D('',#4576,#3510,#3511);
#2924=AXIS2_PLACEMENT_3D('',#4579,#3512,#3513);
#2925=AXIS2_PLACEMENT_3D('',#4583,#3515,#3516);
#2926=AXIS2_PLACEMENT_3D('',#4585,#3518,#3519);
#2927=AXIS2_PLACEMENT_3D('',#4588,#3522,#3523);
#2928=AXIS2_PLACEMENT_3D('',#4591,#3524,#3525);
#2929=AXIS2_PLACEMENT_3D('',#4595,#3527,#3528);
#2930=AXIS2_PLACEMENT_3D('',#4597,#3530,#3531);
#2931=AXIS2_PLACEMENT_3D('',#4600,#3534,#3535);
#2932=AXIS2_PLACEMENT_3D('',#4602,#3536,#3537);
#2933=AXIS2_PLACEMENT_3D('',#4605,#3539,#3540);
#2934=AXIS2_PLACEMENT_3D('',#4613,#3545,#3546);
#2935=AXIS2_PLACEMENT_3D('',#4615,#3547,#3548);
#2936=AXIS2_PLACEMENT_3D('',#4617,#3550,#3551);
#2937=AXIS2_PLACEMENT_3D('',#4621,#3553,#3554);
#2938=AXIS2_PLACEMENT_3D('',#4623,#3556,#3557);
#2939=AXIS2_PLACEMENT_3D('',#4644,#3570,#3571);
#2940=AXIS2_PLACEMENT_3D('',#4648,#3573,#3574);
#2941=AXIS2_PLACEMENT_3D('',#4650,#3576,#3577);
#2942=AXIS2_PLACEMENT_3D('',#4654,#3580,#3581);
#2943=AXIS2_PLACEMENT_3D('',#4656,#3582,#3583);
#2944=AXIS2_PLACEMENT_3D('',#4658,#3585,#3586);
#2945=AXIS2_PLACEMENT_3D('',#4661,#3587,#3588);
#2946=AXIS2_PLACEMENT_3D('',#4662,#3589,#3590);
#2947=AXIS2_PLACEMENT_3D('',#4663,#3591,#3592);
#2948=AXIS2_PLACEMENT_3D('',#4664,#3593,#3594);
#2949=AXIS2_PLACEMENT_3D('',#4665,#3595,#3596);
#2950=AXIS2_PLACEMENT_3D('',#4667,#3597,#3598);
#2951=AXIS2_PLACEMENT_3D('',#4668,#3599,#3600);
#2952=AXIS2_PLACEMENT_3D('',#4669,#3601,#3602);
#2953=AXIS2_PLACEMENT_3D('',#4671,#3604,#3605);
#2954=AXIS2_PLACEMENT_3D('',#4673,#3607,#3608);
#2955=AXIS2_PLACEMENT_3D('',#4676,#3609,#3610);
#2956=AXIS2_PLACEMENT_3D('',#4677,#3611,#3612);
#2957=AXIS2_PLACEMENT_3D('',#4678,#3613,#3614);
#2958=AXIS2_PLACEMENT_3D('',#4679,#3615,#3616);
#2959=AXIS2_PLACEMENT_3D('',#4681,#3618,#3619);
#2960=AXIS2_PLACEMENT_3D('',#4683,#3620,#3621);
#2961=AXIS2_PLACEMENT_3D('',#4684,#3622,#3623);
#2962=AXIS2_PLACEMENT_3D('',#4685,#3624,#3625);
#2963=AXIS2_PLACEMENT_3D('',#4687,#3627,#3628);
#2964=AXIS2_PLACEMENT_3D('',#4688,#3629,#3630);
#2965=AXIS2_PLACEMENT_3D('',#4690,#3632,#3633);
#2966=AXIS2_PLACEMENT_3D('',#4693,#3636,#3637);
#2967=AXIS2_PLACEMENT_3D('',#4696,#3638,#3639);
#2968=AXIS2_PLACEMENT_3D('',#4699,#3642,#3643);
#2969=AXIS2_PLACEMENT_3D('',#4713,#3652,#3653);
#2970=AXIS2_PLACEMENT_3D('',#4719,#3657,#3658);
#2971=AXIS2_PLACEMENT_3D('',#4721,#3660,#3661);
#2972=AXIS2_PLACEMENT_3D('',#4722,#3662,#3663);
#2973=AXIS2_PLACEMENT_3D('',#4724,#3665,#3666);
#2974=AXIS2_PLACEMENT_3D('',#4726,#3668,#3669);
#2975=AXIS2_PLACEMENT_3D('',#4732,#3673,#3674);
#2976=AXIS2_PLACEMENT_3D('',#4735,#3676,#3677);
#2977=AXIS2_PLACEMENT_3D('',#4736,#3678,#3679);
#2978=AXIS2_PLACEMENT_3D('',#4740,#3682,#3683);
#2979=AXIS2_PLACEMENT_3D('',#4741,#3684,#3685);
#2980=AXIS2_PLACEMENT_3D('',#4742,#3686,#3687);
#2981=AXIS2_PLACEMENT_3D('',#4743,#3688,#3689);
#2982=AXIS2_PLACEMENT_3D('',#4774,#3690,#3691);
#2983=AXIS2_PLACEMENT_3D('',#4775,#3692,#3693);
#2984=AXIS2_PLACEMENT_3D('',#4776,#3694,#3695);
#2985=AXIS2_PLACEMENT_3D('',#4807,#3696,#3697);
#2986=AXIS2_PLACEMENT_3D('',#4808,#3698,#3699);
#2987=AXIS2_PLACEMENT_3D('',#4809,#3700,#3701);
#2988=AXIS2_PLACEMENT_3D('',#4811,#3703,#3704);
#2989=AXIS2_PLACEMENT_3D('',#4813,#3706,#3707);
#2990=AXIS2_PLACEMENT_3D('',#4814,#3708,#3709);
#2991=AXIS2_PLACEMENT_3D('',#4816,#3711,#3712);
#2992=AXIS2_PLACEMENT_3D('',#4820,#3715,#3716);
#2993=AXIS2_PLACEMENT_3D('',#4821,#3717,#3718);
#2994=AXIS2_PLACEMENT_3D('',#4824,#3721,#3722);
#2995=AXIS2_PLACEMENT_3D('',#4830,#3726,#3727);
#2996=AXIS2_PLACEMENT_3D('',#4831,#3728,#3729);
#2997=AXIS2_PLACEMENT_3D('',#4834,#3732,#3733);
#2998=AXIS2_PLACEMENT_3D('',#4835,#3734,#3735);
#2999=AXIS2_PLACEMENT_3D('',#4836,#3736,#3737);
#3000=AXIS2_PLACEMENT_3D('',#4840,#3740,#3741);
#3001=AXIS2_PLACEMENT_3D('',#4842,#3742,#3743);
#3002=AXIS2_PLACEMENT_3D('',#4844,#3745,#3746);
#3003=AXIS2_PLACEMENT_3D('',#4846,#3748,#3749);
#3004=AXIS2_PLACEMENT_3D('',#4847,#3750,#3751);
#3005=AXIS2_PLACEMENT_3D('',#4851,#3754,#3755);
#3006=AXIS2_PLACEMENT_3D('',#4852,#3756,#3757);
#3007=AXIS2_PLACEMENT_3D('',#4853,#3758,#3759);
#3008=AXIS2_PLACEMENT_3D('',#4855,#3761,#3762);
#3009=AXIS2_PLACEMENT_3D('',#4857,#3764,#3765);
#3010=AXIS2_PLACEMENT_3D('',#4858,#3766,#3767);
#3011=AXIS2_PLACEMENT_3D('',#4859,#3768,#3769);
#3012=AXIS2_PLACEMENT_3D('',#4860,#3770,#3771);
#3013=AXIS2_PLACEMENT_3D('',#4863,#3772,#3773);
#3014=AXIS2_PLACEMENT_3D('',#4867,#3775,#3776);
#3015=AXIS2_PLACEMENT_3D('',#4869,#3778,#3779);
#3016=AXIS2_PLACEMENT_3D('',#4877,#3784,#3785);
#3017=AXIS2_PLACEMENT_3D('',#4881,#3788,#3789);
#3018=AXIS2_PLACEMENT_3D('',#4887,#3793,#3794);
#3019=AXIS2_PLACEMENT_3D('',#4890,#3797,#3798);
#3020=AXIS2_PLACEMENT_3D('',#4891,#3799,#3800);
#3021=AXIS2_PLACEMENT_3D('',#4892,#3801,#3802);
#3022=AXIS2_PLACEMENT_3D('',#4901,#3807,#3808);
#3023=AXIS2_PLACEMENT_3D('',#4907,#3812,#3813);
#3024=AXIS2_PLACEMENT_3D('',#4913,#3817,#3818);
#3025=AXIS2_PLACEMENT_3D('',#4916,#3821,#3822);
#3026=AXIS2_PLACEMENT_3D('',#4917,#3823,#3824);
#3027=DIRECTION('axis',(0.,0.,1.));
#3028=DIRECTION('refdir',(1.,0.,0.));
#3029=DIRECTION('center_axis',(0.,1.,0.));
#3030=DIRECTION('ref_axis',(1.,0.,0.));
#3031=DIRECTION('',(1.,0.,0.));
#3032=DIRECTION('',(0.,0.,-1.));
#3033=DIRECTION('',(-1.,0.,0.));
#3034=DIRECTION('',(0.,0.,-1.));
#3035=DIRECTION('center_axis',(-1.,0.,0.));
#3036=DIRECTION('ref_axis',(0.,1.,0.));
#3037=DIRECTION('',(0.,1.,0.));
#3038=DIRECTION('',(0.,0.,-1.));
#3039=DIRECTION('',(0.,-1.,0.));
#3040=DIRECTION('center_axis',(0.,-1.,0.));
#3041=DIRECTION('ref_axis',(-1.,0.,0.));
#3042=DIRECTION('',(-1.,0.,0.));
#3043=DIRECTION('',(0.,0.,-1.));
#3044=DIRECTION('',(1.,0.,0.));
#3045=DIRECTION('center_axis',(1.,0.,0.));
#3046=DIRECTION('ref_axis',(0.,-1.,0.));
#3047=DIRECTION('',(0.,-1.,0.));
#3048=DIRECTION('',(0.,1.,0.));
#3049=DIRECTION('center_axis',(-1.,0.,0.));
#3050=DIRECTION('ref_axis',(0.,0.,1.));
#3051=DIRECTION('center_axis',(-1.,0.,0.));
#3052=DIRECTION('ref_axis',(0.,-0.707106781186547,0.707106781186548));
#3053=DIRECTION('',(0.,0.,1.));
#3054=DIRECTION('',(0.,1.,0.));
#3055=DIRECTION('',(0.,0.,-1.));
#3056=DIRECTION('center_axis',(1.,0.,0.));
#3057=DIRECTION('ref_axis',(0.,-0.707106781186548,0.707106781186547));
#3058=DIRECTION('',(0.,-1.,0.));
#3059=DIRECTION('',(0.,0.,1.));
#3060=DIRECTION('',(0.,1.,0.));
#3061=DIRECTION('center_axis',(0.,0.,-1.));
#3062=DIRECTION('ref_axis',(-1.,0.,0.));
#3063=DIRECTION('',(1.,0.,0.));
#3064=DIRECTION('',(-1.,0.,0.));
#3065=DIRECTION('',(0.,1.,0.));
#3066=DIRECTION('center_axis',(1.,0.,0.));
#3067=DIRECTION('ref_axis',(0.,0.,-1.));
#3068=DIRECTION('center_axis',(1.,0.,0.));
#3069=DIRECTION('ref_axis',(0.,-0.707106781186547,0.707106781186548));
#3070=DIRECTION('',(0.,-1.,0.));
#3071=DIRECTION('',(0.,0.,-1.));
#3072=DIRECTION('',(0.,1.,0.));
#3073=DIRECTION('center_axis',(-1.,0.,0.));
#3074=DIRECTION('ref_axis',(0.,-0.707106781186548,0.707106781186547));
#3075=DIRECTION('',(0.,0.,1.));
#3076=DIRECTION('',(0.,0.,-1.));
#3077=DIRECTION('center_axis',(0.,1.,0.));
#3078=DIRECTION('ref_axis',(0.,0.,1.));
#3079=DIRECTION('',(-1.,0.,0.));
#3080=DIRECTION('',(1.,0.,0.));
#3081=DIRECTION('center_axis',(0.,1.,0.));
#3082=DIRECTION('ref_axis',(1.,0.,0.));
#3083=DIRECTION('',(1.,0.,0.));
#3084=DIRECTION('',(0.,0.,1.));
#3085=DIRECTION('',(-1.,0.,0.));
#3086=DIRECTION('',(0.,0.,-1.));
#3087=DIRECTION('',(1.,0.,0.));
#3088=DIRECTION('center_axis',(-1.,0.,0.));
#3089=DIRECTION('ref_axis',(0.,-0.707106781186547,0.707106781186548));
#3090=DIRECTION('',(-1.,0.,0.));
#3091=DIRECTION('center_axis',(-1.,0.,0.));
#3092=DIRECTION('ref_axis',(0.,0.,1.));
#3093=DIRECTION('center_axis',(0.,0.,1.));
#3094=DIRECTION('ref_axis',(1.,0.,0.));
#3095=DIRECTION('',(-1.,0.,0.));
#3096=DIRECTION('',(0.,-1.,0.));
#3097=DIRECTION('',(1.,0.,0.));
#3098=DIRECTION('',(0.,-1.,0.));
#3099=DIRECTION('center_axis',(0.,0.,1.));
#3100=DIRECTION('ref_axis',(0.707106781186549,-0.707106781186546,0.));
#3101=DIRECTION('',(-1.,0.,0.));
#3102=DIRECTION('center_axis',(0.,0.,1.));
#3103=DIRECTION('ref_axis',(-0.707106781186546,-0.707106781186549,0.));
#3104=DIRECTION('',(0.,1.,0.));
#3105=DIRECTION('',(1.,0.,0.));
#3106=DIRECTION('',(0.,1.,0.));
#3107=DIRECTION('center_axis',(0.,0.,-1.));
#3108=DIRECTION('ref_axis',(1.,0.,0.));
#3109=DIRECTION('center_axis',(0.,0.,-1.));
#3110=DIRECTION('ref_axis',(1.,0.,0.));
#3111=DIRECTION('center_axis',(0.,1.,0.));
#3112=DIRECTION('ref_axis',(1.,0.,0.));
#3113=DIRECTION('',(-1.,0.,0.));
#3114=DIRECTION('',(0.,0.,1.));
#3115=DIRECTION('center_axis',(0.,1.,0.));
#3116=DIRECTION('ref_axis',(-0.707106781186547,0.,-0.707106781186548));
#3117=DIRECTION('',(-1.,0.,0.));
#3118=DIRECTION('',(0.,0.,1.));
#3119=DIRECTION('',(1.,0.,0.));
#3120=DIRECTION('center_axis',(0.,1.,0.));
#3121=DIRECTION('ref_axis',(-0.707106781186548,0.,0.707106781186548));
#3122=DIRECTION('',(0.,0.,1.));
#3123=DIRECTION('',(1.,0.,0.));
#3124=DIRECTION('',(0.,0.,-1.));
#3125=DIRECTION('center_axis',(0.,1.,0.));
#3126=DIRECTION('ref_axis',(0.707106781186547,0.,0.707106781186548));
#3127=DIRECTION('',(1.,0.,0.));
#3128=DIRECTION('',(0.,0.,-1.));
#3129=DIRECTION('',(-1.,0.,0.));
#3130=DIRECTION('center_axis',(0.,1.,0.));
#3131=DIRECTION('ref_axis',(0.707106781186548,0.,-0.707106781186548));
#3132=DIRECTION('',(0.,0.,-1.));
#3133=DIRECTION('',(-1.,0.,0.));
#3134=DIRECTION('center_axis',(1.,0.,0.));
#3135=DIRECTION('ref_axis',(0.,-0.707106781186548,0.707106781186547));
#3136=DIRECTION('',(1.,0.,0.));
#3137=DIRECTION('center_axis',(-0.894427190999917,0.,0.447213595499957));
#3138=DIRECTION('ref_axis',(0.447213595499957,0.,0.894427190999917));
#3139=DIRECTION('center_axis',(1.,0.,0.));
#3140=DIRECTION('ref_axis',(0.,-0.707106781186548,0.707106781186547));
#3141=DIRECTION('center_axis',(0.894427190999916,-1.48952049194836E-15,
0.447213595499957));
#3142=DIRECTION('ref_axis',(-0.447213595499957,0.,0.894427190999916));
#3143=DIRECTION('',(1.,0.,0.));
#3144=DIRECTION('',(1.,0.,0.));
#3145=DIRECTION('',(1.,0.,0.));
#3146=DIRECTION('center_axis',(0.,0.,-1.));
#3147=DIRECTION('ref_axis',(0.707106781186549,-0.707106781186546,0.));
#3148=DIRECTION('center_axis',(0.,0.,1.));
#3149=DIRECTION('ref_axis',(0.707106781186549,-0.707106781186546,0.));
#3150=DIRECTION('',(0.,0.,1.));
#3151=DIRECTION('',(0.,0.,-1.));
#3152=DIRECTION('center_axis',(1.,0.,0.));
#3153=DIRECTION('ref_axis',(0.,-1.,0.));
#3154=DIRECTION('',(0.,0.,1.));
#3155=DIRECTION('',(0.,1.,0.));
#3156=DIRECTION('',(0.,-1.,0.));
#3157=DIRECTION('center_axis',(0.,0.,-1.));
#3158=DIRECTION('ref_axis',(-0.707106781186546,-0.707106781186549,0.));
#3159=DIRECTION('center_axis',(0.,0.,1.));
#3160=DIRECTION('ref_axis',(-0.707106781186546,-0.707106781186549,0.));
#3161=DIRECTION('',(0.,0.,1.));
#3162=DIRECTION('',(0.,0.,-1.));
#3163=DIRECTION('center_axis',(0.,-1.,0.));
#3164=DIRECTION('ref_axis',(-1.,0.,0.));
#3165=DIRECTION('',(-1.,0.,0.));
#3166=DIRECTION('center_axis',(0.,0.,-1.));
#3167=DIRECTION('ref_axis',(0.979795977616499,-0.199999605615933,0.));
#3168=DIRECTION('center_axis',(0.,0.,-1.));
#3169=DIRECTION('ref_axis',(0.979795977616499,-0.199999605615933,0.));
#3170=DIRECTION('',(0.,0.,1.));
#3171=DIRECTION('center_axis',(0.,0.,1.));
#3172=DIRECTION('ref_axis',(0.979795977616499,-0.199999605615933,0.));
#3173=DIRECTION('',(0.,0.,1.));
#3174=DIRECTION('center_axis',(0.,0.,1.));
#3175=DIRECTION('ref_axis',(-0.979795977616499,-0.199999605615933,0.));
#3176=DIRECTION('center_axis',(0.,0.,1.));
#3177=DIRECTION('ref_axis',(-0.979795977616499,-0.199999605615933,0.));
#3178=DIRECTION('',(0.,0.,-1.));
#3179=DIRECTION('center_axis',(0.,0.,-1.));
#3180=DIRECTION('ref_axis',(-0.979795977616499,-0.199999605615933,0.));
#3181=DIRECTION('',(0.,0.,-1.));
#3182=DIRECTION('center_axis',(-1.,0.,0.));
#3183=DIRECTION('ref_axis',(0.,1.,0.));
#3184=DIRECTION('',(0.,1.,0.));
#3185=DIRECTION('',(0.,-1.,0.));
#3186=DIRECTION('',(0.,0.,-1.));
#3187=DIRECTION('center_axis',(0.,0.,-1.));
#3188=DIRECTION('ref_axis',(-1.,0.,0.));
#3189=DIRECTION('',(1.,0.,0.));
#3190=DIRECTION('',(1.,0.,0.));
#3191=DIRECTION('',(1.,0.,0.));
#3192=DIRECTION('center_axis',(0.,-1.,0.));
#3193=DIRECTION('ref_axis',(-1.,0.,0.));
#3194=DIRECTION('',(1.,0.,0.));
#3195=DIRECTION('center_axis',(0.,1.,0.));
#3196=DIRECTION('ref_axis',(0.,0.,1.));
#3197=DIRECTION('center_axis',(0.,-1.,0.));
#3198=DIRECTION('ref_axis',(0.707106781186546,0.,0.707106781186549));
#3199=DIRECTION('',(0.,0.,-1.));
#3200=DIRECTION('',(-1.,0.,0.));
#3201=DIRECTION('',(0.,0.,1.));
#3202=DIRECTION('',(0.,0.,1.));
#3203=DIRECTION('',(-1.,0.,0.));
#3204=DIRECTION('center_axis',(0.,1.,0.));
#3205=DIRECTION('ref_axis',(0.,0.,1.));
#3206=DIRECTION('',(-1.,0.,0.));
#3207=DIRECTION('',(0.,0.,-1.));
#3208=DIRECTION('',(1.,0.,0.));
#3209=DIRECTION('',(0.,0.,-1.));
#3210=DIRECTION('',(-1.,0.,0.));
#3211=DIRECTION('center_axis',(0.,-1.,0.));
#3212=DIRECTION('ref_axis',(-0.707106781186549,0.,-0.707106781186546));
#3213=DIRECTION('',(0.,0.,1.));
#3214=DIRECTION('center_axis',(0.,-1.,0.));
#3215=DIRECTION('ref_axis',(-0.707106781186547,0.,0.707106781186548));
#3216=DIRECTION('center_axis',(0.,0.,-1.));
#3217=DIRECTION('ref_axis',(-1.,0.,0.));
#3218=DIRECTION('',(0.,1.,0.));
#3219=DIRECTION('',(1.,0.,0.));
#3220=DIRECTION('center_axis',(0.,0.,-1.));
#3221=DIRECTION('ref_axis',(1.,0.,0.));
#3222=DIRECTION('',(0.,0.,-1.));
#3223=DIRECTION('center_axis',(0.,0.,1.));
#3224=DIRECTION('ref_axis',(1.,0.,0.));
#3225=DIRECTION('center_axis',(0.,0.,-1.));
#3226=DIRECTION('ref_axis',(1.,0.,0.));
#3227=DIRECTION('',(0.,0.,-1.));
#3228=DIRECTION('center_axis',(0.,0.,1.));
#3229=DIRECTION('ref_axis',(1.,0.,0.));
#3230=DIRECTION('center_axis',(0.,0.,-1.));
#3231=DIRECTION('ref_axis',(-1.,0.,0.));
#3232=DIRECTION('',(1.,0.,0.));
#3233=DIRECTION('',(0.,1.,0.));
#3234=DIRECTION('',(-1.,0.,0.));
#3235=DIRECTION('',(0.,1.,0.));
#3236=DIRECTION('center_axis',(0.,1.,0.));
#3237=DIRECTION('ref_axis',(0.,0.,1.));
#3238=DIRECTION('',(-1.,0.,0.));
#3239=DIRECTION('center_axis',(0.,1.,0.));
#3240=DIRECTION('ref_axis',(-0.707106781186548,0.,0.707106781186547));
#3241=DIRECTION('',(0.,0.,1.));
#3242=DIRECTION('center_axis',(0.,-1.,0.));
#3243=DIRECTION('ref_axis',(-1.,0.,0.));
#3244=DIRECTION('center_axis',(0.,-1.,0.));
#3245=DIRECTION('ref_axis',(-1.,0.,0.));
#3246=DIRECTION('',(0.,-1.,0.));
#3247=DIRECTION('center_axis',(0.,-1.,0.));
#3248=DIRECTION('ref_axis',(-1.,0.,0.));
#3249=DIRECTION('center_axis',(0.,1.,0.));
#3250=DIRECTION('ref_axis',(-1.,0.,0.));
#3251=DIRECTION('center_axis',(0.,-1.,0.));
#3252=DIRECTION('ref_axis',(-1.,0.,0.));
#3253=DIRECTION('center_axis',(0.,-1.,0.));
#3254=DIRECTION('ref_axis',(-1.,0.,0.));
#3255=DIRECTION('',(0.,-1.,0.));
#3256=DIRECTION('center_axis',(0.,-1.,0.));
#3257=DIRECTION('ref_axis',(-1.,0.,0.));
#3258=DIRECTION('center_axis',(0.,1.,0.));
#3259=DIRECTION('ref_axis',(-1.,0.,0.));
#3260=DIRECTION('center_axis',(-1.,0.,0.));
#3261=DIRECTION('ref_axis',(0.,0.,1.));
#3262=DIRECTION('center_axis',(-1.,0.,0.));
#3263=DIRECTION('ref_axis',(0.,0.,1.));
#3264=DIRECTION('',(1.,0.,0.));
#3265=DIRECTION('center_axis',(1.,0.,0.));
#3266=DIRECTION('ref_axis',(0.,0.,1.));
#3267=DIRECTION('center_axis',(1.,0.,0.));
#3268=DIRECTION('ref_axis',(0.,0.,1.));
#3269=DIRECTION('center_axis',(-1.,0.,0.));
#3270=DIRECTION('ref_axis',(0.,0.,1.));
#3271=DIRECTION('center_axis',(-1.,0.,0.));
#3272=DIRECTION('ref_axis',(0.,0.,1.));
#3273=DIRECTION('',(0.,1.,0.));
#3274=DIRECTION('',(0.,0.,1.));
#3275=DIRECTION('',(0.,0.,1.));
#3276=DIRECTION('',(0.,1.,0.));
#3277=DIRECTION('',(0.,0.,-1.));
#3278=DIRECTION('center_axis',(-1.,0.,0.));
#3279=DIRECTION('ref_axis',(0.,0.,1.));
#3280=DIRECTION('center_axis',(-1.,0.,0.));
#3281=DIRECTION('ref_axis',(0.,0.,1.));
#3282=DIRECTION('',(1.,0.,0.));
#3283=DIRECTION('center_axis',(1.,0.,0.));
#3284=DIRECTION('ref_axis',(0.,0.,1.));
#3285=DIRECTION('center_axis',(1.,0.,0.));
#3286=DIRECTION('ref_axis',(0.,0.,1.));
#3287=DIRECTION('center_axis',(-1.,0.,0.));
#3288=DIRECTION('ref_axis',(0.,0.,1.));
#3289=DIRECTION('center_axis',(-1.,0.,0.));
#3290=DIRECTION('ref_axis',(0.,0.,1.));
#3291=DIRECTION('',(0.,-1.,0.));
#3292=DIRECTION('',(0.,0.,-1.));
#3293=DIRECTION('center_axis',(-0.894427190999917,0.,-0.447213595499956));
#3294=DIRECTION('ref_axis',(0.447213595499956,0.,-0.894427190999917));
#3295=DIRECTION('center_axis',(0.447213595499956,0.,0.894427190999917));
#3296=DIRECTION('ref_axis',(0.894427190999917,0.,-0.447213595499956));
#3297=DIRECTION('center_axis',(0.,1.,0.));
#3298=DIRECTION('ref_axis',(1.,0.,0.));
#3299=DIRECTION('center_axis',(-0.894427190999917,0.,-0.447213595499956));
#3300=DIRECTION('ref_axis',(0.447213595499956,0.,-0.894427190999917));
#3301=DIRECTION('center_axis',(0.447213595499956,0.,0.894427190999917));
#3302=DIRECTION('ref_axis',(0.894427190999917,0.,-0.447213595499956));
#3303=DIRECTION('center_axis',(0.,1.,0.));
#3304=DIRECTION('ref_axis',(1.,0.,0.));
#3305=DIRECTION('center_axis',(0.447213595499958,0.,-0.894427190999916));
#3306=DIRECTION('ref_axis',(0.894427190999916,0.,0.447213595499958));
#3307=DIRECTION('center_axis',(-0.894427190999917,0.,0.447213595499957));
#3308=DIRECTION('ref_axis',(0.447213595499957,0.,0.894427190999917));
#3309=DIRECTION('center_axis',(-5.55111512312575E-16,1.,-5.55111512312578E-16));
#3310=DIRECTION('ref_axis',(0.,5.55111512312578E-16,1.));
#3311=DIRECTION('center_axis',(0.447213595499957,0.,-0.894427190999916));
#3312=DIRECTION('ref_axis',(0.894427190999916,0.,0.447213595499957));
#3313=DIRECTION('center_axis',(0.,1.,0.));
#3314=DIRECTION('ref_axis',(0.,0.,1.));
#3315=DIRECTION('center_axis',(-0.447213595499956,0.,-0.894427190999917));
#3316=DIRECTION('ref_axis',(-0.894427190999917,0.,0.447213595499956));
#3317=DIRECTION('center_axis',(0.,1.,0.));
#3318=DIRECTION('ref_axis',(-1.,0.,-5.55111512312578E-16));
#3319=DIRECTION('center_axis',(0.894427190999916,0.,0.447213595499958));
#3320=DIRECTION('ref_axis',(-0.447213595499957,0.,0.894427190999916));
#3321=DIRECTION('center_axis',(-0.447213595499958,0.,-0.894427190999916));
#3322=DIRECTION('ref_axis',(-0.894427190999916,0.,0.447213595499958));
#3323=DIRECTION('center_axis',(0.,1.,0.));
#3324=DIRECTION('ref_axis',(-1.,0.,0.));
#3325=DIRECTION('center_axis',(-0.447213595499957,0.,0.894427190999917));
#3326=DIRECTION('ref_axis',(-0.894427190999916,0.,-0.447213595499957));
#3327=DIRECTION('center_axis',(0.894427190999916,0.,-0.447213595499959));
#3328=DIRECTION('ref_axis',(-0.447213595499959,0.,-0.894427190999916));
#3329=DIRECTION('center_axis',(0.,1.,0.));
#3330=DIRECTION('ref_axis',(2.77555756156288E-16,0.,-1.));
#3331=DIRECTION('center_axis',(-0.447213595499957,0.,0.894427190999917));
#3332=DIRECTION('ref_axis',(-0.894427190999917,0.,-0.447213595499957));
#3333=DIRECTION('center_axis',(0.894427190999916,-4.96506830649455E-16,
-0.447213595499958));
#3334=DIRECTION('ref_axis',(-0.447213595499958,0.,-0.894427190999916));
#3335=DIRECTION('center_axis',(0.,1.,0.));
#3336=DIRECTION('ref_axis',(1.11022302462515E-15,0.,-1.));
#3337=DIRECTION('center_axis',(-1.,0.,0.));
#3338=DIRECTION('ref_axis',(0.,-0.707106781186546,-0.707106781186549));
#3339=DIRECTION('',(-1.,0.,0.));
#3340=DIRECTION('center_axis',(0.,0.,1.));
#3341=DIRECTION('ref_axis',(-0.707106781186547,-0.707106781186548,0.));
#3342=DIRECTION('',(0.,0.,1.));
#3343=DIRECTION('center_axis',(0.,0.,1.));
#3344=DIRECTION('ref_axis',(-1.,0.,0.));
#3345=DIRECTION('center_axis',(0.,-1.,0.));
#3346=DIRECTION('ref_axis',(0.,0.,-1.));
#3347=DIRECTION('center_axis',(-1.,0.,0.));
#3348=DIRECTION('ref_axis',(0.,0.,-1.));
#3349=DIRECTION('center_axis',(0.,-1.,0.));
#3350=DIRECTION('ref_axis',(0.707106781186547,0.,0.707106781186548));
#3351=DIRECTION('center_axis',(-1.,0.,0.));
#3352=DIRECTION('ref_axis',(0.,-0.707106781186546,-0.707106781186549));
#3353=DIRECTION('',(-1.,0.,0.));
#3354=DIRECTION('center_axis',(0.,0.,1.));
#3355=DIRECTION('ref_axis',(-0.707106781186547,-0.707106781186548,0.));
#3356=DIRECTION('',(0.,0.,1.));
#3357=DIRECTION('center_axis',(1.,0.,0.));
#3358=DIRECTION('ref_axis',(0.,-0.707106781186548,0.707106781186547));
#3359=DIRECTION('',(1.,0.,0.));
#3360=DIRECTION('center_axis',(1.,0.,-2.77555756156289E-16));
#3361=DIRECTION('ref_axis',(2.77555756156289E-16,0.,1.));
#3362=DIRECTION('center_axis',(0.,-1.,0.));
#3363=DIRECTION('ref_axis',(0.,0.,-1.));
#3364=DIRECTION('center_axis',(-8.32667268468868E-16,0.,1.));
#3365=DIRECTION('ref_axis',(-1.,0.,-8.32667268468868E-16));
#3366=DIRECTION('center_axis',(0.,-1.,0.));
#3367=DIRECTION('ref_axis',(0.707106781186548,0.,-0.707106781186548));
#3368=DIRECTION('center_axis',(0.,0.,1.));
#3369=DIRECTION('ref_axis',(-0.707106781186547,-0.707106781186548,0.));
#3370=DIRECTION('',(0.,0.,1.));
#3371=DIRECTION('center_axis',(0.,0.,-1.));
#3372=DIRECTION('ref_axis',(0.707106781186549,-0.707106781186546,0.));
#3373=DIRECTION('',(0.,0.,-1.));
#3374=DIRECTION('center_axis',(0.,0.,-1.));
#3375=DIRECTION('ref_axis',(1.,0.,0.));
#3376=DIRECTION('center_axis',(0.,-1.,0.));
#3377=DIRECTION('ref_axis',(0.,0.,-1.));
#3378=DIRECTION('center_axis',(1.,0.,0.));
#3379=DIRECTION('ref_axis',(0.,0.,1.));
#3380=DIRECTION('center_axis',(0.,-1.,0.));
#3381=DIRECTION('ref_axis',(-0.707106781186547,0.,-0.707106781186548));
#3382=DIRECTION('center_axis',(1.,0.,0.));
#3383=DIRECTION('ref_axis',(0.,-0.707106781186548,0.707106781186547));
#3384=DIRECTION('',(1.,0.,0.));
#3385=DIRECTION('center_axis',(0.,0.,-1.));
#3386=DIRECTION('ref_axis',(0.707106781186549,-0.707106781186546,0.));
#3387=DIRECTION('',(0.,0.,-1.));
#3388=DIRECTION('center_axis',(-1.,0.,0.));
#3389=DIRECTION('ref_axis',(0.,-0.707106781186549,-0.707106781186546));
#3390=DIRECTION('',(-1.,0.,0.));
#3391=DIRECTION('center_axis',(-1.,0.,0.));
#3392=DIRECTION('ref_axis',(0.,0.,-1.));
#3393=DIRECTION('center_axis',(0.,-1.,0.));
#3394=DIRECTION('ref_axis',(0.,0.,-1.));
#3395=DIRECTION('center_axis',(0.,0.,-1.));
#3396=DIRECTION('ref_axis',(1.,0.,0.));
#3397=DIRECTION('center_axis',(0.,-1.,0.));
#3398=DIRECTION('ref_axis',(-0.707106781186548,0.,0.707106781186548));
#3399=DIRECTION('center_axis',(0.,0.,-1.));
#3400=DIRECTION('ref_axis',(0.707106781186546,-0.707106781186549,0.));
#3401=DIRECTION('',(0.,0.,-1.));
#3402=DIRECTION('center_axis',(0.,1.,0.));
#3403=DIRECTION('ref_axis',(-0.707106781186548,0.,0.707106781186547));
#3404=DIRECTION('',(0.,1.,0.));
#3405=DIRECTION('',(0.,-1.,0.));
#3406=DIRECTION('center_axis',(1.,0.,0.));
#3407=DIRECTION('ref_axis',(0.,0.,-1.));
#3408=DIRECTION('',(0.,1.,0.));
#3409=DIRECTION('',(0.,0.,-1.));
#3410=DIRECTION('center_axis',(0.,1.,0.));
#3411=DIRECTION('ref_axis',(1.,0.,0.));
#3412=DIRECTION('',(0.,1.,0.));
#3413=DIRECTION('center_axis',(0.,1.,0.));
#3414=DIRECTION('ref_axis',(1.,0.,0.));
#3415=DIRECTION('center_axis',(0.,0.,-1.));
#3416=DIRECTION('ref_axis',(-1.,0.,0.));
#3417=DIRECTION('',(0.,-1.,0.));
#3418=DIRECTION('',(-1.,0.,0.));
#3419=DIRECTION('center_axis',(0.,-1.,0.));
#3420=DIRECTION('ref_axis',(-0.707106781186548,0.,0.707106781186547));
#3421=DIRECTION('',(0.,1.,0.));
#3422=DIRECTION('center_axis',(0.,1.,0.));
#3423=DIRECTION('ref_axis',(-0.707106781186548,0.,0.707106781186547));
#3424=DIRECTION('center_axis',(1.,0.,0.));
#3425=DIRECTION('ref_axis',(0.,0.,-1.));
#3426=DIRECTION('',(0.,-1.,0.));
#3427=DIRECTION('',(0.,0.,-1.));
#3428=DIRECTION('',(0.,1.,0.));
#3429=DIRECTION('',(0.,0.,-1.));
#3430=DIRECTION('center_axis',(0.,1.,0.));
#3431=DIRECTION('ref_axis',(-0.707106781186549,0.,-0.707106781186546));
#3432=DIRECTION('',(0.,1.,0.));
#3433=DIRECTION('center_axis',(0.,1.,0.));
#3434=DIRECTION('ref_axis',(-0.707106781186549,0.,-0.707106781186546));
#3435=DIRECTION('center_axis',(0.,0.,1.));
#3436=DIRECTION('ref_axis',(1.,0.,0.));
#3437=DIRECTION('',(0.,1.,0.));
#3438=DIRECTION('',(1.,0.,0.));
#3439=DIRECTION('center_axis',(0.,1.,0.));
#3440=DIRECTION('ref_axis',(1.,0.,0.));
#3441=DIRECTION('',(0.,1.,0.));
#3442=DIRECTION('center_axis',(0.,1.,0.));
#3443=DIRECTION('ref_axis',(1.,0.,0.));
#3444=DIRECTION('center_axis',(1.,0.,0.));
#3445=DIRECTION('ref_axis',(0.,0.,-1.));
#3446=DIRECTION('',(0.,-1.,0.));
#3447=DIRECTION('',(0.,0.,1.));
#3448=DIRECTION('',(0.,-1.,0.));
#3449=DIRECTION('',(0.,0.,-1.));
#3450=DIRECTION('center_axis',(0.,1.,0.));
#3451=DIRECTION('ref_axis',(-0.707106781186549,0.,-0.707106781186546));
#3452=DIRECTION('',(0.,1.,0.));
#3453=DIRECTION('center_axis',(0.,1.,0.));
#3454=DIRECTION('ref_axis',(-0.707106781186549,0.,-0.707106781186546));
#3455=DIRECTION('center_axis',(-1.,0.,0.));
#3456=DIRECTION('ref_axis',(0.,-0.707106781186548,0.707106781186548));
#3457=DIRECTION('center_axis',(1.,0.,0.));
#3458=DIRECTION('ref_axis',(0.,-0.707106781186548,0.707106781186548));
#3459=DIRECTION('',(-1.,0.,0.));
#3460=DIRECTION('center_axis',(-1.,0.,0.));
#3461=DIRECTION('ref_axis',(0.,-0.707106781186548,0.707106781186548));
#3462=DIRECTION('',(-1.,0.,0.));
#3463=DIRECTION('',(1.,0.,0.));
#3464=DIRECTION('center_axis',(0.,-1.,4.03717457484198E-16));
#3465=DIRECTION('ref_axis',(0.,4.03717457484198E-16,1.));
#3466=DIRECTION('',(0.,4.03717457484198E-16,1.));
#3467=DIRECTION('',(1.,0.,0.));
#3468=DIRECTION('',(0.,-4.03717457484198E-16,-1.));
#3469=DIRECTION('center_axis',(0.,0.,1.));
#3470=DIRECTION('ref_axis',(-0.707106781186548,-0.707106781186548,0.));
#3471=DIRECTION('center_axis',(0.,0.,-1.));
#3472=DIRECTION('ref_axis',(-0.707106781186548,-0.707106781186548,0.));
#3473=DIRECTION('',(0.,0.,1.));
#3474=DIRECTION('center_axis',(0.,0.,1.));
#3475=DIRECTION('ref_axis',(-0.707106781186548,-0.707106781186548,0.));
#3476=DIRECTION('',(0.,0.,-1.));
#3477=DIRECTION('center_axis',(-1.,0.,0.));
#3478=DIRECTION('ref_axis',(0.,-1.,0.));
#3479=DIRECTION('',(0.,-1.,0.));
#3480=DIRECTION('',(0.,1.,0.));
#3481=DIRECTION('',(0.,0.,-1.));
#3482=DIRECTION('',(0.,1.,0.));
#3483=DIRECTION('center_axis',(-1.,0.,0.));
#3484=DIRECTION('ref_axis',(0.,-0.707106781186548,-0.707106781186548));
#3485=DIRECTION('center_axis',(1.,0.,0.));
#3486=DIRECTION('ref_axis',(0.,-0.707106781186548,-0.707106781186548));
#3487=DIRECTION('',(-1.,0.,0.));
#3488=DIRECTION('center_axis',(-1.,0.,0.));
#3489=DIRECTION('ref_axis',(0.,-0.707106781186548,-0.707106781186548));
#3490=DIRECTION('',(1.,0.,0.));
#3491=DIRECTION('center_axis',(0.,2.96059483527179E-15,-1.));
#3492=DIRECTION('ref_axis',(0.,-1.,-2.96059483527179E-15));
#3493=DIRECTION('',(0.,-1.,-2.96059483527179E-15));
#3494=DIRECTION('',(1.,0.,0.));
#3495=DIRECTION('',(0.,1.,2.96059483527179E-15));
#3496=DIRECTION('',(1.,0.,0.));
#3497=DIRECTION('',(0.,1.,2.96059483527179E-15));
#3498=DIRECTION('center_axis',(-1.,0.,0.));
#3499=DIRECTION('ref_axis',(0.,-0.707106781186548,-0.707106781186548));
#3500=DIRECTION('center_axis',(1.,0.,0.));
#3501=DIRECTION('ref_axis',(0.,-0.707106781186548,-0.707106781186548));
#3502=DIRECTION('',(-1.,0.,0.));
#3503=DIRECTION('',(1.,0.,0.));
#3504=DIRECTION('center_axis',(-1.,0.,0.));
#3505=DIRECTION('ref_axis',(0.,-0.707106781186548,-0.707106781186548));
#3506=DIRECTION('center_axis',(0.,0.,-1.));
#3507=DIRECTION('ref_axis',(0.,-1.,0.));
#3508=DIRECTION('',(0.,-1.,0.));
#3509=DIRECTION('',(1.,0.,0.));
#3510=DIRECTION('center_axis',(0.,0.,1.));
#3511=DIRECTION('ref_axis',(0.707106781186548,-0.707106781186548,0.));
#3512=DIRECTION('center_axis',(0.,0.,-1.));
#3513=DIRECTION('ref_axis',(0.707106781186548,-0.707106781186548,0.));
#3514=DIRECTION('',(0.,0.,1.));
#3515=DIRECTION('center_axis',(0.,0.,1.));
#3516=DIRECTION('ref_axis',(0.707106781186548,-0.707106781186548,0.));
#3517=DIRECTION('',(0.,0.,-1.));
#3518=DIRECTION('center_axis',(2.69144975666704E-16,-1.,0.));
#3519=DIRECTION('ref_axis',(1.,2.69144975666704E-16,0.));
#3520=DIRECTION('',(-1.,-2.69144975666704E-16,0.));
#3521=DIRECTION('',(1.,2.69144975666704E-16,0.));
#3522=DIRECTION('center_axis',(-1.,0.,0.));
#3523=DIRECTION('ref_axis',(0.,-0.707106781186544,0.707106781186551));
#3524=DIRECTION('center_axis',(1.,0.,0.));
#3525=DIRECTION('ref_axis',(0.,-0.707106781186544,0.707106781186551));
#3526=DIRECTION('',(-1.,0.,0.));
#3527=DIRECTION('center_axis',(-1.,0.,0.));
#3528=DIRECTION('ref_axis',(0.,-0.707106781186544,0.707106781186551));
#3529=DIRECTION('',(1.,0.,0.));
#3530=DIRECTION('center_axis',(0.,-1.,2.42230474490519E-15));
#3531=DIRECTION('ref_axis',(0.,2.42230474490519E-15,1.));
#3532=DIRECTION('',(0.,-2.42230474490519E-15,-1.));
#3533=DIRECTION('',(0.,2.42230474490519E-15,1.));
#3534=DIRECTION('center_axis',(0.,0.,-1.));
#3535=DIRECTION('ref_axis',(-1.,0.,0.));
#3536=DIRECTION('center_axis',(0.,0.,1.));
#3537=DIRECTION('ref_axis',(0.,1.,0.));
#3538=DIRECTION('',(-1.,0.,0.));
#3539=DIRECTION('center_axis',(0.,0.,1.));
#3540=DIRECTION('ref_axis',(6.83214169000096E-16,-1.,0.));
#3541=DIRECTION('',(-1.,0.,0.));
#3542=DIRECTION('',(0.,1.,0.));
#3543=DIRECTION('',(-1.,0.,0.));
#3544=DIRECTION('',(0.,1.,0.));
#3545=DIRECTION('center_axis',(0.,-1.,0.));
#3546=DIRECTION('ref_axis',(0.707106781186546,0.,0.707106781186549));
#3547=DIRECTION('center_axis',(0.,1.,0.));
#3548=DIRECTION('ref_axis',(0.707106781186546,0.,0.707106781186549));
#3549=DIRECTION('',(0.,-1.,0.));
#3550=DIRECTION('center_axis',(0.,1.,0.));
#3551=DIRECTION('ref_axis',(0.707106781186547,0.,0.707106781186548));
#3552=DIRECTION('',(0.,1.,0.));
#3553=DIRECTION('center_axis',(0.,1.,0.));
#3554=DIRECTION('ref_axis',(0.707106781186547,0.,0.707106781186548));
#3555=DIRECTION('',(0.,-1.,0.));
#3556=DIRECTION('center_axis',(-1.,0.,0.));
#3557=DIRECTION('ref_axis',(0.,0.,1.));
#3558=DIRECTION('',(0.,0.,1.));
#3559=DIRECTION('',(0.,0.,1.));
#3560=DIRECTION('',(0.,-1.,0.));
#3561=DIRECTION('',(0.,0.,1.));
#3562=DIRECTION('',(0.,0.,1.));
#3563=DIRECTION('',(0.,1.,0.));
#3564=DIRECTION('',(0.,0.,1.));
#3565=DIRECTION('',(0.,1.,0.));
#3566=DIRECTION('',(0.,0.,-1.));
#3567=DIRECTION('',(0.,1.,1.33226760969785E-14));
#3568=DIRECTION('',(0.,0.,1.));
#3569=DIRECTION('',(0.,-1.,0.));
#3570=DIRECTION('center_axis',(0.,1.,0.));
#3571=DIRECTION('ref_axis',(0.707106781186548,0.,-0.707106781186548));
#3572=DIRECTION('',(0.,1.,0.));
#3573=DIRECTION('center_axis',(0.,1.,0.));
#3574=DIRECTION('ref_axis',(0.707106781186548,0.,-0.707106781186548));
#3575=DIRECTION('',(0.,-1.,0.));
#3576=DIRECTION('center_axis',(-1.,0.,0.));
#3577=DIRECTION('ref_axis',(0.,0.,1.));
#3578=DIRECTION('',(0.,1.,0.));
#3579=DIRECTION('',(0.,0.,1.));
#3580=DIRECTION('center_axis',(0.,-1.,0.));
#3581=DIRECTION('ref_axis',(0.707106781186548,0.,-0.707106781186548));
#3582=DIRECTION('center_axis',(0.,1.,0.));
#3583=DIRECTION('ref_axis',(0.707106781186548,0.,-0.707106781186548));
#3584=DIRECTION('',(0.,-1.,0.));
#3585=DIRECTION('center_axis',(-0.81649658092773,-0.408248290463861,-0.408248290463858));
#3586=DIRECTION('ref_axis',(0.577350269189624,-0.577350269189629,-0.577350269189624));
#3587=DIRECTION('center_axis',(0.,-1.,0.));
#3588=DIRECTION('ref_axis',(1.,0.,0.));
#3589=DIRECTION('center_axis',(0.,0.,-1.));
#3590=DIRECTION('ref_axis',(0.,-1.,0.));
#3591=DIRECTION('center_axis',(1.,0.,0.));
#3592=DIRECTION('ref_axis',(0.,0.,-1.));
#3593=DIRECTION('center_axis',(-0.408248290463861,-0.816496580927726,-0.408248290463865));
#3594=DIRECTION('ref_axis',(0.577350269189624,-0.577350269189626,0.577350269189627));
#3595=DIRECTION('center_axis',(1.,0.,0.));
#3596=DIRECTION('ref_axis',(0.,-1.,0.));
#3597=DIRECTION('center_axis',(0.,0.,1.));
#3598=DIRECTION('ref_axis',(1.,0.,0.));
#3599=DIRECTION('center_axis',(0.,-1.,0.));
#3600=DIRECTION('ref_axis',(0.,0.,1.));
#3601=DIRECTION('center_axis',(0.,0.,1.));
#3602=DIRECTION('ref_axis',(0.707106781186546,-0.707106781186549,0.));
#3603=DIRECTION('',(0.,0.,1.));
#3604=DIRECTION('center_axis',(0.,1.,0.));
#3605=DIRECTION('ref_axis',(0.707106781186546,0.,0.707106781186549));
#3606=DIRECTION('',(0.,1.,0.));
#3607=DIRECTION('center_axis',(-0.816496580927728,0.408248290463862,0.40824829046386));
#3608=DIRECTION('ref_axis',(-0.577350269189625,-0.577350269189629,-0.577350269189624));
#3609=DIRECTION('center_axis',(0.,-1.,0.));
#3610=DIRECTION('ref_axis',(0.,0.,-1.));
#3611=DIRECTION('center_axis',(-1.,0.,0.));
#3612=DIRECTION('ref_axis',(0.,-1.,0.));
#3613=DIRECTION('center_axis',(0.,0.,-1.));
#3614=DIRECTION('ref_axis',(-1.,0.,0.));
#3615=DIRECTION('center_axis',(1.,0.,0.));
#3616=DIRECTION('ref_axis',(0.,-0.707106781186549,-0.707106781186546));
#3617=DIRECTION('',(1.,0.,0.));
#3618=DIRECTION('center_axis',(0.40824829046386,-0.816496580927728,-0.408248290463863));
#3619=DIRECTION('ref_axis',(-0.577350269189625,-0.577350269189624,0.577350269189629));
#3620=DIRECTION('center_axis',(0.,-1.,0.));
#3621=DIRECTION('ref_axis',(-1.,0.,0.));
#3622=DIRECTION('center_axis',(0.,0.,1.));
#3623=DIRECTION('ref_axis',(0.,-1.,0.));
#3624=DIRECTION('center_axis',(0.,0.,-1.));
#3625=DIRECTION('ref_axis',(-0.707106781186548,-0.707106781186547,0.));
#3626=DIRECTION('',(0.,0.,-1.));
#3627=DIRECTION('center_axis',(-1.,0.,0.));
#3628=DIRECTION('ref_axis',(0.,-0.707106781186547,0.707106781186548));
#3629=DIRECTION('center_axis',(0.,1.,0.));
#3630=DIRECTION('ref_axis',(-0.707106781186547,0.,0.707106781186548));
#3631=DIRECTION('',(0.,-1.,0.));
#3632=DIRECTION('center_axis',(0.,1.,0.));
#3633=DIRECTION('ref_axis',(-0.707106781186549,0.,-0.707106781186546));
#3634=DIRECTION('',(0.,-1.,0.));
#3635=DIRECTION('',(0.,1.,0.));
#3636=DIRECTION('center_axis',(0.,1.,0.));
#3637=DIRECTION('ref_axis',(0.707106781186548,0.,-0.707106781186548));
#3638=DIRECTION('center_axis',(0.,-1.,0.));
#3639=DIRECTION('ref_axis',(0.707106781186548,0.,-0.707106781186548));
#3640=DIRECTION('',(0.,-1.,0.));
#3641=DIRECTION('',(0.,1.,0.));
#3642=DIRECTION('center_axis',(1.,0.,0.));
#3643=DIRECTION('ref_axis',(0.,0.,-1.));
#3644=DIRECTION('',(0.,0.,-1.));
#3645=DIRECTION('',(0.,1.,8.88178472639688E-16));
#3646=DIRECTION('',(0.,0.,-1.));
#3647=DIRECTION('',(0.,1.,0.));
#3648=DIRECTION('',(0.,0.,1.));
#3649=DIRECTION('',(0.,-1.,0.));
#3650=DIRECTION('',(0.,0.,-1.));
#3651=DIRECTION('',(0.,1.,1.33226760969785E-14));
#3652=DIRECTION('center_axis',(0.,1.,0.));
#3653=DIRECTION('ref_axis',(0.,0.,1.));
#3654=DIRECTION('',(-1.,0.,0.));
#3655=DIRECTION('',(0.,0.,1.));
#3656=DIRECTION('',(1.,0.,0.));
#3657=DIRECTION('center_axis',(0.,0.,-1.));
#3658=DIRECTION('ref_axis',(-1.,0.,0.));
#3659=DIRECTION('',(-1.18423793410872E-15,1.,0.));
#3660=DIRECTION('center_axis',(0.,1.,0.));
#3661=DIRECTION('ref_axis',(1.,0.,0.));
#3662=DIRECTION('center_axis',(0.,1.,0.));
#3663=DIRECTION('ref_axis',(1.,0.,0.));
#3664=DIRECTION('',(1.,0.,0.));
#3665=DIRECTION('center_axis',(0.,0.,1.));
#3666=DIRECTION('ref_axis',(1.,0.,0.));
#3667=DIRECTION('',(-1.,0.,0.));
#3668=DIRECTION('center_axis',(5.04646821855248E-17,-1.,0.));
#3669=DIRECTION('ref_axis',(1.,5.04646821855248E-17,0.));
#3670=DIRECTION('',(0.,0.,1.));
#3671=DIRECTION('',(1.,5.04646821855248E-17,0.));
#3672=DIRECTION('',(0.,0.,-1.));
#3673=DIRECTION('center_axis',(0.,0.,1.));
#3674=DIRECTION('ref_axis',(6.83214169000096E-16,-1.,0.));
#3675=DIRECTION('',(0.,0.,1.));
#3676=DIRECTION('center_axis',(0.,0.,1.));
#3677=DIRECTION('ref_axis',(6.83214169000096E-16,-1.,0.));
#3678=DIRECTION('center_axis',(0.,1.,0.));
#3679=DIRECTION('ref_axis',(-1.,0.,0.));
#3680=DIRECTION('',(0.,0.,1.));
#3681=DIRECTION('',(-1.,0.,0.));
#3682=DIRECTION('center_axis',(0.,0.,1.));
#3683=DIRECTION('ref_axis',(0.,1.,0.));
#3684=DIRECTION('center_axis',(0.,0.,1.));
#3685=DIRECTION('ref_axis',(0.,1.,0.));
#3686=DIRECTION('center_axis',(0.,0.,-1.));
#3687=DIRECTION('ref_axis',(-1.,0.,0.));
#3688=DIRECTION('center_axis',(0.,-1.,-1.33226760969785E-14));
#3689=DIRECTION('ref_axis',(0.707106781186548,-9.42055475210263E-15,0.707106781186548));
#3690=DIRECTION('center_axis',(0.,1.,0.));
#3691=DIRECTION('ref_axis',(0.707106781186548,-9.42055475210263E-15,0.707106781186548));
#3692=DIRECTION('center_axis',(0.,-1.,0.));
#3693=DIRECTION('ref_axis',(0.707106781186548,-9.42055475210263E-15,0.707106781186548));
#3694=DIRECTION('center_axis',(0.,1.,0.));
#3695=DIRECTION('ref_axis',(0.707106781186549,0.,-0.707106781186546));
#3696=DIRECTION('center_axis',(0.,-1.,0.));
#3697=DIRECTION('ref_axis',(0.707106781186549,0.,-0.707106781186546));
#3698=DIRECTION('center_axis',(0.,1.,0.));
#3699=DIRECTION('ref_axis',(0.707106781186549,0.,-0.707106781186546));
#3700=DIRECTION('center_axis',(0.,0.,-1.));
#3701=DIRECTION('ref_axis',(-1.,0.,0.));
#3702=DIRECTION('',(0.,0.,-1.));
#3703=DIRECTION('center_axis',(0.,0.,-1.));
#3704=DIRECTION('ref_axis',(-1.,0.,0.));
#3705=DIRECTION('',(0.,0.,1.));
#3706=DIRECTION('center_axis',(0.,-1.,0.));
#3707=DIRECTION('ref_axis',(0.,0.,1.));
#3708=DIRECTION('center_axis',(0.,0.,1.));
#3709=DIRECTION('ref_axis',(0.,1.,0.));
#3710=DIRECTION('',(-1.,0.,0.));
#3711=DIRECTION('center_axis',(0.,-8.88178472639688E-16,1.));
#3712=DIRECTION('ref_axis',(0.,1.,8.88178472639688E-16));
#3713=DIRECTION('',(0.,-1.,-8.88178472639688E-16));
#3714=DIRECTION('',(-1.,0.,0.));
#3715=DIRECTION('center_axis',(0.,1.,0.));
#3716=DIRECTION('ref_axis',(0.,0.,-1.));
#3717=DIRECTION('center_axis',(-1.,0.,0.));
#3718=DIRECTION('ref_axis',(0.,0.,1.));
#3719=DIRECTION('',(0.,0.,1.));
#3720=DIRECTION('',(0.,0.,-1.));
#3721=DIRECTION('center_axis',(0.,1.,0.));
#3722=DIRECTION('ref_axis',(0.,0.,1.));
#3723=DIRECTION('',(-1.,0.,0.));
#3724=DIRECTION('',(0.,0.,1.));
#3725=DIRECTION('',(1.,0.,0.));
#3726=DIRECTION('center_axis',(0.,1.,0.));
#3727=DIRECTION('ref_axis',(0.,0.,1.));
#3728=DIRECTION('center_axis',(1.,1.18423793410872E-15,0.));
#3729=DIRECTION('ref_axis',(-1.18423793410872E-15,1.,0.));
#3730=DIRECTION('',(1.18423793410872E-15,-1.,0.));
#3731=DIRECTION('',(1.18423793410872E-15,-1.,0.));
#3732=DIRECTION('center_axis',(0.,0.,1.));
#3733=DIRECTION('ref_axis',(1.,0.,0.));
#3734=DIRECTION('center_axis',(0.,1.,0.));
#3735=DIRECTION('ref_axis',(0.,0.,1.));
#3736=DIRECTION('center_axis',(-1.,0.,0.));
#3737=DIRECTION('ref_axis',(0.,0.,1.));
#3738=DIRECTION('',(0.,0.,1.));
#3739=DIRECTION('',(0.,1.,0.));
#3740=DIRECTION('center_axis',(0.,1.,0.));
#3741=DIRECTION('ref_axis',(1.,0.,0.));
#3742=DIRECTION('center_axis',(0.,1.,0.));
#3743=DIRECTION('ref_axis',(1.,0.,0.));
#3744=DIRECTION('',(0.,1.,0.));
#3745=DIRECTION('center_axis',(0.,0.,-1.));
#3746=DIRECTION('ref_axis',(-1.,0.,0.));
#3747=DIRECTION('',(-1.,0.,0.));
#3748=DIRECTION('center_axis',(0.,1.,0.));
#3749=DIRECTION('ref_axis',(1.,0.,0.));
#3750=DIRECTION('center_axis',(0.,0.,1.));
#3751=DIRECTION('ref_axis',(1.,0.,0.));
#3752=DIRECTION('',(1.,0.,0.));
#3753=DIRECTION('',(0.,1.,0.));
#3754=DIRECTION('center_axis',(0.,1.,0.));
#3755=DIRECTION('ref_axis',(1.,0.,0.));
#3756=DIRECTION('center_axis',(0.,1.,0.));
#3757=DIRECTION('ref_axis',(1.,0.,0.));
#3758=DIRECTION('center_axis',(0.,1.,0.));
#3759=DIRECTION('ref_axis',(1.,0.,0.));
#3760=DIRECTION('',(1.,0.,0.));
#3761=DIRECTION('center_axis',(0.,0.,1.));
#3762=DIRECTION('ref_axis',(1.,0.,0.));
#3763=DIRECTION('',(1.,0.,0.));
#3764=DIRECTION('center_axis',(-1.,0.,0.));
#3765=DIRECTION('ref_axis',(0.,0.,1.));
#3766=DIRECTION('center_axis',(0.,1.,0.));
#3767=DIRECTION('ref_axis',(0.,0.,1.));
#3768=DIRECTION('center_axis',(0.,1.,0.));
#3769=DIRECTION('ref_axis',(0.,0.,1.));
#3770=DIRECTION('center_axis',(-1.,0.,0.));
#3771=DIRECTION('ref_axis',(0.,-0.707106781186548,0.707106781186547));
#3772=DIRECTION('center_axis',(1.,0.,0.));
#3773=DIRECTION('ref_axis',(0.,-0.707106781186548,0.707106781186547));
#3774=DIRECTION('',(1.,0.,0.));
#3775=DIRECTION('center_axis',(-1.,0.,0.));
#3776=DIRECTION('ref_axis',(0.,-0.707106781186548,0.707106781186547));
#3777=DIRECTION('',(-1.,0.,0.));
#3778=DIRECTION('center_axis',(-1.,0.,0.));
#3779=DIRECTION('ref_axis',(0.,0.,1.));
#3780=DIRECTION('',(0.,1.,0.));
#3781=DIRECTION('',(0.,0.,1.));
#3782=DIRECTION('',(0.,1.,0.));
#3783=DIRECTION('',(0.,0.,-1.));
#3784=DIRECTION('center_axis',(0.,0.,1.));
#3785=DIRECTION('ref_axis',(1.,0.,0.));
#3786=DIRECTION('',(0.,1.,0.));
#3787=DIRECTION('',(1.,0.,0.));
#3788=DIRECTION('center_axis',(0.,0.,-1.));
#3789=DIRECTION('ref_axis',(-1.,0.,0.));
#3790=DIRECTION('',(1.,0.,0.));
#3791=DIRECTION('',(-1.,0.,0.));
#3792=DIRECTION('',(0.,1.,0.));
#3793=DIRECTION('center_axis',(1.,0.,0.));
#3794=DIRECTION('ref_axis',(0.,0.,-1.));
#3795=DIRECTION('',(0.,0.,1.));
#3796=DIRECTION('',(0.,0.,-1.));
#3797=DIRECTION('center_axis',(0.,-1.,0.));
#3798=DIRECTION('ref_axis',(1.,0.,0.));
#3799=DIRECTION('center_axis',(0.,1.,0.));
#3800=DIRECTION('ref_axis',(0.,0.,1.));
#3801=DIRECTION('center_axis',(0.,1.,0.));
#3802=DIRECTION('ref_axis',(1.,0.,0.));
#3803=DIRECTION('',(-1.,0.,0.));
#3804=DIRECTION('',(0.,0.,-1.));
#3805=DIRECTION('',(1.,0.,0.));
#3806=DIRECTION('',(0.,0.,-1.));
#3807=DIRECTION('center_axis',(-1.,0.,0.));
#3808=DIRECTION('ref_axis',(0.,1.,0.));
#3809=DIRECTION('',(0.,-1.,0.));
#3810=DIRECTION('',(0.,1.,0.));
#3811=DIRECTION('',(0.,0.,-1.));
#3812=DIRECTION('center_axis',(0.,-1.,0.));
#3813=DIRECTION('ref_axis',(-1.,0.,0.));
#3814=DIRECTION('',(1.,0.,0.));
#3815=DIRECTION('',(-1.,0.,0.));
#3816=DIRECTION('',(0.,0.,-1.));
#3817=DIRECTION('center_axis',(1.,0.,0.));
#3818=DIRECTION('ref_axis',(0.,-1.,0.));
#3819=DIRECTION('',(0.,1.,0.));
#3820=DIRECTION('',(0.,-1.,0.));
#3821=DIRECTION('center_axis',(0.,0.,1.));
#3822=DIRECTION('ref_axis',(1.,0.,0.));
#3823=DIRECTION('center_axis',(0.,0.,-1.));
#3824=DIRECTION('ref_axis',(-1.,0.,0.));
#3825=CARTESIAN_POINT('',(0.,0.,0.));
#3826=CARTESIAN_POINT('Origin',(43.0000006705523,25.5000004023314,3.00000078976154));
#3827=CARTESIAN_POINT('',(43.0000006705523,25.5000004023314,3.00000078976154));
#3828=CARTESIAN_POINT('',(45.0000006705523,25.5000004023314,3.00000078976154));
#3829=CARTESIAN_POINT('',(20.500000320375,25.5000004023314,3.00000078976154));
#3830=CARTESIAN_POINT('',(43.0000006705523,25.5000004023314,0.500000789761543));
#3831=CARTESIAN_POINT('',(43.0000006705523,25.5000004023314,3.00000078976154));
#3832=CARTESIAN_POINT('',(45.0000006705523,25.5000004023314,0.500000789761543));
#3833=CARTESIAN_POINT('',(54.7500008307397,25.5000004023314,0.50000075250864));
#3834=CARTESIAN_POINT('',(45.0000006705523,25.5000004023314,3.00000078976154));
#3835=CARTESIAN_POINT('Origin',(43.0000006705523,23.5000004023314,3.00000078976154));
#3836=CARTESIAN_POINT('',(43.0000006705523,23.5000004023314,3.00000078976154));
#3837=CARTESIAN_POINT('',(43.0000006705523,11.7500002011657,3.00000078976154));
#3838=CARTESIAN_POINT('',(43.0000006705523,23.5000004023314,0.500000789761543));
#3839=CARTESIAN_POINT('',(43.0000006705523,23.5000004023314,3.00000078976154));
#3840=CARTESIAN_POINT('',(43.0000006705523,11.7500002011657,0.50000075250864));
#3841=CARTESIAN_POINT('Origin',(45.0000006705523,23.5000004023314,3.00000078976154));
#3842=CARTESIAN_POINT('',(45.0000006705523,23.5000004023314,3.00000078976154));
#3843=CARTESIAN_POINT('',(21.500000320375,23.5000004023314,3.00000078976154));
#3844=CARTESIAN_POINT('',(45.0000006705523,23.5000004023314,0.500000789761543));
#3845=CARTESIAN_POINT('',(45.0000006705523,23.5000004023314,3.00000078976154));
#3846=CARTESIAN_POINT('',(55.7500008307397,23.5000004023314,0.50000075250864));
#3847=CARTESIAN_POINT('Origin',(45.0000006705523,25.5000004023314,3.00000078976154));
#3848=CARTESIAN_POINT('',(45.0000006705523,12.7500002011657,3.00000078976154));
#3849=CARTESIAN_POINT('',(45.0000006705523,12.7500002011657,0.50000075250864));
#3850=CARTESIAN_POINT('Origin',(54.0000008642673,0.,-6.99999995529652));
#3851=CARTESIAN_POINT('',(54.0000008642673,0.,2.00000078976154));
#3852=CARTESIAN_POINT('',(54.0000008642673,1.,3.00000004470348));
#3853=CARTESIAN_POINT('Origin',(54.0000008642673,1.,2.00000078976154));
#3854=CARTESIAN_POINT('',(54.0000008642673,0.,-6.99999995529652));
#3855=CARTESIAN_POINT('',(54.0000008642673,0.,-15.9999999701977));
#3856=CARTESIAN_POINT('',(54.0000008642673,1.5,-6.99999995529652));
#3857=CARTESIAN_POINT('',(54.0000008642673,0.,-6.99999995529652));
#3858=CARTESIAN_POINT('',(54.0000008642673,1.5,-2.99999998509883));
#3859=CARTESIAN_POINT('',(54.0000008642673,1.5,-15.9999999701977));
#3860=CARTESIAN_POINT('',(54.0000008642673,3.5,-0.999999985098832));
#3861=CARTESIAN_POINT('Origin',(54.0000008642673,3.5,-2.99999998509883));
#3862=CARTESIAN_POINT('',(54.0000008642673,11.,-0.999999985098832));
#3863=CARTESIAN_POINT('',(54.0000008642673,0.,-0.999999985098832));
#3864=CARTESIAN_POINT('',(54.0000008642673,11.,3.00000004470348));
#3865=CARTESIAN_POINT('',(54.0000008642673,11.,3.00000004470348));
#3866=CARTESIAN_POINT('',(54.0000008642673,0.,3.00000078976154));
#3867=CARTESIAN_POINT('Origin',(58.0000008642673,0.,-6.99999995529652));
#3868=CARTESIAN_POINT('',(58.0000008642673,1.5,-6.99999995529652));
#3869=CARTESIAN_POINT('',(45.1250004339963,1.5,-6.99999995529652));
#3870=CARTESIAN_POINT('',(58.0000008642673,0.,-6.99999995529652));
#3871=CARTESIAN_POINT('',(45.1250004339963,0.,-6.99999995529652));
#3872=CARTESIAN_POINT('',(58.0000008642673,0.,-6.99999995529652));
#3873=CARTESIAN_POINT('Origin',(58.0000008642673,0.,3.00000004470348));
#3874=CARTESIAN_POINT('',(58.0000008642673,1.,3.00000004470348));
#3875=CARTESIAN_POINT('',(58.0000008642673,0.,2.00000078976154));
#3876=CARTESIAN_POINT('Origin',(58.0000008642673,1.,2.00000078976154));
#3877=CARTESIAN_POINT('',(58.0000008642673,11.,3.00000004470348));
#3878=CARTESIAN_POINT('',(58.0000008642673,0.,3.00000078976154));
#3879=CARTESIAN_POINT('',(58.0000008642673,11.,-0.999999985098832));
#3880=CARTESIAN_POINT('',(58.0000008642673,11.,-6.99999995529652));
#3881=CARTESIAN_POINT('',(58.0000008642673,3.5,-0.999999985098832));
#3882=CARTESIAN_POINT('',(58.0000008642673,0.,-0.999999985098832));
#3883=CARTESIAN_POINT('',(58.0000008642673,1.5,-2.99999998509883));
#3884=CARTESIAN_POINT('Origin',(58.0000008642673,3.5,-2.99999998509883));
#3885=CARTESIAN_POINT('',(58.0000008642673,1.5,-10.9999999701977));
#3886=CARTESIAN_POINT('',(58.0000008642673,0.,-10.9999999701977));
#3887=CARTESIAN_POINT('Origin',(56.0000008642673,11.,-1.99999995529652));
#3888=CARTESIAN_POINT('',(60.5000004395843,11.,-0.999999985098832));
#3889=CARTESIAN_POINT('',(27.0000004172325,11.,3.00000078976154));
#3890=CARTESIAN_POINT('Origin',(32.2500000037253,0.,-24.9999999850988));
#3891=CARTESIAN_POINT('',(-1.00000002980232,0.,2.00000078976154));
#3892=CARTESIAN_POINT('',(15.1249999869615,0.,2.00000078976154));
#3893=CARTESIAN_POINT('',(-1.00000002980232,0.,-51.0000000298023));
#3894=CARTESIAN_POINT('',(-1.00000002980232,0.,-38.5000000074506));
#3895=CARTESIAN_POINT('',(67.000001013279,0.,-51.0000000298023));
#3896=CARTESIAN_POINT('',(50.1250005085021,0.,-51.0000000298023));
#3897=CARTESIAN_POINT('',(67.000001013279,0.,2.00000078976154));
#3898=CARTESIAN_POINT('',(67.000001013279,0.,-10.9999995976686));
#3899=CARTESIAN_POINT('',(15.1249999869615,0.,2.00000078976154));
#3900=CARTESIAN_POINT('Origin',(15.1249999869615,1.,2.00000078976154));
#3901=CARTESIAN_POINT('',(-1.00000002980232,1.,3.00000078976154));
#3902=CARTESIAN_POINT('',(15.1249999869615,1.,3.00000078976154));
#3903=CARTESIAN_POINT('Origin',(-1.00000002980232,1.,2.00000078976154));
#3904=CARTESIAN_POINT('Origin',(-2.00000002980232,0.,3.00000078976154));
#3905=CARTESIAN_POINT('',(67.000001013279,1.,3.00000078976154));
#3906=CARTESIAN_POINT('',(15.1249999869615,1.,3.00000078976154));
#3907=CARTESIAN_POINT('',(67.000001013279,27.,3.00000078976154));
#3908=CARTESIAN_POINT('',(67.000001013279,0.,3.00000078976154));
#3909=CARTESIAN_POINT('',(58.5000006854534,27.,3.00000078976154));
#3910=CARTESIAN_POINT('',(68.000001013279,27.,3.00000078976154));
#3911=CARTESIAN_POINT('',(58.5000006854534,22.0000002980232,3.00000078976154));
#3912=CARTESIAN_POINT('',(58.5000006854534,13.5,3.00000078976154));
#3913=CARTESIAN_POINT('',(56.5000006854534,20.0000002980232,3.00000078976154));
#3914=CARTESIAN_POINT('Origin',(56.5000006854534,22.0000002980232,3.00000078976154));
#3915=CARTESIAN_POINT('',(48.5000006854534,20.0000002980232,3.00000078976154));
#3916=CARTESIAN_POINT('',(28.2500003278255,20.0000002980232,3.00000078976154));
#3917=CARTESIAN_POINT('',(46.5000006854534,22.0000002980232,3.00000078976154));
#3918=CARTESIAN_POINT('Origin',(48.5000006854534,22.0000002980232,3.00000078976154));
#3919=CARTESIAN_POINT('',(46.5000006854534,27.,3.00000078976154));
#3920=CARTESIAN_POINT('',(46.5000006854534,10.0000001490116,3.00000078976154));
#3921=CARTESIAN_POINT('',(-1.00000002980233,27.,3.00000078976154));
#3922=CARTESIAN_POINT('',(68.000001013279,27.,3.00000078976154));
#3923=CARTESIAN_POINT('',(-1.00000002980232,0.,3.00000078976154));
#3924=CARTESIAN_POINT('',(31.0000005215406,9.00000013411045,3.00000078976154));
#3925=CARTESIAN_POINT('Origin',(35.0000005215406,9.00000013411045,3.00000078976154));
#3926=CARTESIAN_POINT('',(42.0000006854534,9.00000013411045,3.00000078976154));
#3927=CARTESIAN_POINT('Origin',(46.0000006854534,9.00000013411045,3.00000078976154));
#3928=CARTESIAN_POINT('Origin',(32.2500000037253,1.5,-24.9999999850988));
#3929=CARTESIAN_POINT('',(58.7499991729855,1.5,-2.99999998509883));
#3930=CARTESIAN_POINT('',(48.6250000093132,1.5,-2.99999998509883));
#3931=CARTESIAN_POINT('',(58.7499991729855,1.5,-3.49999994784593));
#3932=CARTESIAN_POINT('',(58.7499991729855,1.5,-14.2499999664724));
#3933=CARTESIAN_POINT('',(62.4999991729855,1.5,-7.24999994784593));
#3934=CARTESIAN_POINT('Origin',(62.4999991729855,1.5,-3.49999994784593));
#3935=CARTESIAN_POINT('',(63.0000000149012,1.5,-7.24999994784593));
#3936=CARTESIAN_POINT('',(48.6250000093132,1.5,-7.24999994784593));
#3937=CARTESIAN_POINT('',(63.0000000149012,1.5,-42.7499999478459));
#3938=CARTESIAN_POINT('',(63.0000000149012,1.5,-36.9999999850988));
#3939=CARTESIAN_POINT('',(62.5000000521541,1.5,-42.7499999478459));
#3940=CARTESIAN_POINT('',(47.3750000279397,1.5,-42.7499999478459));
#3941=CARTESIAN_POINT('',(58.7500000521541,1.5,-46.4999999478459));
#3942=CARTESIAN_POINT('Origin',(62.5000000521541,1.5,-46.4999999478459));
#3943=CARTESIAN_POINT('',(58.7500000521541,1.5,-46.9999999850988));
#3944=CARTESIAN_POINT('',(58.7500000521541,1.5,-36.9999999850988));
#3945=CARTESIAN_POINT('',(9.00000005215406,1.5,-46.9999999850988));
#3946=CARTESIAN_POINT('',(19.6250000279397,1.5,-46.9999999850988));
#3947=CARTESIAN_POINT('',(9.00000005215406,1.5,-46.4999999478459));
#3948=CARTESIAN_POINT('',(9.00000005215406,1.5,-35.7499999664724));
#3949=CARTESIAN_POINT('',(3.50000005215406,1.5,-40.9999999478459));
#3950=CARTESIAN_POINT('Origin',(3.50000005215406,1.5,-46.4999999478459));
#3951=CARTESIAN_POINT('',(1.49999999254942,1.5,-41.0000006407499));
#3952=CARTESIAN_POINT('',(15.8749999981374,1.5,-41.0000006407499));
#3953=CARTESIAN_POINT('',(1.49999999254942,1.5,-8.99999994784594));
#3954=CARTESIAN_POINT('',(1.49999999254942,1.5,-12.2499996162951));
#3955=CARTESIAN_POINT('',(3.49999917298553,1.5,-8.99999994784594));
#3956=CARTESIAN_POINT('',(17.8749995883554,1.5,-8.99999994784594));
#3957=CARTESIAN_POINT('',(8.99999917298553,1.5,-3.49999994784594));
#3958=CARTESIAN_POINT('Origin',(3.49999917298553,1.5,-3.49999994784594));
#3959=CARTESIAN_POINT('',(8.99999917298553,1.5,-2.99999998509883));
#3960=CARTESIAN_POINT('',(8.99999917298553,1.5,-12.2499996162951));
#3961=CARTESIAN_POINT('',(48.6250000093132,1.5,-2.99999998509883));
#3962=CARTESIAN_POINT('Origin',(48.6250000093132,3.5,-2.99999998509883));
#3963=CARTESIAN_POINT('',(59.7499991729855,3.5,-0.999999985098831));
#3964=CARTESIAN_POINT('',(48.6250000093132,3.5,-0.999999985098832));
#3965=CARTESIAN_POINT('Origin',(58.7499991729855,3.5,-2.99999998509883));
#3966=CARTESIAN_POINT('Origin',(48.6250000093132,3.5,-2.99999998509883));
#3967=CARTESIAN_POINT('',(7.99999917298553,3.5,-0.999999985098831));
#3968=CARTESIAN_POINT('Origin',(8.99999917298553,3.5,-2.99999998509883));
#3969=CARTESIAN_POINT('',(31.5358991193318,3.5,-0.999999985098832));
#3970=CARTESIAN_POINT('',(48.6250000093132,3.5,-0.999999985098832));
#3971=CARTESIAN_POINT('',(35.0000005215406,2.50000013411045,-1.26794910010126));
#3972=CARTESIAN_POINT('Ctrl Pts',(31.5358991193318,3.50000000000001,-0.999999985098832));
#3973=CARTESIAN_POINT('Ctrl Pts',(31.8102099421464,3.32722900313041,-0.999999985098831));
#3974=CARTESIAN_POINT('Ctrl Pts',(32.1011457793422,3.17281412703414,-1.02228395020191));
#3975=CARTESIAN_POINT('Ctrl Pts',(32.810948606342,2.86366377152275,-1.09522129807651));
#3976=CARTESIAN_POINT('Ctrl Pts',(33.2397509306069,2.72694484772683,-1.15269043213314));
#3977=CARTESIAN_POINT('Ctrl Pts',(34.1148081826356,2.54506905202827,-1.23980845873469));
#3978=CARTESIAN_POINT('Ctrl Pts',(34.561230887868,2.50000013411045,-1.26794910010126));
#3979=CARTESIAN_POINT('Ctrl Pts',(35.0000005215406,2.50000013411045,-1.26794910010126));
#3980=CARTESIAN_POINT('',(46.0000006854534,2.50000013411045,-1.26794910010126));
#3981=CARTESIAN_POINT('',(48.6250000093132,2.50000013411045,-1.26794910010126));
#3982=CARTESIAN_POINT('',(49.4641020876622,3.5,-0.999999985098832));
#3983=CARTESIAN_POINT('Ctrl Pts',(46.0000006854534,2.50000013411045,-1.26794910010126));
#3984=CARTESIAN_POINT('Ctrl Pts',(46.438770319126,2.50000013411045,-1.26794910010126));
#3985=CARTESIAN_POINT('Ctrl Pts',(46.8851930243584,2.54506905202827,-1.23980845873469));
#3986=CARTESIAN_POINT('Ctrl Pts',(47.7602502763872,2.72694484772683,-1.15269043213314));
#3987=CARTESIAN_POINT('Ctrl Pts',(48.189052600652,2.86366377152275,-1.09522129807651));
#3988=CARTESIAN_POINT('Ctrl Pts',(48.8988554276519,3.17281412703414,-1.02228395020191));
#3989=CARTESIAN_POINT('Ctrl Pts',(49.1897912648476,3.32722900313041,-0.999999985098831));
#3990=CARTESIAN_POINT('Ctrl Pts',(49.4641020876622,3.50000000000001,-0.999999985098831));
#3991=CARTESIAN_POINT('',(48.6250000093132,3.5,-0.999999985098832));
#3992=CARTESIAN_POINT('Origin',(56.5000006854534,22.0000002980232,3.00000078976154));
#3993=CARTESIAN_POINT('',(56.5000006854534,20.0000002980232,0.500000789761543));
#3994=CARTESIAN_POINT('',(58.5000006854534,22.0000002980232,0.500000789761543));
#3995=CARTESIAN_POINT('Origin',(56.5000006854534,22.0000002980232,0.500000789761543));
#3996=CARTESIAN_POINT('',(56.5000006854534,20.0000002980232,3.00000078976154));
#3997=CARTESIAN_POINT('',(58.5000006854534,22.0000002980232,3.00000078976154));
#3998=CARTESIAN_POINT('Origin',(58.5000006854534,27.,3.00000078976154));
#3999=CARTESIAN_POINT('',(58.5000006854534,27.,0.500000789761543));
#4000=CARTESIAN_POINT('',(58.5000006854534,27.,-10.7499994151294));
#4001=CARTESIAN_POINT('',(58.5000006854534,23.,0.50000075250864));
#4002=CARTESIAN_POINT('',(58.5000006854534,13.5,0.50000075250864));
#4003=CARTESIAN_POINT('',(58.5000006854534,27.5000002980232,0.500000789761543));
#4004=CARTESIAN_POINT('Origin',(48.5000006854534,22.0000002980232,3.00000078976154));
#4005=CARTESIAN_POINT('',(46.5000006854534,22.0000002980232,0.500000789761543));
#4006=CARTESIAN_POINT('',(48.5000006854534,20.0000002980232,0.500000789761543));
#4007=CARTESIAN_POINT('Origin',(48.5000006854534,22.0000002980232,0.500000789761543));
#4008=CARTESIAN_POINT('',(46.5000006854534,22.0000002980232,3.00000078976154));
#4009=CARTESIAN_POINT('',(48.5000006854534,20.0000002980232,3.00000078976154));
#4010=CARTESIAN_POINT('Origin',(58.5000006854534,20.0000002980232,3.00000078976154));
#4011=CARTESIAN_POINT('',(58.5000006854534,20.0000002980232,0.500000789761543));
#4012=CARTESIAN_POINT('Origin',(56.2803047483501,23.2999994084239,-10.9999994188547));
#4013=CARTESIAN_POINT('',(57.7499987147748,23.,-0.999999985098832));
#4014=CARTESIAN_POINT('',(56.2803047483501,21.7999994084239,-0.999999985098832));
#4015=CARTESIAN_POINT('Origin',(56.2803047483501,23.2999994084239,-0.999999985098832));
#4016=CARTESIAN_POINT('',(56.2803047483501,21.7999994084239,0.500000789761543));
#4017=CARTESIAN_POINT('',(56.2803047483501,21.7999994084239,-10.9999994188547));
#4018=CARTESIAN_POINT('',(57.7499987147748,23.,0.50000075250864));
#4019=CARTESIAN_POINT('Origin',(56.2803047483501,23.2999994084239,0.500000789761543));
#4020=CARTESIAN_POINT('',(57.7499987147748,23.,-10.9999994188547));
#4021=CARTESIAN_POINT('Origin',(48.7196925247374,23.2999994084239,-10.9999994188547));
#4022=CARTESIAN_POINT('',(48.7196925247374,21.7999994084239,0.500000789761543));
#4023=CARTESIAN_POINT('',(47.2499985583126,23.,0.50000075250864));
#4024=CARTESIAN_POINT('Origin',(48.7196925247374,23.2999994084239,0.500000789761543));
#4025=CARTESIAN_POINT('',(48.7196925247374,21.7999994084239,-0.999999985098832));
#4026=CARTESIAN_POINT('',(48.7196925247374,21.7999994084239,-10.9999994188547));
#4027=CARTESIAN_POINT('',(47.2499985583126,23.,-0.999999985098832));
#4028=CARTESIAN_POINT('Origin',(48.7196925247374,23.2999994084239,-0.999999985098832));
#4029=CARTESIAN_POINT('',(47.2499985583126,23.,-10.9999994188547));
#4030=CARTESIAN_POINT('Origin',(46.5000006854534,20.0000002980232,3.00000078976154));
#4031=CARTESIAN_POINT('',(46.5000006854534,23.,0.50000075250864));
#4032=CARTESIAN_POINT('',(46.5000006854534,20.0000002980232,0.500000789761543));
#4033=CARTESIAN_POINT('',(46.5000006854534,27.,0.500000789761543));
#4034=CARTESIAN_POINT('',(46.5000006854534,10.0000001490116,0.50000075250864));
#4035=CARTESIAN_POINT('',(46.5000006854534,27.,-10.7499994151294));
#4036=CARTESIAN_POINT('Origin',(52.5000006854534,23.5000001490116,0.500000789761543));
#4037=CARTESIAN_POINT('',(66.5000009909272,23.,0.50000075250864));
#4038=CARTESIAN_POINT('',(55.1249997001141,21.7999994084239,0.500000789761543));
#4039=CARTESIAN_POINT('',(66.5000009909272,23.,0.50000075250864));
#4040=CARTESIAN_POINT('Origin',(57.7499987147748,21.7999994084239,3.00000078976154));
#4041=CARTESIAN_POINT('',(61.374999364838,21.7999994084239,-0.999999985098832));
#4042=CARTESIAN_POINT('Origin',(33.0000004917383,27.,-24.4999996200204));
#4043=CARTESIAN_POINT('',(68.000001013279,27.,2.00000078976155));
#4044=CARTESIAN_POINT('Origin',(67.000001013279,27.,2.00000078976154));
#4045=CARTESIAN_POINT('',(68.000001013279,27.,-12.5000001862645));
#4046=CARTESIAN_POINT('',(68.000001013279,27.,-52.0000000298023));
#4047=CARTESIAN_POINT('',(66.5000009909272,27.,-12.5000001862645));
#4048=CARTESIAN_POINT('',(50.5000007525086,27.,-12.5000001862645));
#4049=CARTESIAN_POINT('',(66.5000009909272,27.,-2.50000003725291));
#4050=CARTESIAN_POINT('',(66.5000009909272,27.,-50.5000000074506));
#4051=CARTESIAN_POINT('',(66.5000009909272,27.,0.50000075250864));
#4052=CARTESIAN_POINT('',(66.5000009909272,27.,-50.5000000074506));
#4053=CARTESIAN_POINT('',(66.5000009909272,27.,0.50000075250864));
#4054=CARTESIAN_POINT('Origin',(33.0000004917383,27.,-24.4999996200204));
#4055=CARTESIAN_POINT('',(-0.500000007450581,27.,0.50000075250864));
#4056=CARTESIAN_POINT('',(66.5000009909272,27.,0.50000075250864));
#4057=CARTESIAN_POINT('',(-0.500000007450581,27.,-50.5000000074506));
#4058=CARTESIAN_POINT('',(-0.500000007450581,27.,0.50000075250864));
#4059=CARTESIAN_POINT('',(39.0000005811453,27.,-50.5000000074506));
#4060=CARTESIAN_POINT('',(-0.500000007450581,27.,-50.5000000074506));
#4061=CARTESIAN_POINT('',(39.0000005811453,27.,-52.0000000298023));
#4062=CARTESIAN_POINT('',(39.0000005811453,27.,-38.2499998249114));
#4063=CARTESIAN_POINT('',(-1.00000002980232,27.,-52.0000000298023));
#4064=CARTESIAN_POINT('',(-2.00000002980232,27.,-52.0000000298023));
#4065=CARTESIAN_POINT('',(-2.00000002980232,27.,-51.0000000298023));
#4066=CARTESIAN_POINT('Origin',(-1.00000002980232,27.,-51.0000000298023));
#4067=CARTESIAN_POINT('',(-2.00000002980232,27.,2.00000078976154));
#4068=CARTESIAN_POINT('',(-2.00000002980232,27.,3.00000078976154));
#4069=CARTESIAN_POINT('Origin',(-1.00000002980232,27.,2.00000078976154));
#4070=CARTESIAN_POINT('Origin',(66.5000009909272,0.,0.50000075250864));
#4071=CARTESIAN_POINT('',(66.5000009909272,23.,0.50000075250864));
#4072=CARTESIAN_POINT('',(66.5000009909272,0.,0.50000075250864));
#4073=CARTESIAN_POINT('',(66.5000009909272,23.,0.50000075250864));
#4074=CARTESIAN_POINT('Origin',(46.0000006854534,9.00000013411045,3.00000078976154));
#4075=CARTESIAN_POINT('',(42.0000006854534,9.00000013411045,2.00000001490117));
#4076=CARTESIAN_POINT('',(42.0000006854534,9.00000013411045,3.00000078976154));
#4077=CARTESIAN_POINT('Origin',(46.0000006854534,9.00000013411045,2.00000001490117));
#4078=CARTESIAN_POINT('Origin',(35.0000005215406,9.00000013411045,3.00000078976154));
#4079=CARTESIAN_POINT('',(31.0000005215406,9.00000013411045,2.00000001490117));
#4080=CARTESIAN_POINT('',(31.0000005215406,9.00000013411045,3.00000078976154));
#4081=CARTESIAN_POINT('Origin',(35.0000005215406,9.00000013411045,2.00000001490117));
#4082=CARTESIAN_POINT('Origin',(66.5000009909272,0.,0.50000075250864));
#4083=CARTESIAN_POINT('',(6.99999917298553,23.,0.50000075250864));
#4084=CARTESIAN_POINT('',(66.5000009909272,23.,0.50000075250864));
#4085=CARTESIAN_POINT('',(6.99999917298553,24.5,0.50000075250864));
#4086=CARTESIAN_POINT('',(6.99999917298554,0.,0.50000075250864));
#4087=CARTESIAN_POINT('',(-0.500000007450581,24.5,0.50000075250864));
#4088=CARTESIAN_POINT('',(34.8750002868473,24.5,0.50000075250864));
#4089=CARTESIAN_POINT('',(-0.500000007450581,0.,0.50000075250864));
#4090=CARTESIAN_POINT('Origin',(36.7500000819564,23.,-24.999999627471));
#4091=CARTESIAN_POINT('',(7.99999917298553,23.,-0.999999985098832));
#4092=CARTESIAN_POINT('',(65.0000000149012,23.,-0.999999985098832));
#4093=CARTESIAN_POINT('',(6.99999917298553,23.,-1.99999998509883));
#4094=CARTESIAN_POINT('Origin',(7.99999917298553,23.,-1.99999998509883));
#4095=CARTESIAN_POINT('',(6.99999917298553,23.,-3.49999994784594));
#4096=CARTESIAN_POINT('Origin',(3.49999917298553,24.5,-3.49999994784594));
#4097=CARTESIAN_POINT('',(4.99999917298553,24.5,-3.49999994784594));
#4098=CARTESIAN_POINT('Origin',(3.49999917298553,24.5,-3.49999994784594));
#4099=CARTESIAN_POINT('',(4.99999917298553,16.5,-3.49999994784594));
#4100=CARTESIAN_POINT('',(4.99999917298553,24.5,-3.49999994784594));
#4101=CARTESIAN_POINT('Origin',(3.49999917298553,16.5,-3.49999994784594));
#4102=CARTESIAN_POINT('Origin',(3.49999917298553,16.5,-3.49999994784594));
#4103=CARTESIAN_POINT('Origin',(3.49999917298553,24.5,-46.4999999478459));
#4104=CARTESIAN_POINT('',(4.99999917298553,24.5,-46.4999999478459));
#4105=CARTESIAN_POINT('Origin',(3.49999917298553,24.5,-46.4999999478459));
#4106=CARTESIAN_POINT('',(4.99999917298553,16.5,-46.4999999478459));
#4107=CARTESIAN_POINT('',(4.99999917298553,24.5,-46.4999999478459));
#4108=CARTESIAN_POINT('Origin',(3.49999917298553,16.5,-46.4999999478459));
#4109=CARTESIAN_POINT('Origin',(3.49999917298553,16.5,-46.4999999478459));
#4110=CARTESIAN_POINT('Origin',(66.5000009909272,26.0000003576279,-47.5000000372529));
#4111=CARTESIAN_POINT('',(64.5000009909272,26.0000003576279,-48.5000000372529));
#4112=CARTESIAN_POINT('Origin',(64.5000009909272,26.0000003576279,-47.5000000372529));
#4113=CARTESIAN_POINT('',(66.5000009909272,26.0000003576279,-48.5000000372529));
#4114=CARTESIAN_POINT('',(66.5000009909272,26.0000003576279,-48.5000000372529));
#4115=CARTESIAN_POINT('',(66.5000009909272,27.,-47.5000000372529));
#4116=CARTESIAN_POINT('Origin',(66.5000009909272,26.0000003576279,-47.5000000372529));
#4117=CARTESIAN_POINT('Origin',(66.5000009909272,26.0000003576279,-47.5000000372529));
#4118=CARTESIAN_POINT('Origin',(64.5000009909272,26.0000003576279,-47.5000000372529));
#4119=CARTESIAN_POINT('Origin',(66.5000009909272,0.,-50.5000000074506));
#4120=CARTESIAN_POINT('',(66.5000009909272,23.,-37.5000005587935));
#4121=CARTESIAN_POINT('',(66.5000009909272,27.,-37.5000005587935));
#4122=CARTESIAN_POINT('',(66.5000009909272,13.5,-37.5000005587935));
#4123=CARTESIAN_POINT('',(66.5000009909272,27.,-50.5000000074506));
#4124=CARTESIAN_POINT('',(66.5000009909272,27.,-50.5000000074506));
#4125=CARTESIAN_POINT('',(66.5000009909272,27.,-50.5000000074506));
#4126=CARTESIAN_POINT('',(66.5000009909272,23.,-50.5000000074506));
#4127=CARTESIAN_POINT('',(66.5000009909272,0.,-50.5000000074506));
#4128=CARTESIAN_POINT('',(66.5000009909272,23.,-50.5000000074506));
#4129=CARTESIAN_POINT('Origin',(66.5000009909272,26.0000003576279,-2.50000003725291));
#4130=CARTESIAN_POINT('',(64.5000009909272,26.0000003576279,-3.50000003725291));
#4131=CARTESIAN_POINT('Origin',(64.5000009909272,26.0000003576279,-2.50000003725291));
#4132=CARTESIAN_POINT('',(66.5000009909272,26.0000003576279,-3.50000003725291));
#4133=CARTESIAN_POINT('',(66.5000009909272,26.0000003576279,-3.50000003725291));
#4134=CARTESIAN_POINT('Origin',(66.5000009909272,26.0000003576279,-2.50000003725291));
#4135=CARTESIAN_POINT('Origin',(66.5000009909272,26.0000003576279,-2.50000003725291));
#4136=CARTESIAN_POINT('Origin',(64.5000009909272,26.0000003576279,-2.50000003725291));
#4137=CARTESIAN_POINT('Origin',(66.5000009909272,0.,-50.5000000074506));
#4138=CARTESIAN_POINT('',(66.5000009909272,23.,-12.5000001862645));
#4139=CARTESIAN_POINT('',(66.5000009909272,9.75000013038517,-12.5000001862645));
#4140=CARTESIAN_POINT('',(66.5000009909272,23.,-50.5000000074506));
#4141=CARTESIAN_POINT('Ctrl Pts',(60.7500000521541,3.5,-47.9999999850988));
#4142=CARTESIAN_POINT('Ctrl Pts',(60.7500000521541,3.20080069965811,-47.9999999850988));
#4143=CARTESIAN_POINT('Ctrl Pts',(60.6461730364858,2.75430498541388,-47.9480864772647));
#4144=CARTESIAN_POINT('Ctrl Pts',(60.0876681210164,1.85765590577598,-47.66883401953));
#4145=CARTESIAN_POINT('Ctrl Pts',(59.3483986528378,1.5,-47.2991992854407));
#4146=CARTESIAN_POINT('Ctrl Pts',(58.7500000521541,1.5,-46.9999999850988));
#4147=CARTESIAN_POINT('Ctrl Pts',(60.7500000521541,3.5,-48.2991992854407));
#4148=CARTESIAN_POINT('Ctrl Pts',(60.7500000521541,3.15536855615813,-48.2991992854407));
#4149=CARTESIAN_POINT('Ctrl Pts',(60.6122319510852,2.64878450060271,-48.209685450118));
#4150=CARTESIAN_POINT('Ctrl Pts',(59.973626598483,1.77026250418546,-47.8015028526241));
#4151=CARTESIAN_POINT('Ctrl Pts',(59.2914083099156,1.5,-47.356189628363));
#4152=CARTESIAN_POINT('Ctrl Pts',(58.7500000521541,1.5,-46.9999999850988));
#4153=CARTESIAN_POINT('Ctrl Pts',(60.4987308339071,3.5,-48.8170318885254));
#4154=CARTESIAN_POINT('Ctrl Pts',(60.4987308339071,3.11633655703794,-48.8170318885254));
#4155=CARTESIAN_POINT('Ctrl Pts',(60.352880385893,2.55898526141212,-48.6645885220937));
#4156=CARTESIAN_POINT('Ctrl Pts',(59.7534343872637,1.70315962339262,-48.0373217352439));
#4157=CARTESIAN_POINT('Ctrl Pts',(59.1916752098016,1.5,-47.455922728477));
#4158=CARTESIAN_POINT('Ctrl Pts',(58.7500000521541,1.5,-46.9999999850988));
#4159=CARTESIAN_POINT('Ctrl Pts',(59.9743995274105,3.5,-48.9999999850988));
#4160=CARTESIAN_POINT('Ctrl Pts',(59.9743995274105,3.16717770029231,-48.9999999850988));
#4161=CARTESIAN_POINT('Ctrl Pts',(59.8943749605665,2.67594748765505,-48.870809779347));
#4162=CARTESIAN_POINT('Ctrl Pts',(59.5193985757153,1.79210263941763,-48.2533125154101));
#4163=CARTESIAN_POINT('Ctrl Pts',(59.0919421096877,1.5,-47.5556558285909));
#4164=CARTESIAN_POINT('Ctrl Pts',(58.7500000521541,1.5,-46.9999999850988));
#4165=CARTESIAN_POINT('Ctrl Pts',(59.7500000521541,3.5,-48.9999999850988));
#4166=CARTESIAN_POINT('Ctrl Pts',(59.7500000521541,3.20080069965811,-48.9999999850988));
#4167=CARTESIAN_POINT('Ctrl Pts',(59.6980865443199,2.75430498541388,-48.8961729694306));
#4168=CARTESIAN_POINT('Ctrl Pts',(59.4188340865852,1.85765590577598,-48.3376680539612));
#4169=CARTESIAN_POINT('Ctrl Pts',(59.049199352496,1.5,-47.5983985857826));
#4170=CARTESIAN_POINT('Ctrl Pts',(58.7500000521541,1.5,-46.9999999850988));
#4171=CARTESIAN_POINT('',(59.7500000521541,3.5,-48.9999999850988));
#4172=CARTESIAN_POINT('Origin',(58.7500000521541,3.5,-46.9999999850988));
#4173=CARTESIAN_POINT('',(60.7500000521541,3.5,-47.9999999850988));
#4174=CARTESIAN_POINT('Origin',(58.7500000521541,3.5,-46.9999999850988));
#4175=CARTESIAN_POINT('Origin',(59.7500000521541,3.5,-47.9999999850988));
#4176=CARTESIAN_POINT('Ctrl Pts',(65.0000000149012,3.5,-43.7499999478459));
#4177=CARTESIAN_POINT('Ctrl Pts',(65.0000000149012,3.20080069965811,-43.7499999478459));
#4178=CARTESIAN_POINT('Ctrl Pts',(64.896172999233,2.75430498541375,-43.6980864400119));
#4179=CARTESIAN_POINT('Ctrl Pts',(64.3376680837637,1.85765590577574,-43.4188339822772));
#4180=CARTESIAN_POINT('Ctrl Pts',(63.5983986155849,1.5,-43.0491992481878));
#4181=CARTESIAN_POINT('Ctrl Pts',(63.0000000149012,1.5,-42.7499999478459));
#4182=CARTESIAN_POINT('Ctrl Pts',(65.0000000149012,3.5,-44.0491992481878));
#4183=CARTESIAN_POINT('Ctrl Pts',(65.0000000149012,3.15536855615813,-44.0491992481878));
#4184=CARTESIAN_POINT('Ctrl Pts',(64.8622319138324,2.64878450060267,-43.9596854128652));
#4185=CARTESIAN_POINT('Ctrl Pts',(64.2236265612303,1.77026250418541,-43.5515028153713));
#4186=CARTESIAN_POINT('Ctrl Pts',(63.5414082726627,1.5,-43.1061895911101));
#4187=CARTESIAN_POINT('Ctrl Pts',(63.0000000149012,1.5,-42.7499999478459));
#4188=CARTESIAN_POINT('Ctrl Pts',(64.7487307966543,3.5,-44.5670318512726));
#4189=CARTESIAN_POINT('Ctrl Pts',(64.7487307966543,3.11633655703794,-44.5670318512726));
#4190=CARTESIAN_POINT('Ctrl Pts',(64.6028803486401,2.55898526141189,-44.4145884848408));
#4191=CARTESIAN_POINT('Ctrl Pts',(64.0034343500107,1.70315962339254,-43.787321697991));
#4192=CARTESIAN_POINT('Ctrl Pts',(63.4416751725487,1.5,-43.205922691224));
#4193=CARTESIAN_POINT('Ctrl Pts',(63.0000000149012,1.5,-42.7499999478459));
#4194=CARTESIAN_POINT('Ctrl Pts',(64.2243994901576,3.5,-44.7499999478459));
#4195=CARTESIAN_POINT('Ctrl Pts',(64.2243994901576,3.16717770029231,-44.7499999478459));
#4196=CARTESIAN_POINT('Ctrl Pts',(64.1443749233137,2.67594748765491,-44.6208097420942));
#4197=CARTESIAN_POINT('Ctrl Pts',(63.7693985384625,1.79210263941747,-44.0033124781573));
#4198=CARTESIAN_POINT('Ctrl Pts',(63.3419420724347,1.5,-43.305655791338));
#4199=CARTESIAN_POINT('Ctrl Pts',(63.0000000149012,1.5,-42.7499999478459));
#4200=CARTESIAN_POINT('Ctrl Pts',(64.0000000149012,3.5,-44.7499999478459));
#4201=CARTESIAN_POINT('Ctrl Pts',(64.0000000149012,3.20080069965811,-44.7499999478459));
#4202=CARTESIAN_POINT('Ctrl Pts',(63.9480865070671,2.75430498541375,-44.6461729321778));
#4203=CARTESIAN_POINT('Ctrl Pts',(63.6688340493324,1.85765590577574,-44.0876680167084));
#4204=CARTESIAN_POINT('Ctrl Pts',(63.2991993152431,1.5,-43.3483985485297));
#4205=CARTESIAN_POINT('Ctrl Pts',(63.0000000149012,1.5,-42.7499999478459));
#4206=CARTESIAN_POINT('',(64.0000000149012,3.5,-44.7499999478459));
#4207=CARTESIAN_POINT('Origin',(63.0000000149012,3.5,-42.7499999478459));
#4208=CARTESIAN_POINT('',(65.0000000149012,3.5,-43.7499999478459));
#4209=CARTESIAN_POINT('Origin',(63.0000000149012,3.5,-42.7499999478459));
#4210=CARTESIAN_POINT('Origin',(64.0000000149012,3.5,-43.7499999478459));
#4211=CARTESIAN_POINT('Ctrl Pts',(64.0000000149012,3.5,-5.24999994784593));
#4212=CARTESIAN_POINT('Ctrl Pts',(64.0000000149012,3.20080069965812,-5.24999994784593));
#4213=CARTESIAN_POINT('Ctrl Pts',(63.948119220925,2.75421597099587,-5.35376153579822));
#4214=CARTESIAN_POINT('Ctrl Pts',(63.6688873384877,1.85748385976619,-5.91222530067298));
#4215=CARTESIAN_POINT('Ctrl Pts',(63.2991993152431,1.5,-6.65160134716216));
#4216=CARTESIAN_POINT('Ctrl Pts',(63.0000000149012,1.5,-7.24999994784593));
#4217=CARTESIAN_POINT('Ctrl Pts',(64.299199315243,3.5,-5.24999994784593));
#4218=CARTESIAN_POINT('Ctrl Pts',(64.299199315243,3.15536855615813,-5.24999994784593));
#4219=CARTESIAN_POINT('Ctrl Pts',(64.2097540642378,2.64875877492847,-5.38766210030368));
#4220=CARTESIAN_POINT('Ctrl Pts',(63.8015800306448,1.77022592832406,-6.02626154764292));
#4221=CARTESIAN_POINT('Ctrl Pts',(63.3561896581653,1.5,-6.70859169008442));
#4222=CARTESIAN_POINT('Ctrl Pts',(63.0000000149012,1.5,-7.24999994784593));
#4223=CARTESIAN_POINT('Ctrl Pts',(64.8170768846144,3.5,-5.50123168978305));
#4224=CARTESIAN_POINT('Ctrl Pts',(64.8170768846144,3.11633655703794,-5.50123168978305));
#4225=CARTESIAN_POINT('Ctrl Pts',(64.6646300916709,2.55882289622591,-5.64708722572908));
#4226=CARTESIAN_POINT('Ctrl Pts',(64.0372807493695,1.70310682875116,-6.24661170877811));
#4227=CARTESIAN_POINT('Ctrl Pts',(63.4559227582793,1.5,-6.80832479019838));
#4228=CARTESIAN_POINT('Ctrl Pts',(63.0000000149012,1.5,-7.24999994784593));
#4229=CARTESIAN_POINT('Ctrl Pts',(65.0000000149012,3.5,-6.02560047258951));
#4230=CARTESIAN_POINT('Ctrl Pts',(65.0000000149012,3.16717770029231,-6.02560047258951));
#4231=CARTESIAN_POINT('Ctrl Pts',(64.8708624889729,2.67585190887912,-6.10560475833949));
#4232=CARTESIAN_POINT('Ctrl Pts',(64.2533530188287,1.79199295314996,-6.48059384963557));
#4233=CARTESIAN_POINT('Ctrl Pts',(63.5556558583932,1.5,-6.90805789031235));
#4234=CARTESIAN_POINT('Ctrl Pts',(63.0000000149012,1.5,-7.24999994784593));
#4235=CARTESIAN_POINT('Ctrl Pts',(65.0000000149012,3.5,-6.24999994784593));
#4236=CARTESIAN_POINT('Ctrl Pts',(65.0000000149012,3.20080069965812,-6.24999994784593));
#4237=CARTESIAN_POINT('Ctrl Pts',(64.8962384269488,2.75421597099587,-6.30188074182207));
#4238=CARTESIAN_POINT('Ctrl Pts',(64.3377746620741,1.85748385976619,-6.58111262425945));
#4239=CARTESIAN_POINT('Ctrl Pts',(63.5983986155849,1.5,-6.95080064750404));
#4240=CARTESIAN_POINT('Ctrl Pts',(63.0000000149012,1.5,-7.24999994784593));
#4241=CARTESIAN_POINT('',(65.0000000149012,3.5,-6.24999994784593));
#4242=CARTESIAN_POINT('Origin',(63.0000000149012,3.5,-7.24999994784593));
#4243=CARTESIAN_POINT('',(64.0000000149012,3.5,-5.24999994784593));
#4244=CARTESIAN_POINT('Origin',(63.0000000149012,3.5,-7.24999994784593));
#4245=CARTESIAN_POINT('Origin',(64.0000000149012,3.5,-6.24999994784593));
#4246=CARTESIAN_POINT('Ctrl Pts',(59.7499991729855,3.5,-0.999999985098831));
#4247=CARTESIAN_POINT('Ctrl Pts',(59.7499991729855,3.20080069965812,-0.999999985098831));
#4248=CARTESIAN_POINT('Ctrl Pts',(59.6981289727076,2.75418757984621,-1.10374038565479));
#4249=CARTESIAN_POINT('Ctrl Pts',(59.4189044911089,1.85742535459153,-1.66218934885211));
#4250=CARTESIAN_POINT('Ctrl Pts',(59.0491984733274,1.5,-2.40160138441506));
#4251=CARTESIAN_POINT('Ctrl Pts',(58.7499991729855,1.5,-2.99999998509883));
#4252=CARTESIAN_POINT('Ctrl Pts',(60.0491984733274,3.5,-0.999999985098831));
#4253=CARTESIAN_POINT('Ctrl Pts',(60.0491984733274,3.15536855615813,-0.999999985098831));
#4254=CARTESIAN_POINT('Ctrl Pts',(59.9597759870736,2.64875035861993,-1.13762685310383));
#4255=CARTESIAN_POINT('Ctrl Pts',(59.5516047169347,1.77021365811595,-1.77622473310125));
#4256=CARTESIAN_POINT('Ctrl Pts',(59.1061888162497,1.5,-2.45859172733733));
#4257=CARTESIAN_POINT('Ctrl Pts',(58.7499991729855,1.5,-2.99999998509883));
#4258=CARTESIAN_POINT('Ctrl Pts',(60.5670921737571,3.5,-1.25121828290728));
#4259=CARTESIAN_POINT('Ctrl Pts',(60.5670921737571,3.11633655703794,-1.25121828290728));
#4260=CARTESIAN_POINT('Ctrl Pts',(60.414644599637,2.55876609178076,-1.39707506675));
#4261=CARTESIAN_POINT('Ctrl Pts',(59.7872643698848,1.70309156500633,-1.99662884906035));
#4262=CARTESIAN_POINT('Ctrl Pts',(59.2059219163636,1.5,-2.55832482745129));
#4263=CARTESIAN_POINT('Ctrl Pts',(58.7499991729855,1.5,-2.99999998509883));
#4264=CARTESIAN_POINT('Ctrl Pts',(60.7499991729855,3.5,-1.77560050984242));
#4265=CARTESIAN_POINT('Ctrl Pts',(60.7499991729855,3.16717770029231,-1.77560050984242));
#4266=CARTESIAN_POINT('Ctrl Pts',(60.6208794343675,2.67582021892263,-1.85559781911419));
#4267=CARTESIAN_POINT('Ctrl Pts',(60.0033651580588,1.79195661056208,-2.23059171428556));
#4268=CARTESIAN_POINT('Ctrl Pts',(59.3056550164776,1.5,-2.65805792756525));
#4269=CARTESIAN_POINT('Ctrl Pts',(58.7499991729855,1.5,-2.99999998509883));
#4270=CARTESIAN_POINT('Ctrl Pts',(60.7499991729855,3.5,-1.99999998509883));
#4271=CARTESIAN_POINT('Ctrl Pts',(60.7499991729855,3.20080069965812,-1.99999998509883));
#4272=CARTESIAN_POINT('Ctrl Pts',(60.6462587724296,2.75418757984621,-2.05187018537681));
#4273=CARTESIAN_POINT('Ctrl Pts',(60.0878098092323,1.85742535459153,-2.33109466697547));
#4274=CARTESIAN_POINT('Ctrl Pts',(59.3483977736693,1.5,-2.70080068475695));
#4275=CARTESIAN_POINT('Ctrl Pts',(58.7499991729855,1.5,-2.99999998509883));
#4276=CARTESIAN_POINT('',(60.7499991729855,3.5,-1.99999998509883));
#4277=CARTESIAN_POINT('Origin',(58.7499991729855,3.5,-2.99999998509883));
#4278=CARTESIAN_POINT('Origin',(59.7499991729855,3.5,-1.99999998509883));
#4279=CARTESIAN_POINT('Ctrl Pts',(6.99999917298553,3.5,-1.99999998509884));
#4280=CARTESIAN_POINT('Ctrl Pts',(6.99999917298553,3.20080069965812,-1.99999998509884));
#4281=CARTESIAN_POINT('Ctrl Pts',(7.10348450793878,2.75389781428788,-2.05174265257546));
#4282=CARTESIAN_POINT('Ctrl Pts',(7.66157848941416,1.85638663982474,-2.33078964331315));
#4283=CARTESIAN_POINT('Ctrl Pts',(8.40160057230176,1.5,-2.70080068475695));
#4284=CARTESIAN_POINT('Ctrl Pts',(8.99999917298553,1.5,-2.99999998509883));
#4285=CARTESIAN_POINT('Ctrl Pts',(6.99999917298553,3.5,-1.70080068475695));
#4286=CARTESIAN_POINT('Ctrl Pts',(6.99999917298553,3.15536855615813,-1.70080068475695));
#4287=CARTESIAN_POINT('Ctrl Pts',(7.13708445268481,2.6486387864675,-1.78988261774262));
#4288=CARTESIAN_POINT('Ctrl Pts',(7.77570478400187,1.77001492898114,-2.19802179209067));
#4289=CARTESIAN_POINT('Ctrl Pts',(8.45859091522402,1.5,-2.64381034183468));
#4290=CARTESIAN_POINT('Ctrl Pts',(8.99999917298553,1.5,-2.99999998509883));
#4291=CARTESIAN_POINT('Ctrl Pts',(7.2509262074272,3.5,-1.18255750936334));
#4292=CARTESIAN_POINT('Ctrl Pts',(7.2509262074272,3.11633655703794,-1.18255750936334));
#4293=CARTESIAN_POINT('Ctrl Pts',(7.39671990482503,2.55758738987984,-1.33493901061308));
#4294=CARTESIAN_POINT('Ctrl Pts',(7.9971016250565,1.70315864216636,-1.96320079338081));
#4295=CARTESIAN_POINT('Ctrl Pts',(8.55832401533798,1.5,-2.54407724172072));
#4296=CARTESIAN_POINT('Ctrl Pts',(8.99999917298553,1.5,-2.99999998509883));
#4297=CARTESIAN_POINT('Ctrl Pts',(7.77559969772912,3.5,-0.999999985098836));
#4298=CARTESIAN_POINT('Ctrl Pts',(7.77559969772912,3.16717770029231,-0.999999985098836));
#4299=CARTESIAN_POINT('Ctrl Pts',(7.85546404430024,2.67535022506115,-1.12881838150352));
#4300=CARTESIAN_POINT('Ctrl Pts',(8.23059832117351,1.7914205181113,-1.74649274521438));
#4301=CARTESIAN_POINT('Ctrl Pts',(8.65805711545194,1.5,-2.44434414160676));
#4302=CARTESIAN_POINT('Ctrl Pts',(8.99999917298553,1.5,-2.99999998509883));
#4303=CARTESIAN_POINT('Ctrl Pts',(7.99999917298553,3.5,-0.999999985098837));
#4304=CARTESIAN_POINT('Ctrl Pts',(7.99999917298553,3.20080069965812,-0.999999985098837));
#4305=CARTESIAN_POINT('Ctrl Pts',(8.05174184046215,2.75389781428788,-1.10348532005209));
#4306=CARTESIAN_POINT('Ctrl Pts',(8.33078883119984,1.85638663982474,-1.66157930152746));
#4307=CARTESIAN_POINT('Ctrl Pts',(8.70079987264364,1.5,-2.40160138441506));
#4308=CARTESIAN_POINT('Ctrl Pts',(8.99999917298553,1.5,-2.99999998509883));
#4309=CARTESIAN_POINT('',(6.99999917298553,3.5,-1.99999998509884));
#4310=CARTESIAN_POINT('Origin',(8.99999917298553,3.5,-2.99999998509883));
#4311=CARTESIAN_POINT('Origin',(7.99999917298553,3.5,-1.99999998509884));
#4312=CARTESIAN_POINT('Ctrl Pts',(-0.500000007450581,3.5,-7.99999994784594));
#4313=CARTESIAN_POINT('Ctrl Pts',(-0.500000007450581,3.20080069965812,-7.99999994784594));
#4314=CARTESIAN_POINT('Ctrl Pts',(-0.363307753542602,2.60328439931637,-8.06834607479992));
#4315=CARTESIAN_POINT('Ctrl Pts',(0.305720643075894,1.76166750771515,-8.40286027310918));
#4316=CARTESIAN_POINT('Ctrl Pts',(1.05120104203659,1.5,-8.77560047258952));
#4317=CARTESIAN_POINT('Ctrl Pts',(1.49999999254942,1.5,-8.99999994784594));
#4318=CARTESIAN_POINT('Ctrl Pts',(-0.500000007450581,3.5,-7.70080064750405));
#4319=CARTESIAN_POINT('Ctrl Pts',(-0.500000007450581,3.15536855615813,-7.70080064750405));
#4320=CARTESIAN_POINT('Ctrl Pts',(-0.313673438178689,2.47958762049067,-7.82150308761241));
#4321=CARTESIAN_POINT('Ctrl Pts',(0.417416302351386,1.70226956678654,-8.28920803252296));
#4322=CARTESIAN_POINT('Ctrl Pts',(1.09394379922829,1.5,-8.73285771539783));
#4323=CARTESIAN_POINT('Ctrl Pts',(1.49999999254942,1.5,-8.99999994784594));
#4324=CARTESIAN_POINT('Ctrl Pts',(-0.249100716048537,3.5,-7.18252418437544));
#4325=CARTESIAN_POINT('Ctrl Pts',(-0.249100716048537,3.11633655703794,-7.18252418437544));
#4326=CARTESIAN_POINT('Ctrl Pts',(-0.0494237878549134,2.37390734079136,
-7.39145609535522));
#4327=CARTESIAN_POINT('Ctrl Pts',(0.617745821740907,1.65822699931777,-8.08877183908231));
#4328=CARTESIAN_POINT('Ctrl Pts',(1.16874362431376,1.5,-8.65805789031236));
#4329=CARTESIAN_POINT('Ctrl Pts',(1.49999999254942,1.5,-8.99999994784594));
#4330=CARTESIAN_POINT('Ctrl Pts',(0.275600517293006,3.5,-6.99999994784594));
#4331=CARTESIAN_POINT('Ctrl Pts',(0.275600517293006,3.16717770029231,-6.99999994784594));
#4332=CARTESIAN_POINT('Ctrl Pts',(0.383188443906649,2.51090991264122,-7.17389420101645));
#4333=CARTESIAN_POINT('Ctrl Pts',(0.817260406167141,1.71688291013331,-7.88909079136628));
#4334=CARTESIAN_POINT('Ctrl Pts',(1.24354344939923,1.5,-8.58325806522688));
#4335=CARTESIAN_POINT('Ctrl Pts',(1.49999999254942,1.5,-8.99999994784594));
#4336=CARTESIAN_POINT('Ctrl Pts',(0.49999999254942,3.5,-6.99999994784594));
#4337=CARTESIAN_POINT('Ctrl Pts',(0.49999999254942,3.20080069965812,-6.99999994784594));
#4338=CARTESIAN_POINT('Ctrl Pts',(0.568346119503408,2.60328439931637,-7.13669220175391));
#4339=CARTESIAN_POINT('Ctrl Pts',(0.902860317812658,1.76166750771515,-7.80572059837241));
#4340=CARTESIAN_POINT('Ctrl Pts',(1.27560051729301,1.5,-8.55120099733311));
#4341=CARTESIAN_POINT('Ctrl Pts',(1.49999999254942,1.5,-8.99999994784594));
#4342=CARTESIAN_POINT('',(0.49999999254942,3.5,-6.99999994784594));
#4343=CARTESIAN_POINT('Origin',(1.49999999254942,3.5,-8.99999994784594));
#4344=CARTESIAN_POINT('',(-0.500000007450581,3.5,-7.99999994784594));
#4345=CARTESIAN_POINT('Origin',(1.49999999254942,3.5,-8.99999994784594));
#4346=CARTESIAN_POINT('Origin',(0.499999992549419,3.5,-7.99999994784594));
#4347=CARTESIAN_POINT('Ctrl Pts',(0.499999992549416,3.5,-43.0000006407499));
#4348=CARTESIAN_POINT('Ctrl Pts',(0.499999992549416,3.20080069965811,-43.0000006407499));
#4349=CARTESIAN_POINT('Ctrl Pts',(0.551838598328255,2.75410461545701,-42.8963234291923));
#4350=CARTESIAN_POINT('Ctrl Pts',(0.831038103918587,1.85723988440258,-42.3379244180116));
#4351=CARTESIAN_POINT('Ctrl Pts',(1.20080069220753,1.5,-41.5983992414337));
#4352=CARTESIAN_POINT('Ctrl Pts',(1.49999999254942,1.5,-41.0000006407499));
#4353=CARTESIAN_POINT('Ctrl Pts',(0.200800692207529,3.5,-43.0000006407499));
#4354=CARTESIAN_POINT('Ctrl Pts',(0.200800692207529,3.15536855615813,-43.0000006407499));
#4355=CARTESIAN_POINT('Ctrl Pts',(0.290153100658588,2.64872492115353,-42.8624828420438));
#4356=CARTESIAN_POINT('Ctrl Pts',(0.698316167617669,1.77017538778718,-42.2238882790808));
#4357=CARTESIAN_POINT('Ctrl Pts',(1.14381034928527,1.5,-41.5414088985114));
#4358=CARTESIAN_POINT('Ctrl Pts',(1.49999999254942,1.5,-41.0000006407499));
#4359=CARTESIAN_POINT('Ctrl Pts',(-0.31714699239804,3.5,-42.7488273350423));
#4360=CARTESIAN_POINT('Ctrl Pts',(-0.31714699239804,3.11633655703794,-42.7488273350423));
#4361=CARTESIAN_POINT('Ctrl Pts',(-0.164698713604219,2.55858015462652,-42.6029686807355));
#4362=CARTESIAN_POINT('Ctrl Pts',(0.462790090887014,1.70305354246727,-42.0033121421909));
#4363=CARTESIAN_POINT('Ctrl Pts',(1.04407724917131,1.5,-41.4416757983975));
#4364=CARTESIAN_POINT('Ctrl Pts',(1.49999999254942,1.5,-41.0000006407499));
#4365=CARTESIAN_POINT('Ctrl Pts',(-0.50000000745059,3.5,-42.2244001160063));
#4366=CARTESIAN_POINT('Ctrl Pts',(-0.50000000745059,3.16717770029231,-42.2244001160063));
#4367=CARTESIAN_POINT('Ctrl Pts',(-0.37093618232487,2.67572280019313,-42.1444252221804));
#4368=CARTESIAN_POINT('Ctrl Pts',(0.246595786083727,1.79184498450345,-41.7694142881763));
#4369=CARTESIAN_POINT('Ctrl Pts',(0.944344149057347,1.5,-41.3419426982835));
#4370=CARTESIAN_POINT('Ctrl Pts',(1.49999999254942,1.5,-41.0000006407499));
#4371=CARTESIAN_POINT('Ctrl Pts',(-0.50000000745059,3.5,-42.0000006407499));
#4372=CARTESIAN_POINT('Ctrl Pts',(-0.50000000745059,3.20080069965811,-42.0000006407499));
#4373=CARTESIAN_POINT('Ctrl Pts',(-0.396322795892906,2.754104615457,-41.9481620349711));
#4374=CARTESIAN_POINT('Ctrl Pts',(0.162076215287755,1.85723988440258,-41.6689625293807));
#4375=CARTESIAN_POINT('Ctrl Pts',(0.901601391865648,1.5,-41.2991999410918));
#4376=CARTESIAN_POINT('Ctrl Pts',(1.49999999254942,1.5,-41.0000006407499));
#4377=CARTESIAN_POINT('',(-0.500000007450581,3.5,-42.0000006407499));
#4378=CARTESIAN_POINT('Origin',(1.49999999254942,3.5,-41.0000006407499));
#4379=CARTESIAN_POINT('',(0.499999992549416,3.5,-43.0000006407499));
#4380=CARTESIAN_POINT('Origin',(1.49999999254942,3.5,-41.0000006407499));
#4381=CARTESIAN_POINT('Origin',(0.499999992549416,3.5,-42.0000006407499));
#4382=CARTESIAN_POINT('Ctrl Pts',(8.00000005215406,3.5,-48.9999999850988));
#4383=CARTESIAN_POINT('Ctrl Pts',(8.00000005215406,3.20080069965811,-48.9999999850988));
#4384=CARTESIAN_POINT('Ctrl Pts',(8.05186206639177,2.7541658181726,-48.8962759566234));
#4385=CARTESIAN_POINT('Ctrl Pts',(8.33108052850227,1.85737900866522,-48.3378390324024));
#4386=CARTESIAN_POINT('Ctrl Pts',(8.70080075181218,1.5,-47.5983985857826));
#4387=CARTESIAN_POINT('Ctrl Pts',(9.00000005215406,1.5,-46.9999999850988));
#4388=CARTESIAN_POINT('Ctrl Pts',(7.70080075181218,3.5,-48.9999999850988));
#4389=CARTESIAN_POINT('Ctrl Pts',(7.70080075181218,3.15536855615813,-48.9999999850988));
#4390=CARTESIAN_POINT('Ctrl Pts',(7.79020542093972,2.64874382023834,-48.8624007796743));
#4391=CARTESIAN_POINT('Ctrl Pts',(8.19837455966905,1.77020400307916,-48.2238039702644));
#4392=CARTESIAN_POINT('Ctrl Pts',(8.64381040888991,1.5,-47.5414082428603));
#4393=CARTESIAN_POINT('Ctrl Pts',(9.00000005215406,1.5,-46.9999999850988));
#4394=CARTESIAN_POINT('Ctrl Pts',(7.18289396708222,3.5,-48.7487925921555));
#4395=CARTESIAN_POINT('Ctrl Pts',(7.18289396708222,3.11633655703794,-48.7487925921555));
#4396=CARTESIAN_POINT('Ctrl Pts',(7.33534198882429,2.55872048269945,-48.6029350254602));
#4397=CARTESIAN_POINT('Ctrl Pts',(7.96274778588763,1.70308053620288,-48.0033570143594));
#4398=CARTESIAN_POINT('Ctrl Pts',(8.54407730877595,1.5,-47.4416751427464));
#4399=CARTESIAN_POINT('Ctrl Pts',(9.00000005215406,1.5,-46.9999999850988));
#4400=CARTESIAN_POINT('Ctrl Pts',(7.00000005215406,3.5,-48.2243994603552));
#4401=CARTESIAN_POINT('Ctrl Pts',(7.00000005215406,3.16717770029231,-48.2243994603552));
#4402=CARTESIAN_POINT('Ctrl Pts',(7.12910574940982,2.6757954302385,-48.14440770858));
#4403=CARTESIAN_POINT('Ctrl Pts',(7.74662408727971,1.79192819235157,-47.7694098205472));
#4404=CARTESIAN_POINT('Ctrl Pts',(8.44434420866199,1.5,-47.3419420426324));
#4405=CARTESIAN_POINT('Ctrl Pts',(9.00000005215406,1.5,-46.9999999850988));
#4406=CARTESIAN_POINT('Ctrl Pts',(7.00000005215406,3.5,-47.9999999850988));
#4407=CARTESIAN_POINT('Ctrl Pts',(7.00000005215406,3.20080069965811,-47.9999999850988));
#4408=CARTESIAN_POINT('Ctrl Pts',(7.10372408062948,2.7541658181726,-47.9481379708611));
#4409=CARTESIAN_POINT('Ctrl Pts',(7.66216100485048,1.85737900866522,-47.6689195087506));
#4410=CARTESIAN_POINT('Ctrl Pts',(8.40160145147029,1.5,-47.2991992854407));
#4411=CARTESIAN_POINT('Ctrl Pts',(9.00000005215406,1.5,-46.9999999850988));
#4412=CARTESIAN_POINT('',(7.00000005215407,3.5,-47.9999999850988));
#4413=CARTESIAN_POINT('Origin',(9.00000005215406,3.5,-46.9999999850988));
#4414=CARTESIAN_POINT('',(8.00000005215406,3.5,-48.9999999850988));
#4415=CARTESIAN_POINT('Origin',(9.00000005215407,3.5,-46.9999999850988));
#4416=CARTESIAN_POINT('Origin',(8.00000005215406,3.5,-47.9999999850988));
#4417=CARTESIAN_POINT('Origin',(19.6250000279397,3.5,-46.9999999850988));
#4418=CARTESIAN_POINT('',(19.6250000279397,3.5,-48.9999999850988));
#4419=CARTESIAN_POINT('Origin',(9.00000005215406,3.5,-35.7499999664724));
#4420=CARTESIAN_POINT('',(7.00000005215407,3.5,-46.4999999478459));
#4421=CARTESIAN_POINT('',(7.00000005215407,3.5,-35.7499999664724));
#4422=CARTESIAN_POINT('Origin',(9.00000005215406,3.5,-46.4999999478459));
#4423=CARTESIAN_POINT('Origin',(3.50000005215406,3.5,-46.4999999478459));
#4424=CARTESIAN_POINT('',(3.50000005215406,3.5,-43.0000006407499));
#4425=CARTESIAN_POINT('Origin',(3.50000005215406,3.5,-40.9999999478459));
#4426=CARTESIAN_POINT('Origin',(3.50000005215406,3.5,-46.4999999478459));
#4427=CARTESIAN_POINT('Origin',(15.8749999981374,3.5,-41.0000006407499));
#4428=CARTESIAN_POINT('',(15.8749999981374,3.5,-43.0000006407499));
#4429=CARTESIAN_POINT('Origin',(1.49999999254942,3.5,-12.2499996162951));
#4430=CARTESIAN_POINT('',(-0.500000007450581,3.5,-12.2499996162951));
#4431=CARTESIAN_POINT('Origin',(17.8749995883554,3.5,-8.99999994784594));
#4432=CARTESIAN_POINT('',(3.49999917298553,3.5,-6.99999994784594));
#4433=CARTESIAN_POINT('',(17.8749995883554,3.5,-6.99999994784594));
#4434=CARTESIAN_POINT('Origin',(3.49999917298553,3.5,-8.99999994784594));
#4435=CARTESIAN_POINT('Origin',(3.49999917298553,3.5,-3.49999994784594));
#4436=CARTESIAN_POINT('',(6.99999917298553,3.5,-3.49999994784594));
#4437=CARTESIAN_POINT('Origin',(8.99999917298553,3.5,-3.49999994784594));
#4438=CARTESIAN_POINT('Origin',(3.49999917298553,3.5,-3.49999994784594));
#4439=CARTESIAN_POINT('Origin',(8.99999917298553,3.5,-12.2499996162951));
#4440=CARTESIAN_POINT('',(6.99999917298553,3.5,-12.2499996162951));
#4441=CARTESIAN_POINT('Origin',(58.7499991729855,3.5,-14.2499999664724));
#4442=CARTESIAN_POINT('',(60.7499991729855,3.5,-3.49999994784593));
#4443=CARTESIAN_POINT('',(60.7499991729855,3.5,-14.2499999664724));
#4444=CARTESIAN_POINT('Origin',(58.7499991729855,3.5,-3.49999994784593));
#4445=CARTESIAN_POINT('Origin',(62.4999991729855,3.5,-3.49999994784593));
#4446=CARTESIAN_POINT('',(62.4999991729855,3.5,-5.24999994784593));
#4447=CARTESIAN_POINT('Origin',(62.4999991729855,3.5,-7.24999994784593));
#4448=CARTESIAN_POINT('Origin',(62.4999991729855,3.5,-3.49999994784593));
#4449=CARTESIAN_POINT('Origin',(48.6250000093132,3.5,-7.24999994784593));
#4450=CARTESIAN_POINT('',(48.6250000093132,3.5,-5.24999994784593));
#4451=CARTESIAN_POINT('Origin',(63.0000000149012,3.5,-36.9999999850988));
#4452=CARTESIAN_POINT('',(65.0000000149012,3.5,-36.9999999850988));
#4453=CARTESIAN_POINT('Origin',(47.3750000279397,3.5,-42.7499999478459));
#4454=CARTESIAN_POINT('',(62.5000000521541,3.5,-44.7499999478459));
#4455=CARTESIAN_POINT('',(47.3750000279397,3.5,-44.7499999478459));
#4456=CARTESIAN_POINT('Origin',(62.5000000521541,3.5,-42.7499999478459));
#4457=CARTESIAN_POINT('Origin',(62.5000000521541,3.5,-46.4999999478459));
#4458=CARTESIAN_POINT('',(60.7500000521541,3.5,-46.4999999478459));
#4459=CARTESIAN_POINT('Origin',(58.7500000521541,3.5,-46.4999999478459));
#4460=CARTESIAN_POINT('Origin',(62.5000000521541,3.5,-46.4999999478459));
#4461=CARTESIAN_POINT('Origin',(58.7500000521541,3.5,-36.9999999850988));
#4462=CARTESIAN_POINT('',(60.7500000521541,3.5,-36.9999999850988));
#4463=CARTESIAN_POINT('Origin',(7.99999917298553,0.,-1.99999998509883));
#4464=CARTESIAN_POINT('',(6.99999917298553,0.,-1.99999998509883));
#4465=CARTESIAN_POINT('',(7.99999917298553,0.,-0.999999985098832));
#4466=CARTESIAN_POINT('Origin',(6.99999917298553,0.,0.50000075250864));
#4467=CARTESIAN_POINT('',(6.99999917298553,24.5,-3.49999994784594));
#4468=CARTESIAN_POINT('',(6.99999917298553,0.,-3.49999994784594));
#4469=CARTESIAN_POINT('',(6.99999917298553,24.5,-3.49999994784594));
#4470=CARTESIAN_POINT('Origin',(3.49999917298553,0.,-3.49999994784594));
#4471=CARTESIAN_POINT('',(3.49999917298553,24.5,-6.99999994784594));
#4472=CARTESIAN_POINT('',(3.49999917298553,0.,-6.99999994784594));
#4473=CARTESIAN_POINT('Origin',(3.49999917298553,24.5,-3.49999994784594));
#4474=CARTESIAN_POINT('Origin',(3.49999917298553,0.,-6.99999994784594));
#4475=CARTESIAN_POINT('',(0.49999999254942,24.5,-6.99999994784594));
#4476=CARTESIAN_POINT('',(0.49999999254942,0.,-6.99999994784594));
#4477=CARTESIAN_POINT('',(3.49999917298553,24.5,-6.99999994784594));
#4478=CARTESIAN_POINT('Origin',(0.49999999254942,0.,-7.99999994784594));
#4479=CARTESIAN_POINT('',(-0.500000007450581,24.5,-7.99999994784594));
#4480=CARTESIAN_POINT('',(-0.500000007450581,0.,-7.99999994784594));
#4481=CARTESIAN_POINT('Origin',(0.49999999254942,24.5,-7.99999994784594));
#4482=CARTESIAN_POINT('Origin',(-0.500000007450581,0.,0.50000075250864));
#4483=CARTESIAN_POINT('',(-0.500000007450581,24.5,-42.0000006407499));
#4484=CARTESIAN_POINT('',(-0.500000007450581,0.,-42.0000006407499));
#4485=CARTESIAN_POINT('',(-0.500000007450581,24.5,-50.5000000074506));
#4486=CARTESIAN_POINT('',(-0.500000007450581,24.5,-23.1249996125698));
#4487=CARTESIAN_POINT('',(-0.500000007450581,0.,-50.5000000074506));
#4488=CARTESIAN_POINT('',(-0.500000007450581,24.5,-1.37499942258));
#4489=CARTESIAN_POINT('Origin',(0.499999992549419,0.,-42.0000006407499));
#4490=CARTESIAN_POINT('',(0.499999992549419,24.5,-43.0000006407499));
#4491=CARTESIAN_POINT('',(0.499999992549419,0.,-43.0000006407499));
#4492=CARTESIAN_POINT('Origin',(0.499999992549419,24.5,-42.0000006407499));
#4493=CARTESIAN_POINT('Origin',(-0.500000007450581,0.,-43.0000006407499));
#4494=CARTESIAN_POINT('',(3.50000005215406,24.5,-43.0000006407499));
#4495=CARTESIAN_POINT('',(3.50000005215406,0.,-43.0000006407499));
#4496=CARTESIAN_POINT('',(3.50000005215406,24.5,-43.0000006407499));
#4497=CARTESIAN_POINT('Origin',(3.50000005215406,0.,-46.4999999478459));
#4498=CARTESIAN_POINT('',(7.00000005215407,24.5,-46.4999999478459));
#4499=CARTESIAN_POINT('',(7.00000005215407,0.,-46.4999999478459));
#4500=CARTESIAN_POINT('Origin',(3.50000005215406,24.5,-46.4999999478459));
#4501=CARTESIAN_POINT('Origin',(7.00000005215407,0.,-46.4999999478459));
#4502=CARTESIAN_POINT('',(7.00000005215407,23.,-47.9999999850988));
#4503=CARTESIAN_POINT('',(7.00000005215407,0.,-47.9999999850988));
#4504=CARTESIAN_POINT('',(7.00000005215407,23.,-50.5000000074506));
#4505=CARTESIAN_POINT('',(7.00000005215407,23.,-46.4999999478459));
#4506=CARTESIAN_POINT('',(7.00000005215407,24.5,-50.5000000074506));
#4507=CARTESIAN_POINT('',(7.00000005215407,0.,-50.5000000074506));
#4508=CARTESIAN_POINT('',(7.00000005215407,24.5,-46.4999999478459));
#4509=CARTESIAN_POINT('Origin',(8.00000005215407,0.,-47.9999999850988));
#4510=CARTESIAN_POINT('',(8.00000005215407,23.,-48.9999999850988));
#4511=CARTESIAN_POINT('',(8.00000005215407,0.,-48.9999999850988));
#4512=CARTESIAN_POINT('Origin',(8.00000005215407,23.,-47.9999999850988));
#4513=CARTESIAN_POINT('Origin',(68.000001013279,23.0000002980232,-27.5000003948808));
#4514=CARTESIAN_POINT('',(68.000001013279,23.0000002980232,-26.5000003948808));
#4515=CARTESIAN_POINT('',(68.000001013279,22.0000002980232,-27.5000003948808));
#4516=CARTESIAN_POINT('Origin',(68.000001013279,23.0000002980232,-27.5000003948808));
#4517=CARTESIAN_POINT('',(65.0000000149012,22.0000002980232,-27.5000003948808));
#4518=CARTESIAN_POINT('',(68.000001013279,22.0000002980232,-27.5000003948808));
#4519=CARTESIAN_POINT('',(65.000001013279,23.,-26.5000003948808));
#4520=CARTESIAN_POINT('Origin',(65.0000000149012,23.0000002980232,-27.5000003948808));
#4521=CARTESIAN_POINT('',(66.5000009909272,23.,-26.5000003948808));
#4522=CARTESIAN_POINT('',(52.3750005476177,23.,-26.5000003948808));
#4523=CARTESIAN_POINT('',(68.000001013279,23.0000002980232,-26.5000003948808));
#4524=CARTESIAN_POINT('Origin',(68.000001013279,22.0000002980232,-37.5000005587935));
#4525=CARTESIAN_POINT('',(68.000001013279,22.0000002980232,-36.5000005587935));
#4526=CARTESIAN_POINT('',(68.000001013279,22.0000002980232,-17.249999884516));
#4527=CARTESIAN_POINT('',(65.0000000149012,22.0000002980232,-36.5000005587935));
#4528=CARTESIAN_POINT('',(68.000001013279,22.0000002980232,-36.5000005587935));
#4529=CARTESIAN_POINT('',(65.0000000149012,22.0000002980232,-43.2500002719462));
#4530=CARTESIAN_POINT('Origin',(40.0000005811453,20.5000002607703,-52.0000000298023));
#4531=CARTESIAN_POINT('',(40.0000005811453,19.5000002607703,-52.0000000298023));
#4532=CARTESIAN_POINT('',(39.0000005811453,20.5000002607703,-52.0000000298023));
#4533=CARTESIAN_POINT('Origin',(40.0000005811453,20.5000002607703,-52.0000000298023));
#4534=CARTESIAN_POINT('',(39.0000005811453,20.5000002607703,-48.9999999850988));
#4535=CARTESIAN_POINT('',(39.0000005811453,20.5000002607703,-52.0000000298023));
#4536=CARTESIAN_POINT('',(40.0000005811453,19.5000002607703,-48.9999999850988));
#4537=CARTESIAN_POINT('Origin',(40.0000005811453,20.5000002607703,-48.9999999850988));
#4538=CARTESIAN_POINT('',(40.0000005811453,19.5000002607703,-52.0000000298023));
#4539=CARTESIAN_POINT('Origin',(39.0000005811453,27.,-52.0000000298023));
#4540=CARTESIAN_POINT('',(39.0000005811453,13.5,-52.0000000298023));
#4541=CARTESIAN_POINT('',(39.0000005811453,23.,-50.5000000074506));
#4542=CARTESIAN_POINT('',(39.0000005811453,13.5,-50.5000000074506));
#4543=CARTESIAN_POINT('',(39.0000005811453,23.,-48.9999999850988));
#4544=CARTESIAN_POINT('',(39.0000005811453,23.,-38.4999998286366));
#4545=CARTESIAN_POINT('',(39.0000005811453,13.5,-48.9999999850988));
#4546=CARTESIAN_POINT('Origin',(68.000001013279,20.5000002607703,-22.5000003501773));
#4547=CARTESIAN_POINT('',(68.000001013279,19.5000002607703,-22.5000003501773));
#4548=CARTESIAN_POINT('',(68.000001013279,20.5000002607703,-23.5000003501773));
#4549=CARTESIAN_POINT('Origin',(68.000001013279,20.5000002607703,-22.5000003501773));
#4550=CARTESIAN_POINT('',(65.0000000149012,20.5000002607703,-23.5000003501773));
#4551=CARTESIAN_POINT('',(68.000001013279,20.5000002607703,-23.5000003501773));
#4552=CARTESIAN_POINT('',(65.0000000149012,19.5000002607703,-22.5000003501773));
#4553=CARTESIAN_POINT('Origin',(65.0000000149012,20.5000002607703,-22.5000003501773));
#4554=CARTESIAN_POINT('',(68.000001013279,19.5000002607703,-22.5000003501773));
#4555=CARTESIAN_POINT('Origin',(68.000001013279,27.,-23.5000003501773));
#4556=CARTESIAN_POINT('',(68.000001013279,27.,-23.5000003501773));
#4557=CARTESIAN_POINT('',(68.000001013279,13.5,-23.5000003501773));
#4558=CARTESIAN_POINT('',(66.5000009909272,27.,-23.5000003501773));
#4559=CARTESIAN_POINT('',(50.5000007525086,27.,-23.5000003501773));
#4560=CARTESIAN_POINT('',(66.5000009909272,23.,-23.5000003501773));
#4561=CARTESIAN_POINT('',(66.5000009909272,13.5,-23.5000003501773));
#4562=CARTESIAN_POINT('',(65.000001013279,23.,-23.5000003501773));
#4563=CARTESIAN_POINT('',(52.3750005476177,23.,-23.5000003501773));
#4564=CARTESIAN_POINT('',(65.0000000149012,13.5,-23.5000003501773));
#4565=CARTESIAN_POINT('Origin',(68.000001013279,23.0000002980232,-36.5000005587935));
#4566=CARTESIAN_POINT('',(68.000001013279,23.0000002980232,-37.5000005587935));
#4567=CARTESIAN_POINT('Origin',(68.000001013279,23.0000002980232,-36.5000005587935));
#4568=CARTESIAN_POINT('',(68.000001013279,23.0000002980232,-37.5000005587935));
#4569=CARTESIAN_POINT('',(65.000001013279,23.,-37.5000005587935));
#4570=CARTESIAN_POINT('',(52.3750005476177,23.,-37.5000005587935));
#4571=CARTESIAN_POINT('Origin',(65.0000000149012,23.0000002980232,-36.5000005587935));
#4572=CARTESIAN_POINT('Origin',(68.000001013279,27.,-37.5000005587935));
#4573=CARTESIAN_POINT('',(68.000001013279,27.,-37.5000005587935));
#4574=CARTESIAN_POINT('',(68.000001013279,13.5,-37.5000005587935));
#4575=CARTESIAN_POINT('',(50.5000007525086,27.,-37.5000005587935));
#4576=CARTESIAN_POINT('Origin',(54.5000005811453,20.5000002607703,-52.0000000298023));
#4577=CARTESIAN_POINT('',(55.5000005811453,20.5000002607703,-52.0000000298023));
#4578=CARTESIAN_POINT('',(54.5000005811453,19.5000002607703,-52.0000000298023));
#4579=CARTESIAN_POINT('Origin',(54.5000005811453,20.5000002607703,-52.0000000298023));
#4580=CARTESIAN_POINT('',(54.5000005811453,19.5000002607703,-48.9999999850988));
#4581=CARTESIAN_POINT('',(54.5000005811453,19.5000002607703,-52.0000000298023));
#4582=CARTESIAN_POINT('',(55.5000005811453,20.5000002607703,-48.9999999850988));
#4583=CARTESIAN_POINT('Origin',(54.5000005811453,20.5000002607703,-48.9999999850988));
#4584=CARTESIAN_POINT('',(55.5000005811453,20.5000002607703,-52.0000000298023));
#4585=CARTESIAN_POINT('Origin',(39.0000005811453,19.5000002607703,-52.0000000298023));
#4586=CARTESIAN_POINT('',(23.0000003166497,19.5000002607703,-48.9999999850988));
#4587=CARTESIAN_POINT('',(53.5000007972121,19.5000002607703,-52.0000000298023));
#4588=CARTESIAN_POINT('Origin',(68.000001013279,20.5000002607703,-13.5000001862645));
#4589=CARTESIAN_POINT('',(68.000001013279,20.5000002607703,-12.5000001862645));
#4590=CARTESIAN_POINT('',(68.000001013279,19.5000002607703,-13.5000001862645));
#4591=CARTESIAN_POINT('Origin',(68.000001013279,20.5000002607703,-13.5000001862645));
#4592=CARTESIAN_POINT('',(65.0000000149012,19.5000002607703,-13.5000001862645));
#4593=CARTESIAN_POINT('',(68.000001013279,19.5000002607703,-13.5000001862645));
#4594=CARTESIAN_POINT('',(65.0000000149012,20.5000002607703,-12.5000001862645));
#4595=CARTESIAN_POINT('Origin',(65.0000000149012,20.5000002607703,-13.5000001862645));
#4596=CARTESIAN_POINT('',(68.000001013279,20.5000002607703,-12.5000001862645));
#4597=CARTESIAN_POINT('Origin',(68.000001013279,19.5000002607703,-23.5000003501773));
#4598=CARTESIAN_POINT('',(65.0000000149012,19.5000002607703,-36.2500001676381));
#4599=CARTESIAN_POINT('',(68.000001013279,19.5000002607704,-10.2499997802079));
#4600=CARTESIAN_POINT('Origin',(65.0000000149012,0.,-0.999999985098832));
#4601=CARTESIAN_POINT('',(46.0000006854534,15.5000001341105,-0.999999985098832));
#4602=CARTESIAN_POINT('Origin',(46.0000006854534,9.00000013411045,-0.999999985098832));
#4603=CARTESIAN_POINT('',(35.0000005215406,15.5000001341105,-0.999999985098832));
#4604=CARTESIAN_POINT('',(55.5000003501773,15.5000001341105,-0.999999985098832));
#4605=CARTESIAN_POINT('Origin',(35.0000005215406,9.00000013411045,-0.999999985098832));
#4606=CARTESIAN_POINT('',(65.0000000149012,23.,-0.999999985098832));
#4607=CARTESIAN_POINT('',(65.0000000149012,23.,-0.999999985098832));
#4608=CARTESIAN_POINT('',(65.0000000149012,12.,-0.999999985098832));
#4609=CARTESIAN_POINT('',(65.0000000149012,0.,-0.999999985098832));
#4610=CARTESIAN_POINT('',(59.7499991729855,12.,-0.999999985098832));
#4611=CARTESIAN_POINT('',(63.9374998044223,12.,-0.999999985098832));
#4612=CARTESIAN_POINT('',(59.7499991729855,0.,-0.999999985098832));
#4613=CARTESIAN_POINT('Origin',(59.7499991729855,0.,-1.99999998509883));
#4614=CARTESIAN_POINT('',(60.7499991729855,12.,-1.99999998509883));
#4615=CARTESIAN_POINT('Origin',(59.7499991729855,12.,-1.99999998509883));
#4616=CARTESIAN_POINT('',(60.7499991729855,0.,-1.99999998509883));
#4617=CARTESIAN_POINT('Origin',(64.0000000149012,0.,-6.24999994784593));
#4618=CARTESIAN_POINT('',(64.0000000149012,12.,-5.24999994784593));
#4619=CARTESIAN_POINT('',(64.0000000149012,0.,-5.24999994784593));
#4620=CARTESIAN_POINT('',(65.0000000149012,12.,-6.24999994784593));
#4621=CARTESIAN_POINT('Origin',(64.0000000149012,12.,-6.24999994784593));
#4622=CARTESIAN_POINT('',(65.0000000149012,0.,-6.24999994784593));
#4623=CARTESIAN_POINT('Origin',(65.0000000149012,0.,-48.9999999850988));
#4624=CARTESIAN_POINT('',(65.0000000149012,12.,-26.0624999757856));
#4625=CARTESIAN_POINT('',(65.000001013279,23.,-12.5000001862645));
#4626=CARTESIAN_POINT('',(65.0000000149012,23.,-48.9999999850988));
#4627=CARTESIAN_POINT('',(65.0000000149012,9.75000013038517,-12.5000001862645));
#4628=CARTESIAN_POINT('',(65.0000000149012,23.,-48.9999999850988));
#4629=CARTESIAN_POINT('',(65.0000000149012,23.,-48.9999999850988));
#4630=CARTESIAN_POINT('',(65.0000000149012,23.,-48.9999999850988));
#4631=CARTESIAN_POINT('',(65.0000000149012,12.,-48.9999999850988));
#4632=CARTESIAN_POINT('',(65.0000000149012,0.,-48.9999999850988));
#4633=CARTESIAN_POINT('',(65.0000000149012,12.,-43.7499999478459));
#4634=CARTESIAN_POINT('',(65.0000000149012,12.,-47.9374999757856));
#4635=CARTESIAN_POINT('',(65.0000000149012,0.,-43.7499999478459));
#4636=CARTESIAN_POINT('',(65.000001013279,10.5000001490116,-25.000000372529));
#4637=CARTESIAN_POINT('',(65.000001013279,10.5000001490116,-38.0000005662442));
#4638=CARTESIAN_POINT('',(65.0000000149012,10.5000001490116,-43.5000002756715));
#4639=CARTESIAN_POINT('',(65.000001013279,13.5000001937151,-38.0000005662441));
#4640=CARTESIAN_POINT('',(65.0000000149012,6.75000009685747,-38.0000005662442));
#4641=CARTESIAN_POINT('',(65.000001013279,13.5000001937151,-25.000000372529));
#4642=CARTESIAN_POINT('',(65.0000000149012,13.5000001937151,-37.0000001788139));
#4643=CARTESIAN_POINT('',(65.0000000149012,5.25000007450581,-25.000000372529));
#4644=CARTESIAN_POINT('Origin',(59.7500000521541,0.,-47.9999999850988));
#4645=CARTESIAN_POINT('',(60.7500000521541,12.,-47.9999999850988));
#4646=CARTESIAN_POINT('',(60.7500000521541,0.,-47.9999999850988));
#4647=CARTESIAN_POINT('',(59.7500000521541,12.,-48.9999999850988));
#4648=CARTESIAN_POINT('Origin',(59.7500000521541,12.,-47.9999999850988));
#4649=CARTESIAN_POINT('',(59.7500000521541,0.,-48.9999999850988));
#4650=CARTESIAN_POINT('Origin',(60.7500000521541,0.,-48.9999999850988));
#4651=CARTESIAN_POINT('',(60.7500000521541,12.,-46.4999999478459));
#4652=CARTESIAN_POINT('',(60.7500000521541,0.,-46.4999999478459));
#4653=CARTESIAN_POINT('',(60.7500000521541,12.,-46.4999999478459));
#4654=CARTESIAN_POINT('Origin',(64.0000000149012,0.,-43.7499999478459));
#4655=CARTESIAN_POINT('',(64.0000000149012,12.,-44.7499999478459));
#4656=CARTESIAN_POINT('Origin',(64.0000000149012,12.,-43.7499999478459));
#4657=CARTESIAN_POINT('',(64.0000000149012,0.,-44.7499999478459));
#4658=CARTESIAN_POINT('Origin',(67.000001013279,1.,-51.0000000298023));
#4659=CARTESIAN_POINT('',(68.000001013279,1.,-51.0000000298023));
#4660=CARTESIAN_POINT('',(67.000001013279,1.,-52.0000000298023));
#4661=CARTESIAN_POINT('Origin',(67.000001013279,1.,-51.0000000298023));
#4662=CARTESIAN_POINT('Origin',(67.000001013279,1.,-51.0000000298023));
#4663=CARTESIAN_POINT('Origin',(67.000001013279,1.,-51.0000000298023));
#4664=CARTESIAN_POINT('Origin',(67.000001013279,1.,2.00000078976154));
#4665=CARTESIAN_POINT('Origin',(67.000001013279,1.,2.00000078976154));
#4666=CARTESIAN_POINT('',(68.000001013279,1.,2.00000078976154));
#4667=CARTESIAN_POINT('Origin',(67.000001013279,1.,2.00000078976154));
#4668=CARTESIAN_POINT('Origin',(67.000001013279,1.,2.00000078976154));
#4669=CARTESIAN_POINT('Origin',(67.000001013279,1.,-10.9999995976686));
#4670=CARTESIAN_POINT('',(68.000001013279,1.,-10.9999995976686));
#4671=CARTESIAN_POINT('Origin',(67.000001013279,0.,2.00000078976154));
#4672=CARTESIAN_POINT('',(68.000001013279,0.,2.00000078976154));
#4673=CARTESIAN_POINT('Origin',(-1.00000002980233,1.,-51.0000000298023));
#4674=CARTESIAN_POINT('',(-1.00000002980233,1.,-52.0000000298023));
#4675=CARTESIAN_POINT('',(-2.00000002980232,1.,-51.0000000298023));
#4676=CARTESIAN_POINT('Origin',(-1.00000002980232,1.,-51.0000000298023));
#4677=CARTESIAN_POINT('Origin',(-1.00000002980233,1.,-51.0000000298023));
#4678=CARTESIAN_POINT('Origin',(-1.00000002980232,1.,-51.0000000298023));
#4679=CARTESIAN_POINT('Origin',(50.1250005085021,1.,-51.0000000298023));
#4680=CARTESIAN_POINT('',(50.1250005085021,1.,-52.0000000298023));
#4681=CARTESIAN_POINT('Origin',(-1.00000002980232,1.,2.00000078976154));
#4682=CARTESIAN_POINT('',(-2.00000002980232,1.,2.00000078976154));
#4683=CARTESIAN_POINT('Origin',(-1.00000002980232,1.,2.00000078976154));
#4684=CARTESIAN_POINT('Origin',(-1.00000002980232,1.,2.00000078976154));
#4685=CARTESIAN_POINT('Origin',(-1.00000002980232,1.,-38.5000000074506));
#4686=CARTESIAN_POINT('',(-2.00000002980232,1.,-38.5000000074506));
#4687=CARTESIAN_POINT('Origin',(15.1249999869615,1.,2.00000078976154));
#4688=CARTESIAN_POINT('Origin',(-1.00000002980232,0.,2.00000078976154));
#4689=CARTESIAN_POINT('',(-2.00000002980232,0.,2.00000078976154));
#4690=CARTESIAN_POINT('Origin',(-1.00000002980232,0.,-51.0000000298023));
#4691=CARTESIAN_POINT('',(-1.00000002980232,0.,-52.0000000298023));
#4692=CARTESIAN_POINT('',(-2.00000002980232,0.,-51.0000000298023));
#4693=CARTESIAN_POINT('Origin',(67.000001013279,0.,-51.0000000298023));
#4694=CARTESIAN_POINT('',(67.000001013279,27.,-52.0000000298023));
#4695=CARTESIAN_POINT('',(68.000001013279,27.,-51.0000000298023));
#4696=CARTESIAN_POINT('Origin',(67.000001013279,27.,-51.0000000298023));
#4697=CARTESIAN_POINT('',(68.000001013279,0.,-51.0000000298023));
#4698=CARTESIAN_POINT('',(67.000001013279,0.,-52.0000000298023));
#4699=CARTESIAN_POINT('Origin',(68.000001013279,0.,3.00000078976154));
#4700=CARTESIAN_POINT('',(68.000001013279,27.,-52.0000000298023));
#4701=CARTESIAN_POINT('',(68.000001013279,27.,-26.5000003948808));
#4702=CARTESIAN_POINT('',(68.000001013279,11.0000001490116,-26.5000003948808));
#4703=CARTESIAN_POINT('',(68.000001013279,27.,-52.0000000298023));
#4704=CARTESIAN_POINT('',(68.000001013279,9.75000013038517,-12.5000001862645));
#4705=CARTESIAN_POINT('',(68.000001013279,6.30384774865673,-41.0000005662442));
#4706=CARTESIAN_POINT('',(68.000001013279,6.30384774865673,-22.000000372529));
#4707=CARTESIAN_POINT('',(68.000001013279,6.30384774865673,-25.000000372529));
#4708=CARTESIAN_POINT('',(68.000001013279,16.69615259407,-22.000000372529));
#4709=CARTESIAN_POINT('',(68.000001013279,5.25000007450581,-22.000000372529));
#4710=CARTESIAN_POINT('',(68.000001013279,16.69615259407,-41.0000005662441));
#4711=CARTESIAN_POINT('',(68.000001013279,16.69615259407,-25.000000372529));
#4712=CARTESIAN_POINT('',(68.000001013279,6.75000009685786,-41.0000005662442));
#4713=CARTESIAN_POINT('Origin',(33.0000004917383,27.,-24.4999996200204));
#4714=CARTESIAN_POINT('',(55.5000005811453,27.,-52.0000000298023));
#4715=CARTESIAN_POINT('',(-2.00000002980232,27.,-52.0000000298023));
#4716=CARTESIAN_POINT('',(55.5000005811453,27.,-50.5000000074506));
#4717=CARTESIAN_POINT('',(55.5000005811453,27.,-38.2499998249114));
#4718=CARTESIAN_POINT('',(-0.500000007450581,27.,-50.5000000074506));
#4719=CARTESIAN_POINT('Origin',(68.000001013279,0.,-52.0000000298023));
#4720=CARTESIAN_POINT('',(55.5000005811453,9.75000013038516,-52.0000000298023));
#4721=CARTESIAN_POINT('Origin',(3.24999958276748,24.5,-3.24999959766865));
#4722=CARTESIAN_POINT('Origin',(3.25000002235174,24.5,-46.7499999776483));
#4723=CARTESIAN_POINT('',(1.37500000745058,24.5,-50.5000000074506));
#4724=CARTESIAN_POINT('Origin',(-0.500000007450581,0.,-50.5000000074506));
#4725=CARTESIAN_POINT('',(-0.500000007450581,23.,-50.5000000074506));
#4726=CARTESIAN_POINT('Origin',(35.0000005215406,2.50000013411045,-0.999999985098832));
#4727=CARTESIAN_POINT('',(35.0000005215406,2.50000013411045,2.00000001490117));
#4728=CARTESIAN_POINT('',(35.0000005215406,2.50000013411045,-0.999999985098832));
#4729=CARTESIAN_POINT('',(46.0000006854534,2.50000013411045,2.00000001490117));
#4730=CARTESIAN_POINT('',(35.0000005215406,2.50000013411045,2.00000001490117));
#4731=CARTESIAN_POINT('',(46.0000006854534,2.50000013411045,-0.999999985098832));
#4732=CARTESIAN_POINT('Origin',(35.0000005215406,9.00000013411045,-0.999999985098832));
#4733=CARTESIAN_POINT('',(35.0000005215406,15.5000001341105,2.00000001490117));
#4734=CARTESIAN_POINT('',(35.0000005215406,15.5000001341105,-0.999999985098832));
#4735=CARTESIAN_POINT('Origin',(35.0000005215406,9.00000013411045,2.00000001490117));
#4736=CARTESIAN_POINT('Origin',(46.0000006854534,15.5000001341105,-0.999999985098832));
#4737=CARTESIAN_POINT('',(46.0000006854534,15.5000001341105,2.00000001490117));
#4738=CARTESIAN_POINT('',(46.0000006854534,15.5000001341105,-0.999999985098832));
#4739=CARTESIAN_POINT('',(46.0000006854534,15.5000001341105,2.00000001490117));
#4740=CARTESIAN_POINT('Origin',(46.0000006854534,9.00000013411045,-0.999999985098832));
#4741=CARTESIAN_POINT('Origin',(46.0000006854534,9.00000013411045,2.00000001490117));
#4742=CARTESIAN_POINT('Origin',(40.500000603497,9.00000013411045,2.00000001490117));
#4743=CARTESIAN_POINT('Origin',(65.000001013279,6.75000009685786,-41.0000005662442));
#4744=CARTESIAN_POINT('',(65.0839212339575,10.5000001490116,-38.0011745631954));
#4745=CARTESIAN_POINT('Ctrl Pts',(68.0000010132789,6.30384774865673,-41.0000005662442));
#4746=CARTESIAN_POINT('Ctrl Pts',(68.0000010132789,6.30384774865673,-40.6555256137243));
#4747=CARTESIAN_POINT('Ctrl Pts',(67.936361274315,6.33903611455835,-40.2895463805857));
#4748=CARTESIAN_POINT('Ctrl Pts',(67.6882595592069,6.49462198311029,-39.6215164386961));
#4749=CARTESIAN_POINT('Ctrl Pts',(67.5043460766457,6.61708497370622,-39.3197448189046));
#4750=CARTESIAN_POINT('Ctrl Pts',(67.169599371416,6.8784668013738,-38.9169011047751));
#4751=CARTESIAN_POINT('Ctrl Pts',(67.007569582944,7.01531073563917,-38.7610130125165));
#4752=CARTESIAN_POINT('Ctrl Pts',(66.6788462545593,7.33111897542552,-38.5050306619382));
#4753=CARTESIAN_POINT('Ctrl Pts',(66.5128634254955,7.51025442302915,-38.4042358753569));
#4754=CARTESIAN_POINT('Ctrl Pts',(65.9639941684502,8.17714033516409,-38.1231951206197));
#4755=CARTESIAN_POINT('Ctrl Pts',(65.6007981016457,8.78937177149114,-38.0507728424394));
#4756=CARTESIAN_POINT('Ctrl Pts',(65.2365033011213,9.79328492918204,-38.0067574576821));
#4757=CARTESIAN_POINT('Ctrl Pts',(65.1436818447484,10.1464516158139,-38.0028469255267));
#4758=CARTESIAN_POINT('Ctrl Pts',(65.0839212339575,10.5000001490116,-38.0011745631954));
#4759=CARTESIAN_POINT('',(65.3431467716892,13.5000001937153,-38.0196900138881));
#4760=CARTESIAN_POINT('Ctrl Pts',(65.3431467716892,13.5000001937153,-38.019690013888));
#4761=CARTESIAN_POINT('Ctrl Pts',(65.3486551478764,13.5155802341405,-38.0203242350174));
#4762=CARTESIAN_POINT('Ctrl Pts',(65.3542268278247,13.5311345303071,-38.0209812300647));
#4763=CARTESIAN_POINT('Ctrl Pts',(65.6007981016457,14.2106285712356,-38.0507728424393));
#4764=CARTESIAN_POINT('Ctrl Pts',(65.9639941684502,14.8228600075626,-38.1231951206197));
#4765=CARTESIAN_POINT('Ctrl Pts',(66.5128634254955,15.4897459196976,-38.4042358753568));
#4766=CARTESIAN_POINT('Ctrl Pts',(66.6788462545593,15.6688813673012,-38.5050306619381));
#4767=CARTESIAN_POINT('Ctrl Pts',(67.007569582944,15.9846896070875,-38.7610130125164));
#4768=CARTESIAN_POINT('Ctrl Pts',(67.169599371416,16.1215335413529,-38.916901104775));
#4769=CARTESIAN_POINT('Ctrl Pts',(67.5043460766457,16.3829153690205,-39.3197448189045));
#4770=CARTESIAN_POINT('Ctrl Pts',(67.6882595592069,16.5053783596164,-39.621516438696));
#4771=CARTESIAN_POINT('Ctrl Pts',(67.936361274315,16.6609642281684,-40.2895463805856));
#4772=CARTESIAN_POINT('Ctrl Pts',(68.0000010132789,16.69615259407,-40.6555256137242));
#4773=CARTESIAN_POINT('Ctrl Pts',(68.0000010132789,16.69615259407,-41.0000005662441));
#4774=CARTESIAN_POINT('Origin',(65.000001013279,13.5000001937153,-41.0000005662441));
#4775=CARTESIAN_POINT('Origin',(65.000001013279,10.5000001490117,-41.0000005662442));
#4776=CARTESIAN_POINT('Origin',(65.000001013279,5.25000007450581,-22.000000372529));
#4777=CARTESIAN_POINT('',(65.3431467716891,13.5000001937151,-24.9803109248851));
#4778=CARTESIAN_POINT('Ctrl Pts',(68.000001013279,16.69615259407,-22.000000372529));
#4779=CARTESIAN_POINT('Ctrl Pts',(68.000001013279,16.69615259407,-22.344475325049));
#4780=CARTESIAN_POINT('Ctrl Pts',(67.936361274315,16.6609642281684,-22.7104545581875));
#4781=CARTESIAN_POINT('Ctrl Pts',(67.6882595592069,16.5053783596164,-23.3784845000771));
#4782=CARTESIAN_POINT('Ctrl Pts',(67.5043460766457,16.3829153690205,-23.6802561198687));
#4783=CARTESIAN_POINT('Ctrl Pts',(67.169599371416,16.1215335413529,-24.0830998339982));
#4784=CARTESIAN_POINT('Ctrl Pts',(67.007569582944,15.9846896070875,-24.2389879262567));
#4785=CARTESIAN_POINT('Ctrl Pts',(66.6788462545593,15.6688813673012,-24.4949702768351));
#4786=CARTESIAN_POINT('Ctrl Pts',(66.5128634254955,15.4897459196975,-24.5957650634164));
#4787=CARTESIAN_POINT('Ctrl Pts',(65.9639941684502,14.8228600075626,-24.8768058181535));
#4788=CARTESIAN_POINT('Ctrl Pts',(65.6007981016457,14.2106285712356,-24.9492280963339));
#4789=CARTESIAN_POINT('Ctrl Pts',(65.3542268278246,13.5311345303071,-24.9790197087085));
#4790=CARTESIAN_POINT('Ctrl Pts',(65.3486551478763,13.5155802341404,-24.9796767037558));
#4791=CARTESIAN_POINT('Ctrl Pts',(65.3431467716891,13.5000001937151,-24.9803109248851));
#4792=CARTESIAN_POINT('',(65.0839212339575,10.5000001490116,-24.9988263755778));
#4793=CARTESIAN_POINT('Ctrl Pts',(65.0839212339575,10.5000001490116,-24.9988263755778));
#4794=CARTESIAN_POINT('Ctrl Pts',(65.1436818447484,10.1464516158139,-24.9971540132465));
#4795=CARTESIAN_POINT('Ctrl Pts',(65.2365033011213,9.79328492918204,-24.9932434810911));
#4796=CARTESIAN_POINT('Ctrl Pts',(65.6007981016457,8.78937177149115,-24.9492280963339));
#4797=CARTESIAN_POINT('Ctrl Pts',(65.9639941684502,8.1771403351641,-24.8768058181535));
#4798=CARTESIAN_POINT('Ctrl Pts',(66.5128634254955,7.51025442302916,-24.5957650634164));
#4799=CARTESIAN_POINT('Ctrl Pts',(66.6788462545593,7.33111897542552,-24.4949702768351));
#4800=CARTESIAN_POINT('Ctrl Pts',(67.007569582944,7.01531073563918,-24.2389879262567));
#4801=CARTESIAN_POINT('Ctrl Pts',(67.169599371416,6.8784668013738,-24.0830998339982));
#4802=CARTESIAN_POINT('Ctrl Pts',(67.5043460766457,6.61708497370622,-23.6802561198687));
#4803=CARTESIAN_POINT('Ctrl Pts',(67.6882595592069,6.49462198311029,-23.3784845000771));
#4804=CARTESIAN_POINT('Ctrl Pts',(67.936361274315,6.33903611455835,-22.7104545581875));
#4805=CARTESIAN_POINT('Ctrl Pts',(68.0000010132789,6.30384774865673,-22.344475325049));
#4806=CARTESIAN_POINT('Ctrl Pts',(68.0000010132789,6.30384774865673,-22.000000372529));
#4807=CARTESIAN_POINT('Origin',(65.000001013279,10.5000001490116,-22.000000372529));
#4808=CARTESIAN_POINT('Origin',(65.000001013279,13.5000001937151,-22.000000372529));
#4809=CARTESIAN_POINT('Origin',(71.000001013279,11.5000001713634,-25.000000372529));
#4810=CARTESIAN_POINT('',(65.0839212339575,10.5000001490116,-25.000000372529));
#4811=CARTESIAN_POINT('Origin',(71.000001013279,11.5000001713634,-25.000000372529));
#4812=CARTESIAN_POINT('',(65.3431467716891,13.5000001937151,-25.000000372529));
#4813=CARTESIAN_POINT('Origin',(68.000001013279,10.5000001490116,-38.0000005662442));
#4814=CARTESIAN_POINT('Origin',(68.000001013279,19.5000002607703,-12.5000001862645));
#4815=CARTESIAN_POINT('',(52.3750005476177,23.,-12.5000001862645));
#4816=CARTESIAN_POINT('Origin',(68.000001013279,22.0000002980232,-26.5000003948808));
#4817=CARTESIAN_POINT('',(66.5000009909272,27.,-26.5000003948808));
#4818=CARTESIAN_POINT('',(66.5000009909272,11.0000001490116,-26.5000003948808));
#4819=CARTESIAN_POINT('',(50.5000007525086,27.,-26.5000003948808));
#4820=CARTESIAN_POINT('Origin',(68.000001013279,13.5000001937151,-25.000000372529));
#4821=CARTESIAN_POINT('Origin',(66.5000009909272,0.,-50.5000000074506));
#4822=CARTESIAN_POINT('',(66.5000009909272,27.,-50.5000000074506));
#4823=CARTESIAN_POINT('',(66.5000009909272,23.,-50.5000000074506));
#4824=CARTESIAN_POINT('Origin',(36.7500000819564,23.,-24.999999627471));
#4825=CARTESIAN_POINT('',(55.5000005811453,23.,-50.5000000074506));
#4826=CARTESIAN_POINT('',(-0.500000007450581,23.,-50.5000000074506));
#4827=CARTESIAN_POINT('',(55.5000005811453,23.,-48.9999999850988));
#4828=CARTESIAN_POINT('',(55.5000005811453,23.,-38.4999998286366));
#4829=CARTESIAN_POINT('',(1.00000001490116,23.,-48.9999999850988));
#4830=CARTESIAN_POINT('Origin',(36.7500000819564,23.,-24.999999627471));
#4831=CARTESIAN_POINT('Origin',(55.5000005811453,19.5000002607703,-52.0000000298023));
#4832=CARTESIAN_POINT('',(55.5000005811453,9.75000013038519,-48.9999999850988));
#4833=CARTESIAN_POINT('',(55.5000005811453,9.7500001303852,-50.5000000074506));
#4834=CARTESIAN_POINT('Origin',(-0.500000007450581,0.,-50.5000000074506));
#4835=CARTESIAN_POINT('Origin',(36.7500000819564,23.,-24.999999627471));
#4836=CARTESIAN_POINT('Origin',(60.7499991729855,0.,-3.49999994784593));
#4837=CARTESIAN_POINT('',(60.7499991729855,12.,-3.49999994784593));
#4838=CARTESIAN_POINT('',(60.7499991729855,12.,-3.49999994784593));
#4839=CARTESIAN_POINT('',(60.7499991729855,0.,-3.49999994784593));
#4840=CARTESIAN_POINT('Origin',(62.4999991729855,0.,-3.49999994784593));
#4841=CARTESIAN_POINT('',(62.4999991729855,12.,-5.24999994784593));
#4842=CARTESIAN_POINT('Origin',(62.4999991729855,12.,-3.49999994784593));
#4843=CARTESIAN_POINT('',(62.4999991729855,0.,-5.24999994784593));
#4844=CARTESIAN_POINT('Origin',(65.0000000149012,0.,-5.24999994784593));
#4845=CARTESIAN_POINT('',(62.4999991729855,12.,-5.24999994784593));
#4846=CARTESIAN_POINT('Origin',(62.8749995939434,12.,-3.12499996647238));
#4847=CARTESIAN_POINT('Origin',(62.5000000521541,0.,-44.7499999478459));
#4848=CARTESIAN_POINT('',(62.5000000521541,12.,-44.7499999478459));
#4849=CARTESIAN_POINT('',(62.5000000521541,12.,-44.7499999478459));
#4850=CARTESIAN_POINT('',(62.5000000521541,0.,-44.7499999478459));
#4851=CARTESIAN_POINT('Origin',(62.5000000521541,0.,-46.4999999478459));
#4852=CARTESIAN_POINT('Origin',(62.5000000521541,12.,-46.4999999478459));
#4853=CARTESIAN_POINT('Origin',(62.8750000335276,12.,-46.8749999664724));
#4854=CARTESIAN_POINT('',(34.9375000428408,12.,-48.9999999850988));
#4855=CARTESIAN_POINT('Origin',(7.00000005215407,0.,-48.9999999850988));
#4856=CARTESIAN_POINT('',(1.00000001490116,23.,-48.9999999850988));
#4857=CARTESIAN_POINT('Origin',(-2.00000002980232,0.,-52.0000000298023));
#4858=CARTESIAN_POINT('Origin',(33.0000004917383,27.,-24.4999996200204));
#4859=CARTESIAN_POINT('Origin',(36.7500000819564,23.,-24.999999627471));
#4860=CARTESIAN_POINT('Origin',(55.0000008642673,1.,2.00000004470348));
#4861=CARTESIAN_POINT('',(54.0000008642673,1.,3.00000004470348));
#4862=CARTESIAN_POINT('',(54.0000008642673,0.,2.00000004470348));
#4863=CARTESIAN_POINT('Origin',(54.0000008642673,1.,2.00000004470348));
#4864=CARTESIAN_POINT('',(58.0000008642673,0.,2.00000004470348));
#4865=CARTESIAN_POINT('',(55.0000008642673,0.,2.00000004470348));
#4866=CARTESIAN_POINT('',(58.0000008642673,1.,3.00000004470348));
#4867=CARTESIAN_POINT('Origin',(58.0000008642673,1.,2.00000004470348));
#4868=CARTESIAN_POINT('',(55.0000008642673,1.,3.00000004470348));
#4869=CARTESIAN_POINT('Origin',(54.0000008642673,0.,-6.99999995529652));
#4870=CARTESIAN_POINT('',(54.0000008642673,11.,3.00000004470348));
#4871=CARTESIAN_POINT('',(54.0000008642673,0.,3.00000004470348));
#4872=CARTESIAN_POINT('',(54.0000008642673,11.,-6.99999995529652));
#4873=CARTESIAN_POINT('',(54.0000008642673,11.,3.00000004470348));
#4874=CARTESIAN_POINT('',(54.0000008642673,0.,-6.99999995529652));
#4875=CARTESIAN_POINT('',(54.0000008642673,0.,-6.99999995529652));
#4876=CARTESIAN_POINT('',(54.0000008642673,0.,3.00000004470348));
#4877=CARTESIAN_POINT('Origin',(54.0000008642673,0.,3.00000004470348));
#4878=CARTESIAN_POINT('',(58.0000008642673,11.,3.00000004470348));
#4879=CARTESIAN_POINT('',(58.0000008642673,0.,3.00000004470348));
#4880=CARTESIAN_POINT('',(58.0000008642673,11.,3.00000004470348));
#4881=CARTESIAN_POINT('Origin',(58.0000008642673,0.,-6.99999995529652));
#4882=CARTESIAN_POINT('',(58.0000008642673,0.,-6.99999995529652));
#4883=CARTESIAN_POINT('',(54.0000008642673,0.,-6.99999995529652));
#4884=CARTESIAN_POINT('',(58.0000008642673,11.,-6.99999995529652));
#4885=CARTESIAN_POINT('',(54.0000008642673,11.,-6.99999995529652));
#4886=CARTESIAN_POINT('',(58.0000008642673,0.,-6.99999995529652));
#4887=CARTESIAN_POINT('Origin',(58.0000008642673,0.,3.00000004470348));
#4888=CARTESIAN_POINT('',(58.0000008642673,0.,-6.99999995529652));
#4889=CARTESIAN_POINT('',(58.0000008642673,11.,-6.99999995529652));
#4890=CARTESIAN_POINT('Origin',(56.0000008642673,0.,-1.99999995529652));
#4891=CARTESIAN_POINT('Origin',(56.0000008642673,11.,-1.99999995529652));
#4892=CARTESIAN_POINT('Origin',(43.0000006705523,25.5000004023314,3.00000078976154));
#4893=CARTESIAN_POINT('',(45.0000006705523,25.5000004023314,3.00000078976154));
#4894=CARTESIAN_POINT('',(43.0000006705523,25.5000004023314,3.00000078976154));
#4895=CARTESIAN_POINT('',(45.0000006705523,25.5000004023314,3.00000078976154));
#4896=CARTESIAN_POINT('',(45.0000006705523,25.5000004023314,0.500000789761543));
#4897=CARTESIAN_POINT('',(45.0000006705523,25.5000004023314,3.00000078976154));
#4898=CARTESIAN_POINT('',(43.0000006705523,25.5000004023314,0.500000789761543));
#4899=CARTESIAN_POINT('',(45.0000006705523,25.5000004023314,0.500000789761543));
#4900=CARTESIAN_POINT('',(43.0000006705523,25.5000004023314,3.00000078976154));
#4901=CARTESIAN_POINT('Origin',(43.0000006705523,23.5000004023314,3.00000078976154));
#4902=CARTESIAN_POINT('',(43.0000006705523,23.5000004023314,3.00000078976154));
#4903=CARTESIAN_POINT('',(43.0000006705523,25.5000004023314,3.00000078976154));
#4904=CARTESIAN_POINT('',(43.0000006705523,23.5000004023314,0.500000789761543));
#4905=CARTESIAN_POINT('',(43.0000006705523,25.5000004023314,0.500000789761543));
#4906=CARTESIAN_POINT('',(43.0000006705523,23.5000004023314,3.00000078976154));
#4907=CARTESIAN_POINT('Origin',(45.0000006705523,23.5000004023314,3.00000078976154));
#4908=CARTESIAN_POINT('',(45.0000006705523,23.5000004023314,3.00000078976154));
#4909=CARTESIAN_POINT('',(43.0000006705523,23.5000004023314,3.00000078976154));
#4910=CARTESIAN_POINT('',(45.0000006705523,23.5000004023314,0.500000789761543));
#4911=CARTESIAN_POINT('',(43.0000006705523,23.5000004023314,0.500000789761543));
#4912=CARTESIAN_POINT('',(45.0000006705523,23.5000004023314,3.00000078976154));
#4913=CARTESIAN_POINT('Origin',(45.0000006705523,25.5000004023314,3.00000078976154));
#4914=CARTESIAN_POINT('',(45.0000006705523,23.5000004023314,3.00000078976154));
#4915=CARTESIAN_POINT('',(45.0000006705523,23.5000004023314,0.500000789761543));
#4916=CARTESIAN_POINT('Origin',(44.0000006705523,24.5000004023314,3.00000078976154));
#4917=CARTESIAN_POINT('Origin',(44.0000006705523,24.5000004023314,0.500000789761543));
#4918=UNCERTAINTY_MEASURE_WITH_UNIT(LENGTH_MEASURE(0.01),#4922,
'DISTANCE_ACCURACY_VALUE',
'Maximum model space distance between geometric entities at asserted c
onnectivities');
#4919=UNCERTAINTY_MEASURE_WITH_UNIT(LENGTH_MEASURE(0.01),#4922,
'DISTANCE_ACCURACY_VALUE',
'Maximum model space distance between geometric entities at asserted c
onnectivities');
#4920=(
GEOMETRIC_REPRESENTATION_CONTEXT(3)
GLOBAL_UNCERTAINTY_ASSIGNED_CONTEXT((#4918))
GLOBAL_UNIT_ASSIGNED_CONTEXT((#4922,#4924,#4925))
REPRESENTATION_CONTEXT('','3D')
);
#4921=(
GEOMETRIC_REPRESENTATION_CONTEXT(3)
GLOBAL_UNCERTAINTY_ASSIGNED_CONTEXT((#4919))
GLOBAL_UNIT_ASSIGNED_CONTEXT((#4922,#4924,#4925))
REPRESENTATION_CONTEXT('','3D')
);
#4922=(
LENGTH_UNIT()
NAMED_UNIT(*)
SI_UNIT(.MILLI.,.METRE.)
);
#4923=(
LENGTH_UNIT()
NAMED_UNIT(*)
SI_UNIT($,.METRE.)
);
#4924=(
NAMED_UNIT(*)
PLANE_ANGLE_UNIT()
SI_UNIT($,.RADIAN.)
);
#4925=(
NAMED_UNIT(*)
SI_UNIT($,.STERADIAN.)
SOLID_ANGLE_UNIT()
);
#4926=SHAPE_DEFINITION_REPRESENTATION(#4927,#4928);
#4927=PRODUCT_DEFINITION_SHAPE('',$,#4930);
#4928=SHAPE_REPRESENTATION('',(#2764),#4920);
#4929=PRODUCT_DEFINITION_CONTEXT('part definition',#4934,'design');
#4930=PRODUCT_DEFINITION('2026-05-20-13-26-39-046','krabka_bp_top',#4931,
#4929);
#4931=PRODUCT_DEFINITION_FORMATION('',$,#4936);
#4932=PRODUCT_RELATED_PRODUCT_CATEGORY('krabka_bp_top','krabka_bp_top',
(#4936));
#4933=APPLICATION_PROTOCOL_DEFINITION('international standard',
'automotive_design',2009,#4934);
#4934=APPLICATION_CONTEXT(
'Core Data for Automotive Mechanical Design Process');
#4935=PRODUCT_CONTEXT('part definition',#4934,'mechanical');
#4936=PRODUCT('2026-05-20-13-26-39-046','krabka_bp_top',$,(#4935));
#4937=PRESENTATION_STYLE_ASSIGNMENT((#4938));
#4938=SURFACE_STYLE_USAGE(.BOTH.,#4939);
#4939=SURFACE_SIDE_STYLE('',(#4940));
#4940=SURFACE_STYLE_FILL_AREA(#4941);
#4941=FILL_AREA_STYLE('Steel - Satin',(#4942));
#4942=FILL_AREA_STYLE_COLOUR('Steel - Satin',#4943);
#4943=COLOUR_RGB('Steel - Satin',0.627450980392157,0.627450980392157,0.627450980392157);
ENDSEC;
END-ISO-10303-21;
