ISO-10303-21;
HEADER;
/* Generated by software containing ST-Developer
 * from STEP Tools, Inc. (www.steptools.com) 
 */

FILE_DESCRIPTION(
/* description */ (''),
/* implementation_level */ '2;1');

FILE_NAME(
/* name */ 'krabka_bp_bottom.step',
/* time_stamp */ '2026-05-26T19:56:17+02:00',
/* author */ (''),
/* organization */ (''),
/* preprocessor_version */ 'ST-DEVELOPER v20.1',
/* originating_system */ 'Autodesk Translation Framework v15.8.0.0',
/* authorisation */ '');

FILE_SCHEMA (('AUTOMOTIVE_DESIGN { 1 0 10303 214 3 1 1 }'));
ENDSEC;

DATA;
#10=MECHANICAL_DESIGN_GEOMETRIC_PRESENTATION_REPRESENTATION('',(#13,#14),
#3297);
#11=SHAPE_REPRESENTATION_RELATIONSHIP('SRR','None',#3304,#12);
#12=ADVANCED_BREP_SHAPE_REPRESENTATION('',(#15,#16),#3296);
#13=STYLED_ITEM('',(#3313),#15);
#14=STYLED_ITEM('',(#3313),#16);
#15=MANIFOLD_SOLID_BREP('Body1',#1938);
#16=MANIFOLD_SOLID_BREP('Body5',#1939);
#17=TOROIDAL_SURFACE('',#2000,3.,1.5);
#18=TOROIDAL_SURFACE('',#2034,5.,1.5);
#19=TOROIDAL_SURFACE('',#2043,5.,1.5);
#20=SPHERICAL_SURFACE('',#1988,1.5);
#21=SPHERICAL_SURFACE('',#1994,1.5);
#22=SPHERICAL_SURFACE('',#2006,1.5);
#23=SPHERICAL_SURFACE('',#2012,1.5);
#24=SPHERICAL_SURFACE('',#2018,1.5);
#25=SPHERICAL_SURFACE('',#2024,1.5);
#26=SPHERICAL_SURFACE('',#2105,1.);
#27=SPHERICAL_SURFACE('',#2109,1.);
#28=SPHERICAL_SURFACE('',#2113,0.999999999999996);
#29=SPHERICAL_SURFACE('',#2117,1.);
#30=ELLIPSE('',#1987,2.12132034355964,1.5);
#31=ELLIPSE('',#2031,2.12132034355964,1.5);
#32=FACE_BOUND('',#288,.T.);
#33=FACE_BOUND('',#289,.T.);
#34=FACE_BOUND('',#290,.T.);
#35=FACE_BOUND('',#347,.T.);
#36=FACE_BOUND('',#353,.T.);
#37=FACE_BOUND('',#354,.T.);
#38=FACE_BOUND('',#356,.T.);
#39=FACE_BOUND('',#379,.T.);
#40=CYLINDRICAL_SURFACE('',#1969,1.5);
#41=CYLINDRICAL_SURFACE('',#1984,1.5);
#42=CYLINDRICAL_SURFACE('',#1986,1.5);
#43=CYLINDRICAL_SURFACE('',#1992,1.5);
#44=CYLINDRICAL_SURFACE('',#1993,1.5);
#45=CYLINDRICAL_SURFACE('',#1998,1.5);
#46=CYLINDRICAL_SURFACE('',#2004,1.5);
#47=CYLINDRICAL_SURFACE('',#2005,1.5);
#48=CYLINDRICAL_SURFACE('',#2010,1.5);
#49=CYLINDRICAL_SURFACE('',#2016,1.5);
#50=CYLINDRICAL_SURFACE('',#2022,1.5);
#51=CYLINDRICAL_SURFACE('',#2028,1.5);
#52=CYLINDRICAL_SURFACE('',#2030,1.5);
#53=CYLINDRICAL_SURFACE('',#2032,1.5);
#54=CYLINDRICAL_SURFACE('',#2038,1.5);
#55=CYLINDRICAL_SURFACE('',#2039,1.5);
#56=CYLINDRICAL_SURFACE('',#2040,1.5);
#57=CYLINDRICAL_SURFACE('',#2041,1.5);
#58=CYLINDRICAL_SURFACE('',#2047,1.5);
#59=CYLINDRICAL_SURFACE('',#2048,1.5);
#60=CYLINDRICAL_SURFACE('',#2049,3.5);
#61=CYLINDRICAL_SURFACE('',#2053,1.5);
#62=CYLINDRICAL_SURFACE('',#2061,1.5);
#63=CYLINDRICAL_SURFACE('',#2064,1.5);
#64=CYLINDRICAL_SURFACE('',#2068,1.5);
#65=CYLINDRICAL_SURFACE('',#2071,1.5);
#66=CYLINDRICAL_SURFACE('',#2074,1.);
#67=CYLINDRICAL_SURFACE('',#2077,1.);
#68=CYLINDRICAL_SURFACE('',#2081,1.25);
#69=CYLINDRICAL_SURFACE('',#2084,1.25);
#70=CYLINDRICAL_SURFACE('',#2088,1.5);
#71=CYLINDRICAL_SURFACE('',#2090,1.5);
#72=CYLINDRICAL_SURFACE('',#2096,3.5);
#73=CYLINDRICAL_SURFACE('',#2101,1.5);
#74=CYLINDRICAL_SURFACE('',#2121,1.);
#75=CYLINDRICAL_SURFACE('',#2122,1.);
#76=CYLINDRICAL_SURFACE('',#2123,1.);
#77=CYLINDRICAL_SURFACE('',#2124,1.);
#78=CYLINDRICAL_SURFACE('',#2125,1.);
#79=CYLINDRICAL_SURFACE('',#2126,1.);
#80=CYLINDRICAL_SURFACE('',#2127,1.);
#81=CYLINDRICAL_SURFACE('',#2128,1.);
#82=CONICAL_SURFACE('',#1963,2.,0.463647609000805);
#83=CONICAL_SURFACE('',#1966,2.,0.463647609000805);
#84=CIRCLE('',#1955,1.5);
#85=CIRCLE('',#1957,1.5);
#86=CIRCLE('',#1960,1.5);
#87=CIRCLE('',#1961,1.5);
#88=CIRCLE('',#1962,1.5);
#89=CIRCLE('',#1964,2.5);
#90=CIRCLE('',#1965,1.5);
#91=CIRCLE('',#1967,2.5);
#92=CIRCLE('',#1968,1.5);
#93=CIRCLE('',#1970,1.5);
#94=CIRCLE('',#1972,1.);
#95=CIRCLE('',#1973,1.);
#96=CIRCLE('',#1974,1.);
#97=CIRCLE('',#1975,1.);
#98=CIRCLE('',#1976,1.);
#99=CIRCLE('',#1977,1.);
#100=CIRCLE('',#1978,1.5);
#101=CIRCLE('',#1979,1.5);
#102=CIRCLE('',#1980,1.5);
#103=CIRCLE('',#1981,1.5);
#104=CIRCLE('',#1982,1.5);
#105=CIRCLE('',#1983,1.5);
#106=CIRCLE('',#1985,1.5);
#107=CIRCLE('',#1989,1.5);
#108=CIRCLE('',#1990,1.5);
#109=CIRCLE('',#1991,1.5);
#110=CIRCLE('',#1995,1.5);
#111=CIRCLE('',#1996,1.5);
#112=CIRCLE('',#1997,1.5);
#113=CIRCLE('',#1999,1.5);
#114=CIRCLE('',#2001,1.49999999999987);
#115=CIRCLE('',#2002,3.);
#116=CIRCLE('',#2003,1.5);
#117=CIRCLE('',#2007,1.5);
#118=CIRCLE('',#2008,1.5);
#119=CIRCLE('',#2009,1.5);
#120=CIRCLE('',#2011,1.5);
#121=CIRCLE('',#2013,1.5);
#122=CIRCLE('',#2014,1.5);
#123=CIRCLE('',#2015,1.5);
#124=CIRCLE('',#2017,1.5);
#125=CIRCLE('',#2019,1.5);
#126=CIRCLE('',#2020,1.5);
#127=CIRCLE('',#2021,1.5);
#128=CIRCLE('',#2023,1.5);
#129=CIRCLE('',#2025,1.5);
#130=CIRCLE('',#2026,1.5);
#131=CIRCLE('',#2027,1.5);
#132=CIRCLE('',#2029,1.5);
#133=CIRCLE('',#2033,1.5);
#134=CIRCLE('',#2035,1.49999999999999);
#135=CIRCLE('',#2036,5.);
#136=CIRCLE('',#2037,3.5);
#137=CIRCLE('',#2042,1.5);
#138=CIRCLE('',#2044,1.5);
#139=CIRCLE('',#2045,5.);
#140=CIRCLE('',#2046,3.5);
#141=CIRCLE('',#2050,3.5);
#142=CIRCLE('',#2056,1.25);
#143=CIRCLE('',#2057,1.5);
#144=CIRCLE('',#2058,1.5);
#145=CIRCLE('',#2059,1.25);
#146=CIRCLE('',#2062,1.5);
#147=CIRCLE('',#2065,1.5);
#148=CIRCLE('',#2066,1.5);
#149=CIRCLE('',#2069,1.5);
#150=CIRCLE('',#2072,1.5);
#151=CIRCLE('',#2075,1.);
#152=CIRCLE('',#2078,1.);
#153=CIRCLE('',#2082,1.25);
#154=CIRCLE('',#2085,1.25);
#155=CIRCLE('',#2089,1.5);
#156=CIRCLE('',#2091,1.5);
#157=CIRCLE('',#2093,3.5);
#158=CIRCLE('',#2102,1.5);
#159=CIRCLE('',#2106,1.);
#160=CIRCLE('',#2107,1.);
#161=CIRCLE('',#2108,1.);
#162=CIRCLE('',#2110,0.999999999999996);
#163=CIRCLE('',#2111,1.);
#164=CIRCLE('',#2112,1.);
#165=CIRCLE('',#2114,1.);
#166=CIRCLE('',#2115,0.999999999999996);
#167=CIRCLE('',#2116,1.);
#168=CIRCLE('',#2118,0.999999999999996);
#169=CIRCLE('',#2119,1.);
#170=CIRCLE('',#2120,0.999999999999996);
#171=FACE_OUTER_BOUND('',#279,.T.);
#172=FACE_OUTER_BOUND('',#280,.T.);
#173=FACE_OUTER_BOUND('',#281,.T.);
#174=FACE_OUTER_BOUND('',#282,.T.);
#175=FACE_OUTER_BOUND('',#283,.T.);
#176=FACE_OUTER_BOUND('',#284,.T.);
#177=FACE_OUTER_BOUND('',#285,.T.);
#178=FACE_OUTER_BOUND('',#286,.T.);
#179=FACE_OUTER_BOUND('',#287,.T.);
#180=FACE_OUTER_BOUND('',#291,.T.);
#181=FACE_OUTER_BOUND('',#292,.T.);
#182=FACE_OUTER_BOUND('',#293,.T.);
#183=FACE_OUTER_BOUND('',#294,.T.);
#184=FACE_OUTER_BOUND('',#295,.T.);
#185=FACE_OUTER_BOUND('',#296,.T.);
#186=FACE_OUTER_BOUND('',#297,.T.);
#187=FACE_OUTER_BOUND('',#298,.T.);
#188=FACE_OUTER_BOUND('',#299,.T.);
#189=FACE_OUTER_BOUND('',#300,.T.);
#190=FACE_OUTER_BOUND('',#301,.T.);
#191=FACE_OUTER_BOUND('',#302,.T.);
#192=FACE_OUTER_BOUND('',#303,.T.);
#193=FACE_OUTER_BOUND('',#304,.T.);
#194=FACE_OUTER_BOUND('',#305,.T.);
#195=FACE_OUTER_BOUND('',#306,.T.);
#196=FACE_OUTER_BOUND('',#307,.T.);
#197=FACE_OUTER_BOUND('',#308,.T.);
#198=FACE_OUTER_BOUND('',#309,.T.);
#199=FACE_OUTER_BOUND('',#310,.T.);
#200=FACE_OUTER_BOUND('',#311,.T.);
#201=FACE_OUTER_BOUND('',#312,.T.);
#202=FACE_OUTER_BOUND('',#313,.T.);
#203=FACE_OUTER_BOUND('',#314,.T.);
#204=FACE_OUTER_BOUND('',#315,.T.);
#205=FACE_OUTER_BOUND('',#316,.T.);
#206=FACE_OUTER_BOUND('',#317,.T.);
#207=FACE_OUTER_BOUND('',#318,.T.);
#208=FACE_OUTER_BOUND('',#319,.T.);
#209=FACE_OUTER_BOUND('',#320,.T.);
#210=FACE_OUTER_BOUND('',#321,.T.);
#211=FACE_OUTER_BOUND('',#322,.T.);
#212=FACE_OUTER_BOUND('',#323,.T.);
#213=FACE_OUTER_BOUND('',#324,.T.);
#214=FACE_OUTER_BOUND('',#325,.T.);
#215=FACE_OUTER_BOUND('',#326,.T.);
#216=FACE_OUTER_BOUND('',#327,.T.);
#217=FACE_OUTER_BOUND('',#328,.T.);
#218=FACE_OUTER_BOUND('',#329,.T.);
#219=FACE_OUTER_BOUND('',#330,.T.);
#220=FACE_OUTER_BOUND('',#331,.T.);
#221=FACE_OUTER_BOUND('',#332,.T.);
#222=FACE_OUTER_BOUND('',#333,.T.);
#223=FACE_OUTER_BOUND('',#334,.T.);
#224=FACE_OUTER_BOUND('',#335,.T.);
#225=FACE_OUTER_BOUND('',#336,.T.);
#226=FACE_OUTER_BOUND('',#337,.T.);
#227=FACE_OUTER_BOUND('',#338,.T.);
#228=FACE_OUTER_BOUND('',#339,.T.);
#229=FACE_OUTER_BOUND('',#340,.T.);
#230=FACE_OUTER_BOUND('',#341,.T.);
#231=FACE_OUTER_BOUND('',#342,.T.);
#232=FACE_OUTER_BOUND('',#343,.T.);
#233=FACE_OUTER_BOUND('',#344,.T.);
#234=FACE_OUTER_BOUND('',#345,.T.);
#235=FACE_OUTER_BOUND('',#346,.T.);
#236=FACE_OUTER_BOUND('',#348,.T.);
#237=FACE_OUTER_BOUND('',#349,.T.);
#238=FACE_OUTER_BOUND('',#350,.T.);
#239=FACE_OUTER_BOUND('',#351,.T.);
#240=FACE_OUTER_BOUND('',#352,.T.);
#241=FACE_OUTER_BOUND('',#355,.T.);
#242=FACE_OUTER_BOUND('',#357,.T.);
#243=FACE_OUTER_BOUND('',#358,.T.);
#244=FACE_OUTER_BOUND('',#359,.T.);
#245=FACE_OUTER_BOUND('',#360,.T.);
#246=FACE_OUTER_BOUND('',#361,.T.);
#247=FACE_OUTER_BOUND('',#362,.T.);
#248=FACE_OUTER_BOUND('',#363,.T.);
#249=FACE_OUTER_BOUND('',#364,.T.);
#250=FACE_OUTER_BOUND('',#365,.T.);
#251=FACE_OUTER_BOUND('',#366,.T.);
#252=FACE_OUTER_BOUND('',#367,.T.);
#253=FACE_OUTER_BOUND('',#368,.T.);
#254=FACE_OUTER_BOUND('',#369,.T.);
#255=FACE_OUTER_BOUND('',#370,.T.);
#256=FACE_OUTER_BOUND('',#371,.T.);
#257=FACE_OUTER_BOUND('',#372,.T.);
#258=FACE_OUTER_BOUND('',#373,.T.);
#259=FACE_OUTER_BOUND('',#374,.T.);
#260=FACE_OUTER_BOUND('',#375,.T.);
#261=FACE_OUTER_BOUND('',#376,.T.);
#262=FACE_OUTER_BOUND('',#377,.T.);
#263=FACE_OUTER_BOUND('',#378,.T.);
#264=FACE_OUTER_BOUND('',#380,.T.);
#265=FACE_OUTER_BOUND('',#381,.T.);
#266=FACE_OUTER_BOUND('',#382,.T.);
#267=FACE_OUTER_BOUND('',#383,.T.);
#268=FACE_OUTER_BOUND('',#384,.T.);
#269=FACE_OUTER_BOUND('',#385,.T.);
#270=FACE_OUTER_BOUND('',#386,.T.);
#271=FACE_OUTER_BOUND('',#387,.T.);
#272=FACE_OUTER_BOUND('',#388,.T.);
#273=FACE_OUTER_BOUND('',#389,.T.);
#274=FACE_OUTER_BOUND('',#390,.T.);
#275=FACE_OUTER_BOUND('',#391,.T.);
#276=FACE_OUTER_BOUND('',#392,.T.);
#277=FACE_OUTER_BOUND('',#393,.T.);
#278=FACE_OUTER_BOUND('',#394,.T.);
#279=EDGE_LOOP('',(#1223,#1224,#1225,#1226));
#280=EDGE_LOOP('',(#1227,#1228,#1229,#1230,#1231));
#281=EDGE_LOOP('',(#1232,#1233,#1234,#1235,#1236));
#282=EDGE_LOOP('',(#1237,#1238,#1239,#1240));
#283=EDGE_LOOP('',(#1241,#1242,#1243,#1244,#1245,#1246,#1247,#1248,#1249,
#1250,#1251,#1252,#1253,#1254,#1255,#1256,#1257,#1258,#1259));
#284=EDGE_LOOP('',(#1260,#1261,#1262,#1263));
#285=EDGE_LOOP('',(#1264,#1265,#1266,#1267));
#286=EDGE_LOOP('',(#1268,#1269,#1270,#1271));
#287=EDGE_LOOP('',(#1272,#1273,#1274,#1275,#1276,#1277,#1278,#1279));
#288=EDGE_LOOP('',(#1280));
#289=EDGE_LOOP('',(#1281));
#290=EDGE_LOOP('',(#1282,#1283,#1284,#1285,#1286,#1287,#1288,#1289,#1290,
#1291,#1292,#1293,#1294,#1295,#1296,#1297,#1298,#1299,#1300,#1301,#1302,
#1303,#1304,#1305,#1306,#1307,#1308,#1309,#1310,#1311));
#291=EDGE_LOOP('',(#1312,#1313,#1314,#1315));
#292=EDGE_LOOP('',(#1316,#1317,#1318,#1319));
#293=EDGE_LOOP('',(#1320,#1321,#1322));
#294=EDGE_LOOP('',(#1323,#1324,#1325,#1326));
#295=EDGE_LOOP('',(#1327,#1328,#1329,#1330));
#296=EDGE_LOOP('',(#1331,#1332,#1333));
#297=EDGE_LOOP('',(#1334,#1335,#1336,#1337));
#298=EDGE_LOOP('',(#1338,#1339,#1340,#1341));
#299=EDGE_LOOP('',(#1342,#1343,#1344,#1345));
#300=EDGE_LOOP('',(#1346,#1347,#1348,#1349));
#301=EDGE_LOOP('',(#1350,#1351,#1352));
#302=EDGE_LOOP('',(#1353,#1354,#1355,#1356));
#303=EDGE_LOOP('',(#1357,#1358,#1359));
#304=EDGE_LOOP('',(#1360,#1361,#1362,#1363));
#305=EDGE_LOOP('',(#1364,#1365,#1366));
#306=EDGE_LOOP('',(#1367,#1368,#1369,#1370));
#307=EDGE_LOOP('',(#1371,#1372,#1373));
#308=EDGE_LOOP('',(#1374,#1375,#1376,#1377));
#309=EDGE_LOOP('',(#1378,#1379,#1380,#1381));
#310=EDGE_LOOP('',(#1382,#1383,#1384,#1385));
#311=EDGE_LOOP('',(#1386,#1387,#1388,#1389));
#312=EDGE_LOOP('',(#1390,#1391,#1392,#1393));
#313=EDGE_LOOP('',(#1394,#1395,#1396,#1397));
#314=EDGE_LOOP('',(#1398,#1399,#1400,#1401));
#315=EDGE_LOOP('',(#1402,#1403,#1404,#1405));
#316=EDGE_LOOP('',(#1406,#1407,#1408,#1409));
#317=EDGE_LOOP('',(#1410,#1411,#1412,#1413));
#318=EDGE_LOOP('',(#1414,#1415,#1416,#1417,#1418,#1419,#1420,#1421));
#319=EDGE_LOOP('',(#1422,#1423,#1424,#1425));
#320=EDGE_LOOP('',(#1426,#1427,#1428,#1429));
#321=EDGE_LOOP('',(#1430,#1431,#1432,#1433));
#322=EDGE_LOOP('',(#1434,#1435,#1436,#1437));
#323=EDGE_LOOP('',(#1438,#1439,#1440,#1441));
#324=EDGE_LOOP('',(#1442,#1443,#1444,#1445,#1446,#1447,#1448,#1449,#1450,
#1451,#1452,#1453,#1454,#1455,#1456,#1457,#1458,#1459,#1460,#1461,#1462,
#1463));
#325=EDGE_LOOP('',(#1464,#1465,#1466,#1467));
#326=EDGE_LOOP('',(#1468,#1469,#1470,#1471));
#327=EDGE_LOOP('',(#1472,#1473,#1474,#1475));
#328=EDGE_LOOP('',(#1476,#1477,#1478,#1479));
#329=EDGE_LOOP('',(#1480,#1481,#1482,#1483));
#330=EDGE_LOOP('',(#1484,#1485,#1486,#1487));
#331=EDGE_LOOP('',(#1488,#1489,#1490,#1491));
#332=EDGE_LOOP('',(#1492,#1493,#1494,#1495));
#333=EDGE_LOOP('',(#1496,#1497,#1498,#1499));
#334=EDGE_LOOP('',(#1500,#1501,#1502,#1503));
#335=EDGE_LOOP('',(#1504));
#336=EDGE_LOOP('',(#1505,#1506,#1507,#1508));
#337=EDGE_LOOP('',(#1509));
#338=EDGE_LOOP('',(#1510,#1511,#1512,#1513));
#339=EDGE_LOOP('',(#1514,#1515,#1516,#1517));
#340=EDGE_LOOP('',(#1518,#1519,#1520,#1521));
#341=EDGE_LOOP('',(#1522,#1523,#1524,#1525));
#342=EDGE_LOOP('',(#1526,#1527,#1528,#1529));
#343=EDGE_LOOP('',(#1530,#1531,#1532,#1533));
#344=EDGE_LOOP('',(#1534,#1535,#1536,#1537));
#345=EDGE_LOOP('',(#1538,#1539,#1540,#1541));
#346=EDGE_LOOP('',(#1542,#1543,#1544,#1545,#1546,#1547,#1548));
#347=EDGE_LOOP('',(#1549));
#348=EDGE_LOOP('',(#1550,#1551,#1552,#1553));
#349=EDGE_LOOP('',(#1554,#1555,#1556,#1557));
#350=EDGE_LOOP('',(#1558,#1559,#1560,#1561));
#351=EDGE_LOOP('',(#1562,#1563,#1564,#1565,#1566,#1567,#1568,#1569));
#352=EDGE_LOOP('',(#1570,#1571,#1572,#1573));
#353=EDGE_LOOP('',(#1574));
#354=EDGE_LOOP('',(#1575));
#355=EDGE_LOOP('',(#1576,#1577,#1578,#1579,#1580,#1581,#1582));
#356=EDGE_LOOP('',(#1583));
#357=EDGE_LOOP('',(#1584,#1585,#1586,#1587));
#358=EDGE_LOOP('',(#1588,#1589,#1590,#1591));
#359=EDGE_LOOP('',(#1592,#1593,#1594,#1595));
#360=EDGE_LOOP('',(#1596,#1597,#1598,#1599,#1600,#1601,#1602,#1603,#1604,
#1605,#1606));
#361=EDGE_LOOP('',(#1607,#1608,#1609));
#362=EDGE_LOOP('',(#1610,#1611,#1612));
#363=EDGE_LOOP('',(#1613,#1614,#1615));
#364=EDGE_LOOP('',(#1616,#1617,#1618));
#365=EDGE_LOOP('',(#1619,#1620,#1621,#1622));
#366=EDGE_LOOP('',(#1623,#1624,#1625,#1626));
#367=EDGE_LOOP('',(#1627,#1628,#1629,#1630));
#368=EDGE_LOOP('',(#1631,#1632,#1633,#1634));
#369=EDGE_LOOP('',(#1635,#1636,#1637,#1638));
#370=EDGE_LOOP('',(#1639,#1640,#1641,#1642));
#371=EDGE_LOOP('',(#1643,#1644,#1645,#1646));
#372=EDGE_LOOP('',(#1647,#1648,#1649,#1650));
#373=EDGE_LOOP('',(#1651,#1652,#1653,#1654));
#374=EDGE_LOOP('',(#1655,#1656,#1657,#1658));
#375=EDGE_LOOP('',(#1659,#1660,#1661,#1662,#1663,#1664));
#376=EDGE_LOOP('',(#1665,#1666,#1667,#1668,#1669,#1670));
#377=EDGE_LOOP('',(#1671,#1672,#1673,#1674));
#378=EDGE_LOOP('',(#1675,#1676,#1677,#1678));
#379=EDGE_LOOP('',(#1679,#1680,#1681,#1682));
#380=EDGE_LOOP('',(#1683,#1684,#1685,#1686,#1687,#1688,#1689));
#381=EDGE_LOOP('',(#1690,#1691,#1692,#1693));
#382=EDGE_LOOP('',(#1694,#1695,#1696,#1697,#1698,#1699,#1700));
#383=EDGE_LOOP('',(#1701,#1702,#1703,#1704));
#384=EDGE_LOOP('',(#1705,#1706,#1707,#1708));
#385=EDGE_LOOP('',(#1709,#1710,#1711,#1712,#1713,#1714,#1715,#1716));
#386=EDGE_LOOP('',(#1717,#1718,#1719,#1720,#1721,#1722,#1723,#1724,#1725,
#1726,#1727,#1728,#1729,#1730,#1731,#1732,#1733,#1734));
#387=EDGE_LOOP('',(#1735,#1736,#1737,#1738));
#388=EDGE_LOOP('',(#1739,#1740,#1741,#1742,#1743,#1744,#1745,#1746,#1747,
#1748,#1749,#1750,#1751,#1752,#1753,#1754));
#389=EDGE_LOOP('',(#1755,#1756,#1757,#1758));
#390=EDGE_LOOP('',(#1759,#1760,#1761,#1762));
#391=EDGE_LOOP('',(#1763,#1764,#1765,#1766));
#392=EDGE_LOOP('',(#1767,#1768,#1769,#1770));
#393=EDGE_LOOP('',(#1771,#1772,#1773,#1774));
#394=EDGE_LOOP('',(#1775,#1776,#1777,#1778));
#395=LINE('',#2739,#584);
#396=LINE('',#2741,#585);
#397=LINE('',#2743,#586);
#398=LINE('',#2744,#587);
#399=LINE('',#2747,#588);
#400=LINE('',#2749,#589);
#401=LINE('',#2751,#590);
#402=LINE('',#2755,#591);
#403=LINE('',#2759,#592);
#404=LINE('',#2760,#593);
#405=LINE('',#2762,#594);
#406=LINE('',#2763,#595);
#407=LINE('',#2766,#596);
#408=LINE('',#2768,#597);
#409=LINE('',#2770,#598);
#410=LINE('',#2772,#599);
#411=LINE('',#2774,#600);
#412=LINE('',#2776,#601);
#413=LINE('',#2780,#602);
#414=LINE('',#2784,#603);
#415=LINE('',#2788,#604);
#416=LINE('',#2790,#605);
#417=LINE('',#2792,#606);
#418=LINE('',#2794,#607);
#419=LINE('',#2795,#608);
#420=LINE('',#2800,#609);
#421=LINE('',#2806,#610);
#422=LINE('',#2810,#611);
#423=LINE('',#2813,#612);
#424=LINE('',#2819,#613);
#425=LINE('',#2823,#614);
#426=LINE('',#2827,#615);
#427=LINE('',#2830,#616);
#428=LINE('',#2836,#617);
#429=LINE('',#2838,#618);
#430=LINE('',#2840,#619);
#431=LINE('',#2842,#620);
#432=LINE('',#2844,#621);
#433=LINE('',#2845,#622);
#434=LINE('',#2849,#623);
#435=LINE('',#2853,#624);
#436=LINE('',#2857,#625);
#437=LINE('',#2859,#626);
#438=LINE('',#2861,#627);
#439=LINE('',#2863,#628);
#440=LINE('',#2865,#629);
#441=LINE('',#2869,#630);
#442=LINE('',#2873,#631);
#443=LINE('',#2877,#632);
#444=LINE('',#2879,#633);
#445=LINE('',#2881,#634);
#446=LINE('',#2883,#635);
#447=LINE('',#2885,#636);
#448=LINE('',#2886,#637);
#449=LINE('',#2890,#638);
#450=LINE('',#2893,#639);
#451=LINE('',#2895,#640);
#452=LINE('',#2905,#641);
#453=LINE('',#2906,#642);
#454=LINE('',#2908,#643);
#455=LINE('',#2909,#644);
#456=LINE('',#2920,#645);
#457=LINE('',#2921,#646);
#458=LINE('',#2929,#647);
#459=LINE('',#2930,#648);
#460=LINE('',#2932,#649);
#461=LINE('',#2942,#650);
#462=LINE('',#2954,#651);
#463=LINE('',#2955,#652);
#464=LINE('',#2967,#653);
#465=LINE('',#2968,#654);
#466=LINE('',#2980,#655);
#467=LINE('',#2981,#656);
#468=LINE('',#2984,#657);
#469=LINE('',#2986,#658);
#470=LINE('',#2992,#659);
#471=LINE('',#2993,#660);
#472=LINE('',#3001,#661);
#473=LINE('',#3002,#662);
#474=LINE('',#3004,#663);
#475=LINE('',#3005,#664);
#476=LINE('',#3007,#665);
#477=LINE('',#3008,#666);
#478=LINE('',#3013,#667);
#479=LINE('',#3014,#668);
#480=LINE('',#3022,#669);
#481=LINE('',#3023,#670);
#482=LINE('',#3025,#671);
#483=LINE('',#3028,#672);
#484=LINE('',#3031,#673);
#485=LINE('',#3033,#674);
#486=LINE('',#3035,#675);
#487=LINE('',#3037,#676);
#488=LINE('',#3041,#677);
#489=LINE('',#3044,#678);
#490=LINE('',#3046,#679);
#491=LINE('',#3048,#680);
#492=LINE('',#3050,#681);
#493=LINE('',#3054,#682);
#494=LINE('',#3058,#683);
#495=LINE('',#3059,#684);
#496=LINE('',#3061,#685);
#497=LINE('',#3064,#686);
#498=LINE('',#3067,#687);
#499=LINE('',#3068,#688);
#500=LINE('',#3071,#689);
#501=LINE('',#3074,#690);
#502=LINE('',#3077,#691);
#503=LINE('',#3078,#692);
#504=LINE('',#3084,#693);
#505=LINE('',#3087,#694);
#506=LINE('',#3090,#695);
#507=LINE('',#3092,#696);
#508=LINE('',#3093,#697);
#509=LINE('',#3098,#698);
#510=LINE('',#3099,#699);
#511=LINE('',#3102,#700);
#512=LINE('',#3103,#701);
#513=LINE('',#3106,#702);
#514=LINE('',#3109,#703);
#515=LINE('',#3112,#704);
#516=LINE('',#3113,#705);
#517=LINE('',#3117,#706);
#518=LINE('',#3122,#707);
#519=LINE('',#3126,#708);
#520=LINE('',#3127,#709);
#521=LINE('',#3131,#710);
#522=LINE('',#3133,#711);
#523=LINE('',#3136,#712);
#524=LINE('',#3139,#713);
#525=LINE('',#3141,#714);
#526=LINE('',#3143,#715);
#527=LINE('',#3146,#716);
#528=LINE('',#3150,#717);
#529=LINE('',#3154,#718);
#530=LINE('',#3156,#719);
#531=LINE('',#3159,#720);
#532=LINE('',#3160,#721);
#533=LINE('',#3162,#722);
#534=LINE('',#3164,#723);
#535=LINE('',#3167,#724);
#536=LINE('',#3169,#725);
#537=LINE('',#3170,#726);
#538=LINE('',#3174,#727);
#539=LINE('',#3176,#728);
#540=LINE('',#3178,#729);
#541=LINE('',#3179,#730);
#542=LINE('',#3181,#731);
#543=LINE('',#3186,#732);
#544=LINE('',#3188,#733);
#545=LINE('',#3190,#734);
#546=LINE('',#3191,#735);
#547=LINE('',#3217,#736);
#548=LINE('',#3219,#737);
#549=LINE('',#3221,#738);
#550=LINE('',#3222,#739);
#551=LINE('',#3224,#740);
#552=LINE('',#3225,#741);
#553=LINE('',#3227,#742);
#554=LINE('',#3229,#743);
#555=LINE('',#3231,#744);
#556=LINE('',#3232,#745);
#557=LINE('',#3234,#746);
#558=LINE('',#3235,#747);
#559=LINE('',#3240,#748);
#560=LINE('',#3241,#749);
#561=LINE('',#3244,#750);
#562=LINE('',#3245,#751);
#563=LINE('',#3249,#752);
#564=LINE('',#3250,#753);
#565=LINE('',#3253,#754);
#566=LINE('',#3255,#755);
#567=LINE('',#3256,#756);
#568=LINE('',#3259,#757);
#569=LINE('',#3260,#758);
#570=LINE('',#3262,#759);
#571=LINE('',#3265,#760);
#572=LINE('',#3271,#761);
#573=LINE('',#3273,#762);
#574=LINE('',#3275,#763);
#575=LINE('',#3276,#764);
#576=LINE('',#3279,#765);
#577=LINE('',#3281,#766);
#578=LINE('',#3282,#767);
#579=LINE('',#3285,#768);
#580=LINE('',#3287,#769);
#581=LINE('',#3288,#770);
#582=LINE('',#3290,#771);
#583=LINE('',#3291,#772);
#584=VECTOR('',#2154,10.);
#585=VECTOR('',#2155,10.);
#586=VECTOR('',#2156,10.);
#587=VECTOR('',#2157,10.);
#588=VECTOR('',#2160,10.);
#589=VECTOR('',#2161,10.);
#590=VECTOR('',#2162,10.);
#591=VECTOR('',#2167,10.);
#592=VECTOR('',#2170,10.);
#593=VECTOR('',#2171,10.);
#594=VECTOR('',#2174,10.);
#595=VECTOR('',#2175,10.);
#596=VECTOR('',#2178,10.);
#597=VECTOR('',#2179,10.);
#598=VECTOR('',#2180,10.);
#599=VECTOR('',#2181,10.);
#600=VECTOR('',#2182,10.);
#601=VECTOR('',#2183,10.);
#602=VECTOR('',#2186,10.);
#603=VECTOR('',#2189,10.);
#604=VECTOR('',#2192,10.);
#605=VECTOR('',#2193,10.);
#606=VECTOR('',#2194,10.);
#607=VECTOR('',#2195,10.);
#608=VECTOR('',#2196,10.);
#609=VECTOR('',#2201,2.);
#610=VECTOR('',#2208,2.);
#611=VECTOR('',#2213,10.);
#612=VECTOR('',#2216,10.);
#613=VECTOR('',#2221,10.);
#614=VECTOR('',#2224,10.);
#615=VECTOR('',#2227,10.);
#616=VECTOR('',#2230,10.);
#617=VECTOR('',#2235,10.);
#618=VECTOR('',#2236,10.);
#619=VECTOR('',#2237,10.);
#620=VECTOR('',#2238,10.);
#621=VECTOR('',#2239,10.);
#622=VECTOR('',#2240,10.);
#623=VECTOR('',#2243,10.);
#624=VECTOR('',#2246,10.);
#625=VECTOR('',#2249,10.);
#626=VECTOR('',#2250,10.);
#627=VECTOR('',#2251,10.);
#628=VECTOR('',#2252,10.);
#629=VECTOR('',#2253,10.);
#630=VECTOR('',#2256,10.);
#631=VECTOR('',#2259,10.);
#632=VECTOR('',#2262,10.);
#633=VECTOR('',#2263,10.);
#634=VECTOR('',#2264,10.);
#635=VECTOR('',#2265,10.);
#636=VECTOR('',#2266,10.);
#637=VECTOR('',#2267,10.);
#638=VECTOR('',#2272,10.);
#639=VECTOR('',#2275,10.);
#640=VECTOR('',#2276,10.);
#641=VECTOR('',#2289,10.);
#642=VECTOR('',#2290,10.);
#643=VECTOR('',#2293,10.);
#644=VECTOR('',#2294,10.);
#645=VECTOR('',#2307,10.);
#646=VECTOR('',#2308,10.);
#647=VECTOR('',#2319,10.);
#648=VECTOR('',#2320,10.);
#649=VECTOR('',#2323,10.);
#650=VECTOR('',#2336,10.);
#651=VECTOR('',#2349,10.);
#652=VECTOR('',#2350,10.);
#653=VECTOR('',#2363,10.);
#654=VECTOR('',#2364,10.);
#655=VECTOR('',#2377,10.);
#656=VECTOR('',#2378,10.);
#657=VECTOR('',#2381,10.);
#658=VECTOR('',#2382,10.);
#659=VECTOR('',#2389,10.);
#660=VECTOR('',#2390,10.);
#661=VECTOR('',#2401,10.);
#662=VECTOR('',#2402,10.);
#663=VECTOR('',#2405,10.);
#664=VECTOR('',#2406,10.);
#665=VECTOR('',#2409,10.);
#666=VECTOR('',#2410,10.);
#667=VECTOR('',#2415,10.);
#668=VECTOR('',#2416,10.);
#669=VECTOR('',#2427,10.);
#670=VECTOR('',#2428,10.);
#671=VECTOR('',#2431,10.);
#672=VECTOR('',#2434,10.);
#673=VECTOR('',#2437,10.);
#674=VECTOR('',#2440,10.);
#675=VECTOR('',#2443,10.);
#676=VECTOR('',#2446,10.);
#677=VECTOR('',#2451,10.);
#678=VECTOR('',#2454,10.);
#679=VECTOR('',#2455,10.);
#680=VECTOR('',#2456,10.);
#681=VECTOR('',#2457,10.);
#682=VECTOR('',#2460,10.);
#683=VECTOR('',#2463,10.);
#684=VECTOR('',#2464,10.);
#685=VECTOR('',#2465,10.);
#686=VECTOR('',#2468,10.);
#687=VECTOR('',#2471,10.);
#688=VECTOR('',#2472,10.);
#689=VECTOR('',#2475,10.);
#690=VECTOR('',#2478,10.);
#691=VECTOR('',#2481,10.);
#692=VECTOR('',#2482,10.);
#693=VECTOR('',#2487,10.);
#694=VECTOR('',#2490,10.);
#695=VECTOR('',#2493,10.);
#696=VECTOR('',#2494,10.);
#697=VECTOR('',#2495,10.);
#698=VECTOR('',#2500,10.);
#699=VECTOR('',#2501,10.);
#700=VECTOR('',#2504,10.);
#701=VECTOR('',#2505,10.);
#702=VECTOR('',#2508,10.);
#703=VECTOR('',#2511,10.);
#704=VECTOR('',#2514,10.);
#705=VECTOR('',#2515,10.);
#706=VECTOR('',#2520,1.);
#707=VECTOR('',#2527,1.);
#708=VECTOR('',#2532,10.);
#709=VECTOR('',#2533,10.);
#710=VECTOR('',#2538,10.);
#711=VECTOR('',#2541,10.);
#712=VECTOR('',#2544,10.);
#713=VECTOR('',#2547,10.);
#714=VECTOR('',#2550,10.);
#715=VECTOR('',#2553,10.);
#716=VECTOR('',#2556,1.5);
#717=VECTOR('',#2561,1.5);
#718=VECTOR('',#2566,10.);
#719=VECTOR('',#2567,10.);
#720=VECTOR('',#2570,10.);
#721=VECTOR('',#2571,10.);
#722=VECTOR('',#2574,10.);
#723=VECTOR('',#2577,10.);
#724=VECTOR('',#2582,10.);
#725=VECTOR('',#2583,10.);
#726=VECTOR('',#2584,10.);
#727=VECTOR('',#2587,10.);
#728=VECTOR('',#2588,10.);
#729=VECTOR('',#2589,10.);
#730=VECTOR('',#2590,10.);
#731=VECTOR('',#2593,10.);
#732=VECTOR('',#2600,10.);
#733=VECTOR('',#2603,10.);
#734=VECTOR('',#2606,10.);
#735=VECTOR('',#2607,10.);
#736=VECTOR('',#2642,10.);
#737=VECTOR('',#2645,10.);
#738=VECTOR('',#2648,10.);
#739=VECTOR('',#2649,10.);
#740=VECTOR('',#2652,10.);
#741=VECTOR('',#2653,10.);
#742=VECTOR('',#2656,10.);
#743=VECTOR('',#2659,10.);
#744=VECTOR('',#2662,10.);
#745=VECTOR('',#2663,10.);
#746=VECTOR('',#2666,10.);
#747=VECTOR('',#2667,10.);
#748=VECTOR('',#2674,10.);
#749=VECTOR('',#2675,10.);
#750=VECTOR('',#2678,10.);
#751=VECTOR('',#2679,10.);
#752=VECTOR('',#2686,10.);
#753=VECTOR('',#2687,10.);
#754=VECTOR('',#2692,10.);
#755=VECTOR('',#2693,10.);
#756=VECTOR('',#2694,10.);
#757=VECTOR('',#2697,10.);
#758=VECTOR('',#2698,10.);
#759=VECTOR('',#2701,10.);
#760=VECTOR('',#2706,10.);
#761=VECTOR('',#2713,10.);
#762=VECTOR('',#2714,10.);
#763=VECTOR('',#2715,10.);
#764=VECTOR('',#2716,10.);
#765=VECTOR('',#2719,10.);
#766=VECTOR('',#2720,10.);
#767=VECTOR('',#2721,10.);
#768=VECTOR('',#2724,10.);
#769=VECTOR('',#2725,10.);
#770=VECTOR('',#2726,10.);
#771=VECTOR('',#2729,10.);
#772=VECTOR('',#2730,10.);
#773=VERTEX_POINT('',#2737);
#774=VERTEX_POINT('',#2738);
#775=VERTEX_POINT('',#2740);
#776=VERTEX_POINT('',#2742);
#777=VERTEX_POINT('',#2746);
#778=VERTEX_POINT('',#2748);
#779=VERTEX_POINT('',#2750);
#780=VERTEX_POINT('',#2754);
#781=VERTEX_POINT('',#2756);
#782=VERTEX_POINT('',#2758);
#783=VERTEX_POINT('',#2765);
#784=VERTEX_POINT('',#2767);
#785=VERTEX_POINT('',#2769);
#786=VERTEX_POINT('',#2771);
#787=VERTEX_POINT('',#2773);
#788=VERTEX_POINT('',#2775);
#789=VERTEX_POINT('',#2777);
#790=VERTEX_POINT('',#2779);
#791=VERTEX_POINT('',#2781);
#792=VERTEX_POINT('',#2783);
#793=VERTEX_POINT('',#2785);
#794=VERTEX_POINT('',#2787);
#795=VERTEX_POINT('',#2789);
#796=VERTEX_POINT('',#2791);
#797=VERTEX_POINT('',#2793);
#798=VERTEX_POINT('',#2797);
#799=VERTEX_POINT('',#2799);
#800=VERTEX_POINT('',#2803);
#801=VERTEX_POINT('',#2805);
#802=VERTEX_POINT('',#2809);
#803=VERTEX_POINT('',#2811);
#804=VERTEX_POINT('',#2815);
#805=VERTEX_POINT('',#2816);
#806=VERTEX_POINT('',#2818);
#807=VERTEX_POINT('',#2820);
#808=VERTEX_POINT('',#2822);
#809=VERTEX_POINT('',#2824);
#810=VERTEX_POINT('',#2826);
#811=VERTEX_POINT('',#2828);
#812=VERTEX_POINT('',#2831);
#813=VERTEX_POINT('',#2833);
#814=VERTEX_POINT('',#2835);
#815=VERTEX_POINT('',#2837);
#816=VERTEX_POINT('',#2839);
#817=VERTEX_POINT('',#2841);
#818=VERTEX_POINT('',#2843);
#819=VERTEX_POINT('',#2846);
#820=VERTEX_POINT('',#2848);
#821=VERTEX_POINT('',#2850);
#822=VERTEX_POINT('',#2852);
#823=VERTEX_POINT('',#2854);
#824=VERTEX_POINT('',#2856);
#825=VERTEX_POINT('',#2858);
#826=VERTEX_POINT('',#2860);
#827=VERTEX_POINT('',#2862);
#828=VERTEX_POINT('',#2864);
#829=VERTEX_POINT('',#2866);
#830=VERTEX_POINT('',#2868);
#831=VERTEX_POINT('',#2870);
#832=VERTEX_POINT('',#2872);
#833=VERTEX_POINT('',#2874);
#834=VERTEX_POINT('',#2876);
#835=VERTEX_POINT('',#2878);
#836=VERTEX_POINT('',#2880);
#837=VERTEX_POINT('',#2882);
#838=VERTEX_POINT('',#2884);
#839=VERTEX_POINT('',#2888);
#840=VERTEX_POINT('',#2892);
#841=VERTEX_POINT('',#2894);
#842=VERTEX_POINT('',#2898);
#843=VERTEX_POINT('',#2899);
#844=VERTEX_POINT('',#2901);
#845=VERTEX_POINT('',#2911);
#846=VERTEX_POINT('',#2913);
#847=VERTEX_POINT('',#2917);
#848=VERTEX_POINT('',#2918);
#849=VERTEX_POINT('',#2923);
#850=VERTEX_POINT('',#2924);
#851=VERTEX_POINT('',#2934);
#852=VERTEX_POINT('',#2936);
#853=VERTEX_POINT('',#2940);
#854=VERTEX_POINT('',#2944);
#855=VERTEX_POINT('',#2945);
#856=VERTEX_POINT('',#2947);
#857=VERTEX_POINT('',#2951);
#858=VERTEX_POINT('',#2952);
#859=VERTEX_POINT('',#2957);
#860=VERTEX_POINT('',#2958);
#861=VERTEX_POINT('',#2960);
#862=VERTEX_POINT('',#2964);
#863=VERTEX_POINT('',#2965);
#864=VERTEX_POINT('',#2970);
#865=VERTEX_POINT('',#2971);
#866=VERTEX_POINT('',#2973);
#867=VERTEX_POINT('',#2977);
#868=VERTEX_POINT('',#2978);
#869=VERTEX_POINT('',#2983);
#870=VERTEX_POINT('',#2985);
#871=VERTEX_POINT('',#2989);
#872=VERTEX_POINT('',#2990);
#873=VERTEX_POINT('',#2995);
#874=VERTEX_POINT('',#2996);
#875=VERTEX_POINT('',#3010);
#876=VERTEX_POINT('',#3011);
#877=VERTEX_POINT('',#3016);
#878=VERTEX_POINT('',#3017);
#879=VERTEX_POINT('',#3027);
#880=VERTEX_POINT('',#3029);
#881=VERTEX_POINT('',#3040);
#882=VERTEX_POINT('',#3042);
#883=VERTEX_POINT('',#3045);
#884=VERTEX_POINT('',#3047);
#885=VERTEX_POINT('',#3049);
#886=VERTEX_POINT('',#3051);
#887=VERTEX_POINT('',#3053);
#888=VERTEX_POINT('',#3055);
#889=VERTEX_POINT('',#3057);
#890=VERTEX_POINT('',#3060);
#891=VERTEX_POINT('',#3062);
#892=VERTEX_POINT('',#3066);
#893=VERTEX_POINT('',#3070);
#894=VERTEX_POINT('',#3072);
#895=VERTEX_POINT('',#3076);
#896=VERTEX_POINT('',#3080);
#897=VERTEX_POINT('',#3081);
#898=VERTEX_POINT('',#3083);
#899=VERTEX_POINT('',#3085);
#900=VERTEX_POINT('',#3089);
#901=VERTEX_POINT('',#3091);
#902=VERTEX_POINT('',#3095);
#903=VERTEX_POINT('',#3096);
#904=VERTEX_POINT('',#3101);
#905=VERTEX_POINT('',#3105);
#906=VERTEX_POINT('',#3107);
#907=VERTEX_POINT('',#3111);
#908=VERTEX_POINT('',#3115);
#909=VERTEX_POINT('',#3120);
#910=VERTEX_POINT('',#3125);
#911=VERTEX_POINT('',#3129);
#912=VERTEX_POINT('',#3135);
#913=VERTEX_POINT('',#3137);
#914=VERTEX_POINT('',#3145);
#915=VERTEX_POINT('',#3149);
#916=VERTEX_POINT('',#3153);
#917=VERTEX_POINT('',#3155);
#918=VERTEX_POINT('',#3157);
#919=VERTEX_POINT('',#3168);
#920=VERTEX_POINT('',#3172);
#921=VERTEX_POINT('',#3173);
#922=VERTEX_POINT('',#3175);
#923=VERTEX_POINT('',#3177);
#924=VERTEX_POINT('',#3184);
#925=VERTEX_POINT('',#3193);
#926=VERTEX_POINT('',#3194);
#927=VERTEX_POINT('',#3199);
#928=VERTEX_POINT('',#3200);
#929=VERTEX_POINT('',#3205);
#930=VERTEX_POINT('',#3207);
#931=VERTEX_POINT('',#3211);
#932=VERTEX_POINT('',#3212);
#933=VERTEX_POINT('',#3239);
#934=VERTEX_POINT('',#3243);
#935=VERTEX_POINT('',#3254);
#936=VERTEX_POINT('',#3258);
#937=VERTEX_POINT('',#3269);
#938=VERTEX_POINT('',#3270);
#939=VERTEX_POINT('',#3272);
#940=VERTEX_POINT('',#3274);
#941=VERTEX_POINT('',#3278);
#942=VERTEX_POINT('',#3280);
#943=VERTEX_POINT('',#3284);
#944=VERTEX_POINT('',#3286);
#945=EDGE_CURVE('',#773,#774,#395,.T.);
#946=EDGE_CURVE('',#775,#773,#396,.T.);
#947=EDGE_CURVE('',#776,#775,#397,.T.);
#948=EDGE_CURVE('',#776,#774,#398,.T.);
#949=EDGE_CURVE('',#774,#777,#399,.T.);
#950=EDGE_CURVE('',#778,#776,#400,.T.);
#951=EDGE_CURVE('',#778,#779,#401,.T.);
#952=EDGE_CURVE('',#777,#779,#84,.T.);
#953=EDGE_CURVE('',#780,#773,#402,.T.);
#954=EDGE_CURVE('',#781,#780,#85,.T.);
#955=EDGE_CURVE('',#782,#781,#403,.T.);
#956=EDGE_CURVE('',#775,#782,#404,.T.);
#957=EDGE_CURVE('',#779,#781,#405,.T.);
#958=EDGE_CURVE('',#782,#778,#406,.T.);
#959=EDGE_CURVE('',#783,#777,#407,.T.);
#960=EDGE_CURVE('',#784,#783,#408,.T.);
#961=EDGE_CURVE('',#784,#785,#409,.T.);
#962=EDGE_CURVE('',#785,#786,#410,.T.);
#963=EDGE_CURVE('',#787,#786,#411,.T.);
#964=EDGE_CURVE('',#788,#787,#412,.T.);
#965=EDGE_CURVE('',#789,#788,#86,.T.);
#966=EDGE_CURVE('',#790,#789,#413,.T.);
#967=EDGE_CURVE('',#791,#790,#87,.T.);
#968=EDGE_CURVE('',#792,#791,#414,.T.);
#969=EDGE_CURVE('',#793,#792,#88,.T.);
#970=EDGE_CURVE('',#794,#793,#415,.T.);
#971=EDGE_CURVE('',#795,#794,#416,.T.);
#972=EDGE_CURVE('',#795,#796,#417,.T.);
#973=EDGE_CURVE('',#797,#796,#418,.T.);
#974=EDGE_CURVE('',#780,#797,#419,.T.);
#975=EDGE_CURVE('',#798,#798,#89,.T.);
#976=EDGE_CURVE('',#798,#799,#420,.T.);
#977=EDGE_CURVE('',#799,#799,#90,.T.);
#978=EDGE_CURVE('',#800,#800,#91,.T.);
#979=EDGE_CURVE('',#800,#801,#421,.T.);
#980=EDGE_CURVE('',#801,#801,#92,.T.);
#981=EDGE_CURVE('',#792,#802,#422,.T.);
#982=EDGE_CURVE('',#802,#803,#93,.T.);
#983=EDGE_CURVE('',#793,#803,#423,.T.);
#984=EDGE_CURVE('',#804,#805,#94,.T.);
#985=EDGE_CURVE('',#804,#806,#424,.T.);
#986=EDGE_CURVE('',#807,#806,#95,.T.);
#987=EDGE_CURVE('',#807,#808,#425,.T.);
#988=EDGE_CURVE('',#809,#808,#96,.T.);
#989=EDGE_CURVE('',#809,#810,#426,.T.);
#990=EDGE_CURVE('',#811,#810,#97,.T.);
#991=EDGE_CURVE('',#811,#805,#427,.T.);
#992=EDGE_CURVE('',#812,#812,#98,.T.);
#993=EDGE_CURVE('',#813,#813,#99,.T.);
#994=EDGE_CURVE('',#802,#814,#428,.T.);
#995=EDGE_CURVE('',#815,#791,#429,.T.);
#996=EDGE_CURVE('',#816,#815,#430,.T.);
#997=EDGE_CURVE('',#816,#817,#431,.T.);
#998=EDGE_CURVE('',#817,#818,#432,.T.);
#999=EDGE_CURVE('',#785,#818,#433,.T.);
#1000=EDGE_CURVE('',#819,#784,#100,.T.);
#1001=EDGE_CURVE('',#819,#820,#434,.T.);
#1002=EDGE_CURVE('',#820,#821,#101,.T.);
#1003=EDGE_CURVE('',#821,#822,#435,.T.);
#1004=EDGE_CURVE('',#823,#822,#102,.T.);
#1005=EDGE_CURVE('',#824,#823,#436,.T.);
#1006=EDGE_CURVE('',#825,#824,#437,.T.);
#1007=EDGE_CURVE('',#825,#826,#438,.T.);
#1008=EDGE_CURVE('',#826,#827,#439,.T.);
#1009=EDGE_CURVE('',#828,#827,#440,.T.);
#1010=EDGE_CURVE('',#829,#828,#103,.T.);
#1011=EDGE_CURVE('',#829,#830,#441,.T.);
#1012=EDGE_CURVE('',#830,#831,#104,.T.);
#1013=EDGE_CURVE('',#831,#832,#442,.T.);
#1014=EDGE_CURVE('',#833,#832,#105,.T.);
#1015=EDGE_CURVE('',#834,#833,#443,.T.);
#1016=EDGE_CURVE('',#835,#834,#444,.T.);
#1017=EDGE_CURVE('',#836,#835,#445,.T.);
#1018=EDGE_CURVE('',#836,#837,#446,.T.);
#1019=EDGE_CURVE('',#837,#838,#447,.T.);
#1020=EDGE_CURVE('',#814,#838,#448,.T.);
#1021=EDGE_CURVE('',#839,#815,#106,.T.);
#1022=EDGE_CURVE('',#839,#790,#449,.T.);
#1023=EDGE_CURVE('',#840,#829,#450,.T.);
#1024=EDGE_CURVE('',#828,#841,#451,.T.);
#1025=EDGE_CURVE('',#841,#840,#30,.T.);
#1026=EDGE_CURVE('',#842,#843,#107,.F.);
#1027=EDGE_CURVE('',#844,#842,#108,.F.);
#1028=EDGE_CURVE('',#843,#844,#109,.F.);
#1029=EDGE_CURVE('',#841,#844,#452,.T.);
#1030=EDGE_CURVE('',#842,#840,#453,.T.);
#1031=EDGE_CURVE('',#822,#843,#454,.T.);
#1032=EDGE_CURVE('',#844,#823,#455,.T.);
#1033=EDGE_CURVE('',#845,#783,#110,.F.);
#1034=EDGE_CURVE('',#846,#845,#111,.F.);
#1035=EDGE_CURVE('',#783,#846,#112,.F.);
#1036=EDGE_CURVE('',#847,#848,#113,.T.);
#1037=EDGE_CURVE('',#848,#842,#456,.T.);
#1038=EDGE_CURVE('',#843,#847,#457,.T.);
#1039=EDGE_CURVE('',#849,#850,#114,.T.);
#1040=EDGE_CURVE('',#850,#848,#115,.T.);
#1041=EDGE_CURVE('',#847,#849,#116,.T.);
#1042=EDGE_CURVE('',#845,#850,#458,.T.);
#1043=EDGE_CURVE('',#849,#846,#459,.T.);
#1044=EDGE_CURVE('',#846,#819,#460,.T.);
#1045=EDGE_CURVE('',#797,#851,#117,.F.);
#1046=EDGE_CURVE('',#852,#797,#118,.F.);
#1047=EDGE_CURVE('',#851,#852,#119,.F.);
#1048=EDGE_CURVE('',#796,#853,#120,.T.);
#1049=EDGE_CURVE('',#853,#852,#461,.T.);
#1050=EDGE_CURVE('',#854,#855,#121,.F.);
#1051=EDGE_CURVE('',#856,#854,#122,.F.);
#1052=EDGE_CURVE('',#855,#856,#123,.F.);
#1053=EDGE_CURVE('',#857,#858,#124,.T.);
#1054=EDGE_CURVE('',#858,#856,#462,.T.);
#1055=EDGE_CURVE('',#854,#857,#463,.T.);
#1056=EDGE_CURVE('',#859,#860,#125,.F.);
#1057=EDGE_CURVE('',#861,#859,#126,.F.);
#1058=EDGE_CURVE('',#860,#861,#127,.F.);
#1059=EDGE_CURVE('',#862,#863,#128,.T.);
#1060=EDGE_CURVE('',#863,#861,#464,.T.);
#1061=EDGE_CURVE('',#859,#862,#465,.T.);
#1062=EDGE_CURVE('',#864,#865,#129,.F.);
#1063=EDGE_CURVE('',#866,#864,#130,.F.);
#1064=EDGE_CURVE('',#865,#866,#131,.F.);
#1065=EDGE_CURVE('',#867,#868,#132,.T.);
#1066=EDGE_CURVE('',#868,#866,#466,.T.);
#1067=EDGE_CURVE('',#864,#867,#467,.T.);
#1068=EDGE_CURVE('',#869,#865,#468,.T.);
#1069=EDGE_CURVE('',#866,#870,#469,.T.);
#1070=EDGE_CURVE('',#870,#869,#31,.T.);
#1071=EDGE_CURVE('',#871,#872,#133,.T.);
#1072=EDGE_CURVE('',#872,#860,#470,.T.);
#1073=EDGE_CURVE('',#861,#871,#471,.T.);
#1074=EDGE_CURVE('',#873,#874,#134,.T.);
#1075=EDGE_CURVE('',#874,#872,#135,.T.);
#1076=EDGE_CURVE('',#871,#873,#136,.T.);
#1077=EDGE_CURVE('',#865,#874,#472,.T.);
#1078=EDGE_CURVE('',#873,#864,#473,.T.);
#1079=EDGE_CURVE('',#870,#833,#474,.T.);
#1080=EDGE_CURVE('',#832,#869,#475,.T.);
#1081=EDGE_CURVE('',#860,#855,#476,.T.);
#1082=EDGE_CURVE('',#856,#859,#477,.T.);
#1083=EDGE_CURVE('',#875,#876,#137,.T.);
#1084=EDGE_CURVE('',#876,#851,#478,.T.);
#1085=EDGE_CURVE('',#852,#875,#479,.T.);
#1086=EDGE_CURVE('',#877,#878,#138,.T.);
#1087=EDGE_CURVE('',#878,#876,#139,.T.);
#1088=EDGE_CURVE('',#875,#877,#140,.T.);
#1089=EDGE_CURVE('',#855,#878,#480,.T.);
#1090=EDGE_CURVE('',#877,#854,#481,.T.);
#1091=EDGE_CURVE('',#851,#845,#482,.T.);
#1092=EDGE_CURVE('',#875,#879,#483,.T.);
#1093=EDGE_CURVE('',#880,#879,#141,.T.);
#1094=EDGE_CURVE('',#877,#880,#484,.T.);
#1095=EDGE_CURVE('',#879,#853,#485,.T.);
#1096=EDGE_CURVE('',#849,#820,#486,.T.);
#1097=EDGE_CURVE('',#847,#821,#487,.T.);
#1098=EDGE_CURVE('',#827,#881,#488,.T.);
#1099=EDGE_CURVE('',#881,#882,#142,.T.);
#1100=EDGE_CURVE('',#882,#835,#489,.T.);
#1101=EDGE_CURVE('',#834,#883,#490,.T.);
#1102=EDGE_CURVE('',#884,#883,#491,.T.);
#1103=EDGE_CURVE('',#885,#884,#492,.T.);
#1104=EDGE_CURVE('',#886,#885,#143,.T.);
#1105=EDGE_CURVE('',#887,#886,#493,.T.);
#1106=EDGE_CURVE('',#888,#887,#144,.T.);
#1107=EDGE_CURVE('',#888,#889,#494,.T.);
#1108=EDGE_CURVE('',#786,#889,#495,.T.);
#1109=EDGE_CURVE('',#818,#890,#496,.T.);
#1110=EDGE_CURVE('',#890,#891,#145,.T.);
#1111=EDGE_CURVE('',#891,#824,#497,.T.);
#1112=EDGE_CURVE('',#892,#840,#498,.T.);
#1113=EDGE_CURVE('',#892,#830,#499,.T.);
#1114=EDGE_CURVE('',#885,#893,#500,.T.);
#1115=EDGE_CURVE('',#893,#894,#146,.T.);
#1116=EDGE_CURVE('',#894,#886,#501,.T.);
#1117=EDGE_CURVE('',#895,#884,#502,.T.);
#1118=EDGE_CURVE('',#893,#895,#503,.T.);
#1119=EDGE_CURVE('',#896,#897,#147,.T.);
#1120=EDGE_CURVE('',#897,#898,#504,.T.);
#1121=EDGE_CURVE('',#898,#899,#148,.T.);
#1122=EDGE_CURVE('',#899,#896,#505,.T.);
#1123=EDGE_CURVE('',#897,#900,#506,.T.);
#1124=EDGE_CURVE('',#901,#900,#507,.T.);
#1125=EDGE_CURVE('',#898,#901,#508,.T.);
#1126=EDGE_CURVE('',#902,#903,#149,.T.);
#1127=EDGE_CURVE('',#903,#888,#509,.T.);
#1128=EDGE_CURVE('',#887,#902,#510,.T.);
#1129=EDGE_CURVE('',#903,#904,#511,.T.);
#1130=EDGE_CURVE('',#889,#904,#512,.T.);
#1131=EDGE_CURVE('',#788,#905,#513,.T.);
#1132=EDGE_CURVE('',#905,#906,#150,.T.);
#1133=EDGE_CURVE('',#906,#789,#514,.T.);
#1134=EDGE_CURVE('',#907,#787,#515,.T.);
#1135=EDGE_CURVE('',#905,#907,#516,.T.);
#1136=EDGE_CURVE('',#908,#908,#151,.T.);
#1137=EDGE_CURVE('',#908,#812,#517,.T.);
#1138=EDGE_CURVE('',#909,#909,#152,.T.);
#1139=EDGE_CURVE('',#909,#813,#518,.T.);
#1140=EDGE_CURVE('',#910,#826,#519,.T.);
#1141=EDGE_CURVE('',#910,#881,#520,.T.);
#1142=EDGE_CURVE('',#911,#910,#153,.T.);
#1143=EDGE_CURVE('',#911,#882,#521,.T.);
#1144=EDGE_CURVE('',#836,#911,#522,.T.);
#1145=EDGE_CURVE('',#912,#890,#523,.T.);
#1146=EDGE_CURVE('',#913,#912,#154,.T.);
#1147=EDGE_CURVE('',#913,#891,#524,.T.);
#1148=EDGE_CURVE('',#825,#913,#525,.T.);
#1149=EDGE_CURVE('',#912,#817,#526,.T.);
#1150=EDGE_CURVE('',#799,#914,#527,.T.);
#1151=EDGE_CURVE('',#914,#914,#155,.T.);
#1152=EDGE_CURVE('',#801,#915,#528,.T.);
#1153=EDGE_CURVE('',#915,#915,#156,.T.);
#1154=EDGE_CURVE('',#868,#916,#529,.T.);
#1155=EDGE_CURVE('',#867,#917,#530,.T.);
#1156=EDGE_CURVE('',#917,#918,#157,.T.);
#1157=EDGE_CURVE('',#918,#863,#531,.T.);
#1158=EDGE_CURVE('',#916,#862,#532,.T.);
#1159=EDGE_CURVE('',#873,#917,#533,.T.);
#1160=EDGE_CURVE('',#871,#918,#534,.T.);
#1161=EDGE_CURVE('',#858,#795,#535,.T.);
#1162=EDGE_CURVE('',#919,#794,#536,.T.);
#1163=EDGE_CURVE('',#916,#919,#537,.T.);
#1164=EDGE_CURVE('',#920,#921,#538,.T.);
#1165=EDGE_CURVE('',#922,#920,#539,.T.);
#1166=EDGE_CURVE('',#923,#922,#540,.T.);
#1167=EDGE_CURVE('',#921,#923,#541,.T.);
#1168=EDGE_CURVE('',#857,#880,#542,.T.);
#1169=EDGE_CURVE('',#924,#892,#158,.T.);
#1170=EDGE_CURVE('',#924,#831,#543,.T.);
#1171=EDGE_CURVE('',#869,#924,#544,.T.);
#1172=EDGE_CURVE('',#899,#919,#545,.T.);
#1173=EDGE_CURVE('',#883,#901,#546,.T.);
#1174=EDGE_CURVE('',#925,#926,#159,.F.);
#1175=EDGE_CURVE('',#922,#925,#160,.F.);
#1176=EDGE_CURVE('',#926,#922,#161,.F.);
#1177=EDGE_CURVE('',#927,#928,#162,.F.);
#1178=EDGE_CURVE('',#923,#927,#163,.F.);
#1179=EDGE_CURVE('',#928,#923,#164,.F.);
#1180=EDGE_CURVE('',#920,#929,#165,.F.);
#1181=EDGE_CURVE('',#930,#920,#166,.F.);
#1182=EDGE_CURVE('',#929,#930,#167,.F.);
#1183=EDGE_CURVE('',#931,#932,#168,.F.);
#1184=EDGE_CURVE('',#921,#931,#169,.F.);
#1185=EDGE_CURVE('',#932,#921,#170,.F.);
#1186=EDGE_CURVE('',#931,#930,#547,.T.);
#1187=EDGE_CURVE('',#927,#932,#548,.T.);
#1188=EDGE_CURVE('',#805,#931,#549,.T.);
#1189=EDGE_CURVE('',#932,#804,#550,.T.);
#1190=EDGE_CURVE('',#810,#929,#551,.T.);
#1191=EDGE_CURVE('',#930,#811,#552,.T.);
#1192=EDGE_CURVE('',#929,#926,#553,.T.);
#1193=EDGE_CURVE('',#925,#928,#554,.T.);
#1194=EDGE_CURVE('',#806,#927,#555,.T.);
#1195=EDGE_CURVE('',#928,#807,#556,.T.);
#1196=EDGE_CURVE('',#808,#925,#557,.T.);
#1197=EDGE_CURVE('',#926,#809,#558,.T.);
#1198=EDGE_CURVE('',#900,#933,#559,.T.);
#1199=EDGE_CURVE('',#933,#895,#560,.T.);
#1200=EDGE_CURVE('',#904,#934,#561,.T.);
#1201=EDGE_CURVE('',#934,#907,#562,.T.);
#1202=EDGE_CURVE('',#906,#839,#563,.T.);
#1203=EDGE_CURVE('',#816,#934,#564,.T.);
#1204=EDGE_CURVE('',#837,#933,#565,.T.);
#1205=EDGE_CURVE('',#935,#896,#566,.T.);
#1206=EDGE_CURVE('',#838,#935,#567,.T.);
#1207=EDGE_CURVE('',#936,#935,#568,.T.);
#1208=EDGE_CURVE('',#814,#936,#569,.T.);
#1209=EDGE_CURVE('',#803,#936,#570,.T.);
#1210=EDGE_CURVE('',#894,#902,#571,.T.);
#1211=EDGE_CURVE('',#937,#938,#572,.T.);
#1212=EDGE_CURVE('',#938,#939,#573,.T.);
#1213=EDGE_CURVE('',#940,#939,#574,.T.);
#1214=EDGE_CURVE('',#937,#940,#575,.T.);
#1215=EDGE_CURVE('',#941,#937,#576,.T.);
#1216=EDGE_CURVE('',#942,#940,#577,.T.);
#1217=EDGE_CURVE('',#941,#942,#578,.T.);
#1218=EDGE_CURVE('',#943,#941,#579,.T.);
#1219=EDGE_CURVE('',#944,#942,#580,.T.);
#1220=EDGE_CURVE('',#943,#944,#581,.T.);
#1221=EDGE_CURVE('',#938,#943,#582,.T.);
#1222=EDGE_CURVE('',#939,#944,#583,.T.);
#1223=ORIENTED_EDGE('',*,*,#945,.F.);
#1224=ORIENTED_EDGE('',*,*,#946,.F.);
#1225=ORIENTED_EDGE('',*,*,#947,.F.);
#1226=ORIENTED_EDGE('',*,*,#948,.T.);
#1227=ORIENTED_EDGE('',*,*,#949,.F.);
#1228=ORIENTED_EDGE('',*,*,#948,.F.);
#1229=ORIENTED_EDGE('',*,*,#950,.F.);
#1230=ORIENTED_EDGE('',*,*,#951,.T.);
#1231=ORIENTED_EDGE('',*,*,#952,.F.);
#1232=ORIENTED_EDGE('',*,*,#953,.F.);
#1233=ORIENTED_EDGE('',*,*,#954,.F.);
#1234=ORIENTED_EDGE('',*,*,#955,.F.);
#1235=ORIENTED_EDGE('',*,*,#956,.F.);
#1236=ORIENTED_EDGE('',*,*,#946,.T.);
#1237=ORIENTED_EDGE('',*,*,#957,.F.);
#1238=ORIENTED_EDGE('',*,*,#951,.F.);
#1239=ORIENTED_EDGE('',*,*,#958,.F.);
#1240=ORIENTED_EDGE('',*,*,#955,.T.);
#1241=ORIENTED_EDGE('',*,*,#953,.T.);
#1242=ORIENTED_EDGE('',*,*,#945,.T.);
#1243=ORIENTED_EDGE('',*,*,#949,.T.);
#1244=ORIENTED_EDGE('',*,*,#959,.F.);
#1245=ORIENTED_EDGE('',*,*,#960,.F.);
#1246=ORIENTED_EDGE('',*,*,#961,.T.);
#1247=ORIENTED_EDGE('',*,*,#962,.T.);
#1248=ORIENTED_EDGE('',*,*,#963,.F.);
#1249=ORIENTED_EDGE('',*,*,#964,.F.);
#1250=ORIENTED_EDGE('',*,*,#965,.F.);
#1251=ORIENTED_EDGE('',*,*,#966,.F.);
#1252=ORIENTED_EDGE('',*,*,#967,.F.);
#1253=ORIENTED_EDGE('',*,*,#968,.F.);
#1254=ORIENTED_EDGE('',*,*,#969,.F.);
#1255=ORIENTED_EDGE('',*,*,#970,.F.);
#1256=ORIENTED_EDGE('',*,*,#971,.F.);
#1257=ORIENTED_EDGE('',*,*,#972,.T.);
#1258=ORIENTED_EDGE('',*,*,#973,.F.);
#1259=ORIENTED_EDGE('',*,*,#974,.F.);
#1260=ORIENTED_EDGE('',*,*,#975,.F.);
#1261=ORIENTED_EDGE('',*,*,#976,.T.);
#1262=ORIENTED_EDGE('',*,*,#977,.F.);
#1263=ORIENTED_EDGE('',*,*,#976,.F.);
#1264=ORIENTED_EDGE('',*,*,#978,.F.);
#1265=ORIENTED_EDGE('',*,*,#979,.T.);
#1266=ORIENTED_EDGE('',*,*,#980,.F.);
#1267=ORIENTED_EDGE('',*,*,#979,.F.);
#1268=ORIENTED_EDGE('',*,*,#969,.T.);
#1269=ORIENTED_EDGE('',*,*,#981,.T.);
#1270=ORIENTED_EDGE('',*,*,#982,.T.);
#1271=ORIENTED_EDGE('',*,*,#983,.F.);
#1272=ORIENTED_EDGE('',*,*,#984,.F.);
#1273=ORIENTED_EDGE('',*,*,#985,.T.);
#1274=ORIENTED_EDGE('',*,*,#986,.F.);
#1275=ORIENTED_EDGE('',*,*,#987,.T.);
#1276=ORIENTED_EDGE('',*,*,#988,.F.);
#1277=ORIENTED_EDGE('',*,*,#989,.T.);
#1278=ORIENTED_EDGE('',*,*,#990,.F.);
#1279=ORIENTED_EDGE('',*,*,#991,.T.);
#1280=ORIENTED_EDGE('',*,*,#992,.T.);
#1281=ORIENTED_EDGE('',*,*,#993,.T.);
#1282=ORIENTED_EDGE('',*,*,#994,.F.);
#1283=ORIENTED_EDGE('',*,*,#981,.F.);
#1284=ORIENTED_EDGE('',*,*,#968,.T.);
#1285=ORIENTED_EDGE('',*,*,#995,.F.);
#1286=ORIENTED_EDGE('',*,*,#996,.F.);
#1287=ORIENTED_EDGE('',*,*,#997,.T.);
#1288=ORIENTED_EDGE('',*,*,#998,.T.);
#1289=ORIENTED_EDGE('',*,*,#999,.F.);
#1290=ORIENTED_EDGE('',*,*,#961,.F.);
#1291=ORIENTED_EDGE('',*,*,#1000,.F.);
#1292=ORIENTED_EDGE('',*,*,#1001,.T.);
#1293=ORIENTED_EDGE('',*,*,#1002,.T.);
#1294=ORIENTED_EDGE('',*,*,#1003,.T.);
#1295=ORIENTED_EDGE('',*,*,#1004,.F.);
#1296=ORIENTED_EDGE('',*,*,#1005,.F.);
#1297=ORIENTED_EDGE('',*,*,#1006,.F.);
#1298=ORIENTED_EDGE('',*,*,#1007,.T.);
#1299=ORIENTED_EDGE('',*,*,#1008,.T.);
#1300=ORIENTED_EDGE('',*,*,#1009,.F.);
#1301=ORIENTED_EDGE('',*,*,#1010,.F.);
#1302=ORIENTED_EDGE('',*,*,#1011,.T.);
#1303=ORIENTED_EDGE('',*,*,#1012,.T.);
#1304=ORIENTED_EDGE('',*,*,#1013,.T.);
#1305=ORIENTED_EDGE('',*,*,#1014,.F.);
#1306=ORIENTED_EDGE('',*,*,#1015,.F.);
#1307=ORIENTED_EDGE('',*,*,#1016,.F.);
#1308=ORIENTED_EDGE('',*,*,#1017,.F.);
#1309=ORIENTED_EDGE('',*,*,#1018,.T.);
#1310=ORIENTED_EDGE('',*,*,#1019,.T.);
#1311=ORIENTED_EDGE('',*,*,#1020,.F.);
#1312=ORIENTED_EDGE('',*,*,#1021,.T.);
#1313=ORIENTED_EDGE('',*,*,#995,.T.);
#1314=ORIENTED_EDGE('',*,*,#967,.T.);
#1315=ORIENTED_EDGE('',*,*,#1022,.F.);
#1316=ORIENTED_EDGE('',*,*,#1023,.T.);
#1317=ORIENTED_EDGE('',*,*,#1010,.T.);
#1318=ORIENTED_EDGE('',*,*,#1024,.T.);
#1319=ORIENTED_EDGE('',*,*,#1025,.T.);
#1320=ORIENTED_EDGE('',*,*,#1026,.F.);
#1321=ORIENTED_EDGE('',*,*,#1027,.F.);
#1322=ORIENTED_EDGE('',*,*,#1028,.F.);
#1323=ORIENTED_EDGE('',*,*,#1029,.T.);
#1324=ORIENTED_EDGE('',*,*,#1027,.T.);
#1325=ORIENTED_EDGE('',*,*,#1030,.T.);
#1326=ORIENTED_EDGE('',*,*,#1025,.F.);
#1327=ORIENTED_EDGE('',*,*,#1004,.T.);
#1328=ORIENTED_EDGE('',*,*,#1031,.T.);
#1329=ORIENTED_EDGE('',*,*,#1028,.T.);
#1330=ORIENTED_EDGE('',*,*,#1032,.T.);
#1331=ORIENTED_EDGE('',*,*,#1033,.F.);
#1332=ORIENTED_EDGE('',*,*,#1034,.F.);
#1333=ORIENTED_EDGE('',*,*,#1035,.F.);
#1334=ORIENTED_EDGE('',*,*,#1036,.T.);
#1335=ORIENTED_EDGE('',*,*,#1037,.T.);
#1336=ORIENTED_EDGE('',*,*,#1026,.T.);
#1337=ORIENTED_EDGE('',*,*,#1038,.T.);
#1338=ORIENTED_EDGE('',*,*,#1039,.T.);
#1339=ORIENTED_EDGE('',*,*,#1040,.T.);
#1340=ORIENTED_EDGE('',*,*,#1036,.F.);
#1341=ORIENTED_EDGE('',*,*,#1041,.T.);
#1342=ORIENTED_EDGE('',*,*,#1034,.T.);
#1343=ORIENTED_EDGE('',*,*,#1042,.T.);
#1344=ORIENTED_EDGE('',*,*,#1039,.F.);
#1345=ORIENTED_EDGE('',*,*,#1043,.T.);
#1346=ORIENTED_EDGE('',*,*,#1000,.T.);
#1347=ORIENTED_EDGE('',*,*,#960,.T.);
#1348=ORIENTED_EDGE('',*,*,#1035,.T.);
#1349=ORIENTED_EDGE('',*,*,#1044,.T.);
#1350=ORIENTED_EDGE('',*,*,#1045,.F.);
#1351=ORIENTED_EDGE('',*,*,#1046,.F.);
#1352=ORIENTED_EDGE('',*,*,#1047,.F.);
#1353=ORIENTED_EDGE('',*,*,#1048,.T.);
#1354=ORIENTED_EDGE('',*,*,#1049,.T.);
#1355=ORIENTED_EDGE('',*,*,#1046,.T.);
#1356=ORIENTED_EDGE('',*,*,#973,.T.);
#1357=ORIENTED_EDGE('',*,*,#1050,.F.);
#1358=ORIENTED_EDGE('',*,*,#1051,.F.);
#1359=ORIENTED_EDGE('',*,*,#1052,.F.);
#1360=ORIENTED_EDGE('',*,*,#1053,.T.);
#1361=ORIENTED_EDGE('',*,*,#1054,.T.);
#1362=ORIENTED_EDGE('',*,*,#1051,.T.);
#1363=ORIENTED_EDGE('',*,*,#1055,.T.);
#1364=ORIENTED_EDGE('',*,*,#1056,.F.);
#1365=ORIENTED_EDGE('',*,*,#1057,.F.);
#1366=ORIENTED_EDGE('',*,*,#1058,.F.);
#1367=ORIENTED_EDGE('',*,*,#1059,.T.);
#1368=ORIENTED_EDGE('',*,*,#1060,.T.);
#1369=ORIENTED_EDGE('',*,*,#1057,.T.);
#1370=ORIENTED_EDGE('',*,*,#1061,.T.);
#1371=ORIENTED_EDGE('',*,*,#1062,.F.);
#1372=ORIENTED_EDGE('',*,*,#1063,.F.);
#1373=ORIENTED_EDGE('',*,*,#1064,.F.);
#1374=ORIENTED_EDGE('',*,*,#1065,.T.);
#1375=ORIENTED_EDGE('',*,*,#1066,.T.);
#1376=ORIENTED_EDGE('',*,*,#1063,.T.);
#1377=ORIENTED_EDGE('',*,*,#1067,.T.);
#1378=ORIENTED_EDGE('',*,*,#1068,.T.);
#1379=ORIENTED_EDGE('',*,*,#1064,.T.);
#1380=ORIENTED_EDGE('',*,*,#1069,.T.);
#1381=ORIENTED_EDGE('',*,*,#1070,.T.);
#1382=ORIENTED_EDGE('',*,*,#1071,.T.);
#1383=ORIENTED_EDGE('',*,*,#1072,.T.);
#1384=ORIENTED_EDGE('',*,*,#1058,.T.);
#1385=ORIENTED_EDGE('',*,*,#1073,.T.);
#1386=ORIENTED_EDGE('',*,*,#1074,.T.);
#1387=ORIENTED_EDGE('',*,*,#1075,.T.);
#1388=ORIENTED_EDGE('',*,*,#1071,.F.);
#1389=ORIENTED_EDGE('',*,*,#1076,.T.);
#1390=ORIENTED_EDGE('',*,*,#1062,.T.);
#1391=ORIENTED_EDGE('',*,*,#1077,.T.);
#1392=ORIENTED_EDGE('',*,*,#1074,.F.);
#1393=ORIENTED_EDGE('',*,*,#1078,.T.);
#1394=ORIENTED_EDGE('',*,*,#1079,.T.);
#1395=ORIENTED_EDGE('',*,*,#1014,.T.);
#1396=ORIENTED_EDGE('',*,*,#1080,.T.);
#1397=ORIENTED_EDGE('',*,*,#1070,.F.);
#1398=ORIENTED_EDGE('',*,*,#1056,.T.);
#1399=ORIENTED_EDGE('',*,*,#1081,.T.);
#1400=ORIENTED_EDGE('',*,*,#1052,.T.);
#1401=ORIENTED_EDGE('',*,*,#1082,.T.);
#1402=ORIENTED_EDGE('',*,*,#1083,.T.);
#1403=ORIENTED_EDGE('',*,*,#1084,.T.);
#1404=ORIENTED_EDGE('',*,*,#1047,.T.);
#1405=ORIENTED_EDGE('',*,*,#1085,.T.);
#1406=ORIENTED_EDGE('',*,*,#1086,.T.);
#1407=ORIENTED_EDGE('',*,*,#1087,.T.);
#1408=ORIENTED_EDGE('',*,*,#1083,.F.);
#1409=ORIENTED_EDGE('',*,*,#1088,.T.);
#1410=ORIENTED_EDGE('',*,*,#1050,.T.);
#1411=ORIENTED_EDGE('',*,*,#1089,.T.);
#1412=ORIENTED_EDGE('',*,*,#1086,.F.);
#1413=ORIENTED_EDGE('',*,*,#1090,.T.);
#1414=ORIENTED_EDGE('',*,*,#954,.T.);
#1415=ORIENTED_EDGE('',*,*,#974,.T.);
#1416=ORIENTED_EDGE('',*,*,#1045,.T.);
#1417=ORIENTED_EDGE('',*,*,#1091,.T.);
#1418=ORIENTED_EDGE('',*,*,#1033,.T.);
#1419=ORIENTED_EDGE('',*,*,#959,.T.);
#1420=ORIENTED_EDGE('',*,*,#952,.T.);
#1421=ORIENTED_EDGE('',*,*,#957,.T.);
#1422=ORIENTED_EDGE('',*,*,#1088,.F.);
#1423=ORIENTED_EDGE('',*,*,#1092,.T.);
#1424=ORIENTED_EDGE('',*,*,#1093,.F.);
#1425=ORIENTED_EDGE('',*,*,#1094,.F.);
#1426=ORIENTED_EDGE('',*,*,#1085,.F.);
#1427=ORIENTED_EDGE('',*,*,#1049,.F.);
#1428=ORIENTED_EDGE('',*,*,#1095,.F.);
#1429=ORIENTED_EDGE('',*,*,#1092,.F.);
#1430=ORIENTED_EDGE('',*,*,#1044,.F.);
#1431=ORIENTED_EDGE('',*,*,#1043,.F.);
#1432=ORIENTED_EDGE('',*,*,#1096,.T.);
#1433=ORIENTED_EDGE('',*,*,#1001,.F.);
#1434=ORIENTED_EDGE('',*,*,#1041,.F.);
#1435=ORIENTED_EDGE('',*,*,#1097,.T.);
#1436=ORIENTED_EDGE('',*,*,#1002,.F.);
#1437=ORIENTED_EDGE('',*,*,#1096,.F.);
#1438=ORIENTED_EDGE('',*,*,#1038,.F.);
#1439=ORIENTED_EDGE('',*,*,#1031,.F.);
#1440=ORIENTED_EDGE('',*,*,#1003,.F.);
#1441=ORIENTED_EDGE('',*,*,#1097,.F.);
#1442=ORIENTED_EDGE('',*,*,#1005,.T.);
#1443=ORIENTED_EDGE('',*,*,#1032,.F.);
#1444=ORIENTED_EDGE('',*,*,#1029,.F.);
#1445=ORIENTED_EDGE('',*,*,#1024,.F.);
#1446=ORIENTED_EDGE('',*,*,#1009,.T.);
#1447=ORIENTED_EDGE('',*,*,#1098,.T.);
#1448=ORIENTED_EDGE('',*,*,#1099,.T.);
#1449=ORIENTED_EDGE('',*,*,#1100,.T.);
#1450=ORIENTED_EDGE('',*,*,#1016,.T.);
#1451=ORIENTED_EDGE('',*,*,#1101,.T.);
#1452=ORIENTED_EDGE('',*,*,#1102,.F.);
#1453=ORIENTED_EDGE('',*,*,#1103,.F.);
#1454=ORIENTED_EDGE('',*,*,#1104,.F.);
#1455=ORIENTED_EDGE('',*,*,#1105,.F.);
#1456=ORIENTED_EDGE('',*,*,#1106,.F.);
#1457=ORIENTED_EDGE('',*,*,#1107,.T.);
#1458=ORIENTED_EDGE('',*,*,#1108,.F.);
#1459=ORIENTED_EDGE('',*,*,#962,.F.);
#1460=ORIENTED_EDGE('',*,*,#999,.T.);
#1461=ORIENTED_EDGE('',*,*,#1109,.T.);
#1462=ORIENTED_EDGE('',*,*,#1110,.T.);
#1463=ORIENTED_EDGE('',*,*,#1111,.T.);
#1464=ORIENTED_EDGE('',*,*,#1023,.F.);
#1465=ORIENTED_EDGE('',*,*,#1112,.F.);
#1466=ORIENTED_EDGE('',*,*,#1113,.T.);
#1467=ORIENTED_EDGE('',*,*,#1011,.F.);
#1468=ORIENTED_EDGE('',*,*,#1104,.T.);
#1469=ORIENTED_EDGE('',*,*,#1114,.T.);
#1470=ORIENTED_EDGE('',*,*,#1115,.T.);
#1471=ORIENTED_EDGE('',*,*,#1116,.T.);
#1472=ORIENTED_EDGE('',*,*,#1114,.F.);
#1473=ORIENTED_EDGE('',*,*,#1103,.T.);
#1474=ORIENTED_EDGE('',*,*,#1117,.F.);
#1475=ORIENTED_EDGE('',*,*,#1118,.F.);
#1476=ORIENTED_EDGE('',*,*,#1119,.T.);
#1477=ORIENTED_EDGE('',*,*,#1120,.T.);
#1478=ORIENTED_EDGE('',*,*,#1121,.T.);
#1479=ORIENTED_EDGE('',*,*,#1122,.T.);
#1480=ORIENTED_EDGE('',*,*,#1120,.F.);
#1481=ORIENTED_EDGE('',*,*,#1123,.T.);
#1482=ORIENTED_EDGE('',*,*,#1124,.F.);
#1483=ORIENTED_EDGE('',*,*,#1125,.F.);
#1484=ORIENTED_EDGE('',*,*,#1126,.T.);
#1485=ORIENTED_EDGE('',*,*,#1127,.T.);
#1486=ORIENTED_EDGE('',*,*,#1106,.T.);
#1487=ORIENTED_EDGE('',*,*,#1128,.T.);
#1488=ORIENTED_EDGE('',*,*,#1127,.F.);
#1489=ORIENTED_EDGE('',*,*,#1129,.T.);
#1490=ORIENTED_EDGE('',*,*,#1130,.F.);
#1491=ORIENTED_EDGE('',*,*,#1107,.F.);
#1492=ORIENTED_EDGE('',*,*,#965,.T.);
#1493=ORIENTED_EDGE('',*,*,#1131,.T.);
#1494=ORIENTED_EDGE('',*,*,#1132,.T.);
#1495=ORIENTED_EDGE('',*,*,#1133,.T.);
#1496=ORIENTED_EDGE('',*,*,#1131,.F.);
#1497=ORIENTED_EDGE('',*,*,#964,.T.);
#1498=ORIENTED_EDGE('',*,*,#1134,.F.);
#1499=ORIENTED_EDGE('',*,*,#1135,.F.);
#1500=ORIENTED_EDGE('',*,*,#1136,.F.);
#1501=ORIENTED_EDGE('',*,*,#1137,.T.);
#1502=ORIENTED_EDGE('',*,*,#992,.F.);
#1503=ORIENTED_EDGE('',*,*,#1137,.F.);
#1504=ORIENTED_EDGE('',*,*,#1136,.T.);
#1505=ORIENTED_EDGE('',*,*,#1138,.F.);
#1506=ORIENTED_EDGE('',*,*,#1139,.T.);
#1507=ORIENTED_EDGE('',*,*,#993,.F.);
#1508=ORIENTED_EDGE('',*,*,#1139,.F.);
#1509=ORIENTED_EDGE('',*,*,#1138,.T.);
#1510=ORIENTED_EDGE('',*,*,#1098,.F.);
#1511=ORIENTED_EDGE('',*,*,#1008,.F.);
#1512=ORIENTED_EDGE('',*,*,#1140,.F.);
#1513=ORIENTED_EDGE('',*,*,#1141,.T.);
#1514=ORIENTED_EDGE('',*,*,#1099,.F.);
#1515=ORIENTED_EDGE('',*,*,#1141,.F.);
#1516=ORIENTED_EDGE('',*,*,#1142,.F.);
#1517=ORIENTED_EDGE('',*,*,#1143,.T.);
#1518=ORIENTED_EDGE('',*,*,#1100,.F.);
#1519=ORIENTED_EDGE('',*,*,#1143,.F.);
#1520=ORIENTED_EDGE('',*,*,#1144,.F.);
#1521=ORIENTED_EDGE('',*,*,#1017,.T.);
#1522=ORIENTED_EDGE('',*,*,#1110,.F.);
#1523=ORIENTED_EDGE('',*,*,#1145,.F.);
#1524=ORIENTED_EDGE('',*,*,#1146,.F.);
#1525=ORIENTED_EDGE('',*,*,#1147,.T.);
#1526=ORIENTED_EDGE('',*,*,#1111,.F.);
#1527=ORIENTED_EDGE('',*,*,#1147,.F.);
#1528=ORIENTED_EDGE('',*,*,#1148,.F.);
#1529=ORIENTED_EDGE('',*,*,#1006,.T.);
#1530=ORIENTED_EDGE('',*,*,#1109,.F.);
#1531=ORIENTED_EDGE('',*,*,#998,.F.);
#1532=ORIENTED_EDGE('',*,*,#1149,.F.);
#1533=ORIENTED_EDGE('',*,*,#1145,.T.);
#1534=ORIENTED_EDGE('',*,*,#977,.T.);
#1535=ORIENTED_EDGE('',*,*,#1150,.T.);
#1536=ORIENTED_EDGE('',*,*,#1151,.F.);
#1537=ORIENTED_EDGE('',*,*,#1150,.F.);
#1538=ORIENTED_EDGE('',*,*,#980,.T.);
#1539=ORIENTED_EDGE('',*,*,#1152,.T.);
#1540=ORIENTED_EDGE('',*,*,#1153,.F.);
#1541=ORIENTED_EDGE('',*,*,#1152,.F.);
#1542=ORIENTED_EDGE('',*,*,#1154,.F.);
#1543=ORIENTED_EDGE('',*,*,#1065,.F.);
#1544=ORIENTED_EDGE('',*,*,#1155,.T.);
#1545=ORIENTED_EDGE('',*,*,#1156,.T.);
#1546=ORIENTED_EDGE('',*,*,#1157,.T.);
#1547=ORIENTED_EDGE('',*,*,#1059,.F.);
#1548=ORIENTED_EDGE('',*,*,#1158,.F.);
#1549=ORIENTED_EDGE('',*,*,#1151,.T.);
#1550=ORIENTED_EDGE('',*,*,#1078,.F.);
#1551=ORIENTED_EDGE('',*,*,#1159,.T.);
#1552=ORIENTED_EDGE('',*,*,#1155,.F.);
#1553=ORIENTED_EDGE('',*,*,#1067,.F.);
#1554=ORIENTED_EDGE('',*,*,#1060,.F.);
#1555=ORIENTED_EDGE('',*,*,#1157,.F.);
#1556=ORIENTED_EDGE('',*,*,#1160,.F.);
#1557=ORIENTED_EDGE('',*,*,#1073,.F.);
#1558=ORIENTED_EDGE('',*,*,#1076,.F.);
#1559=ORIENTED_EDGE('',*,*,#1160,.T.);
#1560=ORIENTED_EDGE('',*,*,#1156,.F.);
#1561=ORIENTED_EDGE('',*,*,#1159,.F.);
#1562=ORIENTED_EDGE('',*,*,#1161,.T.);
#1563=ORIENTED_EDGE('',*,*,#971,.T.);
#1564=ORIENTED_EDGE('',*,*,#1162,.F.);
#1565=ORIENTED_EDGE('',*,*,#1163,.F.);
#1566=ORIENTED_EDGE('',*,*,#1158,.T.);
#1567=ORIENTED_EDGE('',*,*,#1061,.F.);
#1568=ORIENTED_EDGE('',*,*,#1082,.F.);
#1569=ORIENTED_EDGE('',*,*,#1054,.F.);
#1570=ORIENTED_EDGE('',*,*,#1164,.F.);
#1571=ORIENTED_EDGE('',*,*,#1165,.F.);
#1572=ORIENTED_EDGE('',*,*,#1166,.F.);
#1573=ORIENTED_EDGE('',*,*,#1167,.F.);
#1574=ORIENTED_EDGE('',*,*,#975,.T.);
#1575=ORIENTED_EDGE('',*,*,#978,.T.);
#1576=ORIENTED_EDGE('',*,*,#972,.F.);
#1577=ORIENTED_EDGE('',*,*,#1161,.F.);
#1578=ORIENTED_EDGE('',*,*,#1053,.F.);
#1579=ORIENTED_EDGE('',*,*,#1168,.T.);
#1580=ORIENTED_EDGE('',*,*,#1093,.T.);
#1581=ORIENTED_EDGE('',*,*,#1095,.T.);
#1582=ORIENTED_EDGE('',*,*,#1048,.F.);
#1583=ORIENTED_EDGE('',*,*,#1153,.T.);
#1584=ORIENTED_EDGE('',*,*,#1090,.F.);
#1585=ORIENTED_EDGE('',*,*,#1094,.T.);
#1586=ORIENTED_EDGE('',*,*,#1168,.F.);
#1587=ORIENTED_EDGE('',*,*,#1055,.F.);
#1588=ORIENTED_EDGE('',*,*,#1169,.F.);
#1589=ORIENTED_EDGE('',*,*,#1170,.T.);
#1590=ORIENTED_EDGE('',*,*,#1012,.F.);
#1591=ORIENTED_EDGE('',*,*,#1113,.F.);
#1592=ORIENTED_EDGE('',*,*,#1080,.F.);
#1593=ORIENTED_EDGE('',*,*,#1013,.F.);
#1594=ORIENTED_EDGE('',*,*,#1170,.F.);
#1595=ORIENTED_EDGE('',*,*,#1171,.F.);
#1596=ORIENTED_EDGE('',*,*,#1154,.T.);
#1597=ORIENTED_EDGE('',*,*,#1163,.T.);
#1598=ORIENTED_EDGE('',*,*,#1172,.F.);
#1599=ORIENTED_EDGE('',*,*,#1121,.F.);
#1600=ORIENTED_EDGE('',*,*,#1125,.T.);
#1601=ORIENTED_EDGE('',*,*,#1173,.F.);
#1602=ORIENTED_EDGE('',*,*,#1101,.F.);
#1603=ORIENTED_EDGE('',*,*,#1015,.T.);
#1604=ORIENTED_EDGE('',*,*,#1079,.F.);
#1605=ORIENTED_EDGE('',*,*,#1069,.F.);
#1606=ORIENTED_EDGE('',*,*,#1066,.F.);
#1607=ORIENTED_EDGE('',*,*,#1174,.F.);
#1608=ORIENTED_EDGE('',*,*,#1175,.F.);
#1609=ORIENTED_EDGE('',*,*,#1176,.F.);
#1610=ORIENTED_EDGE('',*,*,#1177,.F.);
#1611=ORIENTED_EDGE('',*,*,#1178,.F.);
#1612=ORIENTED_EDGE('',*,*,#1179,.F.);
#1613=ORIENTED_EDGE('',*,*,#1180,.F.);
#1614=ORIENTED_EDGE('',*,*,#1181,.F.);
#1615=ORIENTED_EDGE('',*,*,#1182,.F.);
#1616=ORIENTED_EDGE('',*,*,#1183,.F.);
#1617=ORIENTED_EDGE('',*,*,#1184,.F.);
#1618=ORIENTED_EDGE('',*,*,#1185,.F.);
#1619=ORIENTED_EDGE('',*,*,#1181,.T.);
#1620=ORIENTED_EDGE('',*,*,#1164,.T.);
#1621=ORIENTED_EDGE('',*,*,#1184,.T.);
#1622=ORIENTED_EDGE('',*,*,#1186,.T.);
#1623=ORIENTED_EDGE('',*,*,#1185,.T.);
#1624=ORIENTED_EDGE('',*,*,#1167,.T.);
#1625=ORIENTED_EDGE('',*,*,#1178,.T.);
#1626=ORIENTED_EDGE('',*,*,#1187,.T.);
#1627=ORIENTED_EDGE('',*,*,#984,.T.);
#1628=ORIENTED_EDGE('',*,*,#1188,.T.);
#1629=ORIENTED_EDGE('',*,*,#1183,.T.);
#1630=ORIENTED_EDGE('',*,*,#1189,.T.);
#1631=ORIENTED_EDGE('',*,*,#990,.T.);
#1632=ORIENTED_EDGE('',*,*,#1190,.T.);
#1633=ORIENTED_EDGE('',*,*,#1182,.T.);
#1634=ORIENTED_EDGE('',*,*,#1191,.T.);
#1635=ORIENTED_EDGE('',*,*,#1176,.T.);
#1636=ORIENTED_EDGE('',*,*,#1165,.T.);
#1637=ORIENTED_EDGE('',*,*,#1180,.T.);
#1638=ORIENTED_EDGE('',*,*,#1192,.T.);
#1639=ORIENTED_EDGE('',*,*,#1179,.T.);
#1640=ORIENTED_EDGE('',*,*,#1166,.T.);
#1641=ORIENTED_EDGE('',*,*,#1175,.T.);
#1642=ORIENTED_EDGE('',*,*,#1193,.T.);
#1643=ORIENTED_EDGE('',*,*,#986,.T.);
#1644=ORIENTED_EDGE('',*,*,#1194,.T.);
#1645=ORIENTED_EDGE('',*,*,#1177,.T.);
#1646=ORIENTED_EDGE('',*,*,#1195,.T.);
#1647=ORIENTED_EDGE('',*,*,#988,.T.);
#1648=ORIENTED_EDGE('',*,*,#1196,.T.);
#1649=ORIENTED_EDGE('',*,*,#1174,.T.);
#1650=ORIENTED_EDGE('',*,*,#1197,.T.);
#1651=ORIENTED_EDGE('',*,*,#1189,.F.);
#1652=ORIENTED_EDGE('',*,*,#1187,.F.);
#1653=ORIENTED_EDGE('',*,*,#1194,.F.);
#1654=ORIENTED_EDGE('',*,*,#985,.F.);
#1655=ORIENTED_EDGE('',*,*,#1195,.F.);
#1656=ORIENTED_EDGE('',*,*,#1193,.F.);
#1657=ORIENTED_EDGE('',*,*,#1196,.F.);
#1658=ORIENTED_EDGE('',*,*,#987,.F.);
#1659=ORIENTED_EDGE('',*,*,#1102,.T.);
#1660=ORIENTED_EDGE('',*,*,#1173,.T.);
#1661=ORIENTED_EDGE('',*,*,#1124,.T.);
#1662=ORIENTED_EDGE('',*,*,#1198,.T.);
#1663=ORIENTED_EDGE('',*,*,#1199,.T.);
#1664=ORIENTED_EDGE('',*,*,#1117,.T.);
#1665=ORIENTED_EDGE('',*,*,#963,.T.);
#1666=ORIENTED_EDGE('',*,*,#1108,.T.);
#1667=ORIENTED_EDGE('',*,*,#1130,.T.);
#1668=ORIENTED_EDGE('',*,*,#1200,.T.);
#1669=ORIENTED_EDGE('',*,*,#1201,.T.);
#1670=ORIENTED_EDGE('',*,*,#1134,.T.);
#1671=ORIENTED_EDGE('',*,*,#1190,.F.);
#1672=ORIENTED_EDGE('',*,*,#989,.F.);
#1673=ORIENTED_EDGE('',*,*,#1197,.F.);
#1674=ORIENTED_EDGE('',*,*,#1192,.F.);
#1675=ORIENTED_EDGE('',*,*,#1188,.F.);
#1676=ORIENTED_EDGE('',*,*,#991,.F.);
#1677=ORIENTED_EDGE('',*,*,#1191,.F.);
#1678=ORIENTED_EDGE('',*,*,#1186,.F.);
#1679=ORIENTED_EDGE('',*,*,#956,.T.);
#1680=ORIENTED_EDGE('',*,*,#958,.T.);
#1681=ORIENTED_EDGE('',*,*,#950,.T.);
#1682=ORIENTED_EDGE('',*,*,#947,.T.);
#1683=ORIENTED_EDGE('',*,*,#996,.T.);
#1684=ORIENTED_EDGE('',*,*,#1021,.F.);
#1685=ORIENTED_EDGE('',*,*,#1202,.F.);
#1686=ORIENTED_EDGE('',*,*,#1132,.F.);
#1687=ORIENTED_EDGE('',*,*,#1135,.T.);
#1688=ORIENTED_EDGE('',*,*,#1201,.F.);
#1689=ORIENTED_EDGE('',*,*,#1203,.F.);
#1690=ORIENTED_EDGE('',*,*,#1133,.F.);
#1691=ORIENTED_EDGE('',*,*,#1202,.T.);
#1692=ORIENTED_EDGE('',*,*,#1022,.T.);
#1693=ORIENTED_EDGE('',*,*,#966,.T.);
#1694=ORIENTED_EDGE('',*,*,#1019,.F.);
#1695=ORIENTED_EDGE('',*,*,#1204,.T.);
#1696=ORIENTED_EDGE('',*,*,#1198,.F.);
#1697=ORIENTED_EDGE('',*,*,#1123,.F.);
#1698=ORIENTED_EDGE('',*,*,#1119,.F.);
#1699=ORIENTED_EDGE('',*,*,#1205,.F.);
#1700=ORIENTED_EDGE('',*,*,#1206,.F.);
#1701=ORIENTED_EDGE('',*,*,#1020,.T.);
#1702=ORIENTED_EDGE('',*,*,#1206,.T.);
#1703=ORIENTED_EDGE('',*,*,#1207,.F.);
#1704=ORIENTED_EDGE('',*,*,#1208,.F.);
#1705=ORIENTED_EDGE('',*,*,#994,.T.);
#1706=ORIENTED_EDGE('',*,*,#1208,.T.);
#1707=ORIENTED_EDGE('',*,*,#1209,.F.);
#1708=ORIENTED_EDGE('',*,*,#982,.F.);
#1709=ORIENTED_EDGE('',*,*,#1122,.F.);
#1710=ORIENTED_EDGE('',*,*,#1172,.T.);
#1711=ORIENTED_EDGE('',*,*,#1162,.T.);
#1712=ORIENTED_EDGE('',*,*,#970,.T.);
#1713=ORIENTED_EDGE('',*,*,#983,.T.);
#1714=ORIENTED_EDGE('',*,*,#1209,.T.);
#1715=ORIENTED_EDGE('',*,*,#1207,.T.);
#1716=ORIENTED_EDGE('',*,*,#1205,.T.);
#1717=ORIENTED_EDGE('',*,*,#1140,.T.);
#1718=ORIENTED_EDGE('',*,*,#1007,.F.);
#1719=ORIENTED_EDGE('',*,*,#1148,.T.);
#1720=ORIENTED_EDGE('',*,*,#1146,.T.);
#1721=ORIENTED_EDGE('',*,*,#1149,.T.);
#1722=ORIENTED_EDGE('',*,*,#997,.F.);
#1723=ORIENTED_EDGE('',*,*,#1203,.T.);
#1724=ORIENTED_EDGE('',*,*,#1200,.F.);
#1725=ORIENTED_EDGE('',*,*,#1129,.F.);
#1726=ORIENTED_EDGE('',*,*,#1126,.F.);
#1727=ORIENTED_EDGE('',*,*,#1210,.F.);
#1728=ORIENTED_EDGE('',*,*,#1115,.F.);
#1729=ORIENTED_EDGE('',*,*,#1118,.T.);
#1730=ORIENTED_EDGE('',*,*,#1199,.F.);
#1731=ORIENTED_EDGE('',*,*,#1204,.F.);
#1732=ORIENTED_EDGE('',*,*,#1018,.F.);
#1733=ORIENTED_EDGE('',*,*,#1144,.T.);
#1734=ORIENTED_EDGE('',*,*,#1142,.T.);
#1735=ORIENTED_EDGE('',*,*,#1116,.F.);
#1736=ORIENTED_EDGE('',*,*,#1210,.T.);
#1737=ORIENTED_EDGE('',*,*,#1128,.F.);
#1738=ORIENTED_EDGE('',*,*,#1105,.T.);
#1739=ORIENTED_EDGE('',*,*,#1068,.F.);
#1740=ORIENTED_EDGE('',*,*,#1171,.T.);
#1741=ORIENTED_EDGE('',*,*,#1169,.T.);
#1742=ORIENTED_EDGE('',*,*,#1112,.T.);
#1743=ORIENTED_EDGE('',*,*,#1030,.F.);
#1744=ORIENTED_EDGE('',*,*,#1037,.F.);
#1745=ORIENTED_EDGE('',*,*,#1040,.F.);
#1746=ORIENTED_EDGE('',*,*,#1042,.F.);
#1747=ORIENTED_EDGE('',*,*,#1091,.F.);
#1748=ORIENTED_EDGE('',*,*,#1084,.F.);
#1749=ORIENTED_EDGE('',*,*,#1087,.F.);
#1750=ORIENTED_EDGE('',*,*,#1089,.F.);
#1751=ORIENTED_EDGE('',*,*,#1081,.F.);
#1752=ORIENTED_EDGE('',*,*,#1072,.F.);
#1753=ORIENTED_EDGE('',*,*,#1075,.F.);
#1754=ORIENTED_EDGE('',*,*,#1077,.F.);
#1755=ORIENTED_EDGE('',*,*,#1211,.T.);
#1756=ORIENTED_EDGE('',*,*,#1212,.T.);
#1757=ORIENTED_EDGE('',*,*,#1213,.F.);
#1758=ORIENTED_EDGE('',*,*,#1214,.F.);
#1759=ORIENTED_EDGE('',*,*,#1215,.T.);
#1760=ORIENTED_EDGE('',*,*,#1214,.T.);
#1761=ORIENTED_EDGE('',*,*,#1216,.F.);
#1762=ORIENTED_EDGE('',*,*,#1217,.F.);
#1763=ORIENTED_EDGE('',*,*,#1218,.T.);
#1764=ORIENTED_EDGE('',*,*,#1217,.T.);
#1765=ORIENTED_EDGE('',*,*,#1219,.F.);
#1766=ORIENTED_EDGE('',*,*,#1220,.F.);
#1767=ORIENTED_EDGE('',*,*,#1221,.T.);
#1768=ORIENTED_EDGE('',*,*,#1220,.T.);
#1769=ORIENTED_EDGE('',*,*,#1222,.F.);
#1770=ORIENTED_EDGE('',*,*,#1212,.F.);
#1771=ORIENTED_EDGE('',*,*,#1221,.F.);
#1772=ORIENTED_EDGE('',*,*,#1211,.F.);
#1773=ORIENTED_EDGE('',*,*,#1215,.F.);
#1774=ORIENTED_EDGE('',*,*,#1218,.F.);
#1775=ORIENTED_EDGE('',*,*,#1222,.T.);
#1776=ORIENTED_EDGE('',*,*,#1219,.T.);
#1777=ORIENTED_EDGE('',*,*,#1216,.T.);
#1778=ORIENTED_EDGE('',*,*,#1213,.T.);
#1779=PLANE('',#1953);
#1780=PLANE('',#1954);
#1781=PLANE('',#1956);
#1782=PLANE('',#1958);
#1783=PLANE('',#1959);
#1784=PLANE('',#1971);
#1785=PLANE('',#2051);
#1786=PLANE('',#2052);
#1787=PLANE('',#2054);
#1788=PLANE('',#2055);
#1789=PLANE('',#2060);
#1790=PLANE('',#2063);
#1791=PLANE('',#2067);
#1792=PLANE('',#2070);
#1793=PLANE('',#2073);
#1794=PLANE('',#2076);
#1795=PLANE('',#2079);
#1796=PLANE('',#2080);
#1797=PLANE('',#2083);
#1798=PLANE('',#2086);
#1799=PLANE('',#2087);
#1800=PLANE('',#2092);
#1801=PLANE('',#2094);
#1802=PLANE('',#2095);
#1803=PLANE('',#2097);
#1804=PLANE('',#2098);
#1805=PLANE('',#2099);
#1806=PLANE('',#2100);
#1807=PLANE('',#2103);
#1808=PLANE('',#2104);
#1809=PLANE('',#2129);
#1810=PLANE('',#2130);
#1811=PLANE('',#2131);
#1812=PLANE('',#2132);
#1813=PLANE('',#2133);
#1814=PLANE('',#2134);
#1815=PLANE('',#2135);
#1816=PLANE('',#2136);
#1817=PLANE('',#2137);
#1818=PLANE('',#2138);
#1819=PLANE('',#2139);
#1820=PLANE('',#2140);
#1821=PLANE('',#2141);
#1822=PLANE('',#2142);
#1823=PLANE('',#2143);
#1824=PLANE('',#2144);
#1825=PLANE('',#2145);
#1826=PLANE('',#2146);
#1827=PLANE('',#2147);
#1828=PLANE('',#2148);
#1829=PLANE('',#2149);
#1830=ADVANCED_FACE('',(#171),#1779,.F.);
#1831=ADVANCED_FACE('',(#172),#1780,.F.);
#1832=ADVANCED_FACE('',(#173),#1781,.F.);
#1833=ADVANCED_FACE('',(#174),#1782,.F.);
#1834=ADVANCED_FACE('',(#175),#1783,.T.);
#1835=ADVANCED_FACE('',(#176),#82,.F.);
#1836=ADVANCED_FACE('',(#177),#83,.F.);
#1837=ADVANCED_FACE('',(#178),#40,.F.);
#1838=ADVANCED_FACE('',(#179,#32,#33,#34),#1784,.T.);
#1839=ADVANCED_FACE('',(#180),#41,.F.);
#1840=ADVANCED_FACE('',(#181),#42,.F.);
#1841=ADVANCED_FACE('',(#182),#20,.F.);
#1842=ADVANCED_FACE('',(#183),#43,.F.);
#1843=ADVANCED_FACE('',(#184),#44,.F.);
#1844=ADVANCED_FACE('',(#185),#21,.F.);
#1845=ADVANCED_FACE('',(#186),#45,.F.);
#1846=ADVANCED_FACE('',(#187),#17,.F.);
#1847=ADVANCED_FACE('',(#188),#46,.F.);
#1848=ADVANCED_FACE('',(#189),#47,.F.);
#1849=ADVANCED_FACE('',(#190),#22,.F.);
#1850=ADVANCED_FACE('',(#191),#48,.F.);
#1851=ADVANCED_FACE('',(#192),#23,.F.);
#1852=ADVANCED_FACE('',(#193),#49,.F.);
#1853=ADVANCED_FACE('',(#194),#24,.F.);
#1854=ADVANCED_FACE('',(#195),#50,.F.);
#1855=ADVANCED_FACE('',(#196),#25,.F.);
#1856=ADVANCED_FACE('',(#197),#51,.F.);
#1857=ADVANCED_FACE('',(#198),#52,.F.);
#1858=ADVANCED_FACE('',(#199),#53,.F.);
#1859=ADVANCED_FACE('',(#200),#18,.F.);
#1860=ADVANCED_FACE('',(#201),#54,.F.);
#1861=ADVANCED_FACE('',(#202),#55,.F.);
#1862=ADVANCED_FACE('',(#203),#56,.F.);
#1863=ADVANCED_FACE('',(#204),#57,.F.);
#1864=ADVANCED_FACE('',(#205),#19,.F.);
#1865=ADVANCED_FACE('',(#206),#58,.F.);
#1866=ADVANCED_FACE('',(#207),#59,.F.);
#1867=ADVANCED_FACE('',(#208),#60,.T.);
#1868=ADVANCED_FACE('',(#209),#1785,.T.);
#1869=ADVANCED_FACE('',(#210),#1786,.T.);
#1870=ADVANCED_FACE('',(#211),#61,.T.);
#1871=ADVANCED_FACE('',(#212),#1787,.T.);
#1872=ADVANCED_FACE('',(#213),#1788,.T.);
#1873=ADVANCED_FACE('',(#214),#1789,.T.);
#1874=ADVANCED_FACE('',(#215),#62,.F.);
#1875=ADVANCED_FACE('',(#216),#1790,.T.);
#1876=ADVANCED_FACE('',(#217),#63,.F.);
#1877=ADVANCED_FACE('',(#218),#1791,.T.);
#1878=ADVANCED_FACE('',(#219),#64,.F.);
#1879=ADVANCED_FACE('',(#220),#1792,.T.);
#1880=ADVANCED_FACE('',(#221),#65,.F.);
#1881=ADVANCED_FACE('',(#222),#1793,.T.);
#1882=ADVANCED_FACE('',(#223),#66,.T.);
#1883=ADVANCED_FACE('',(#224),#1794,.T.);
#1884=ADVANCED_FACE('',(#225),#67,.T.);
#1885=ADVANCED_FACE('',(#226),#1795,.T.);
#1886=ADVANCED_FACE('',(#227),#1796,.F.);
#1887=ADVANCED_FACE('',(#228),#68,.F.);
#1888=ADVANCED_FACE('',(#229),#1797,.F.);
#1889=ADVANCED_FACE('',(#230),#69,.F.);
#1890=ADVANCED_FACE('',(#231),#1798,.F.);
#1891=ADVANCED_FACE('',(#232),#1799,.F.);
#1892=ADVANCED_FACE('',(#233),#70,.F.);
#1893=ADVANCED_FACE('',(#234),#71,.F.);
#1894=ADVANCED_FACE('',(#235,#35),#1800,.T.);
#1895=ADVANCED_FACE('',(#236),#1801,.T.);
#1896=ADVANCED_FACE('',(#237),#1802,.T.);
#1897=ADVANCED_FACE('',(#238),#72,.T.);
#1898=ADVANCED_FACE('',(#239),#1803,.T.);
#1899=ADVANCED_FACE('',(#240,#36,#37),#1804,.F.);
#1900=ADVANCED_FACE('',(#241,#38),#1805,.T.);
#1901=ADVANCED_FACE('',(#242),#1806,.T.);
#1902=ADVANCED_FACE('',(#243),#73,.T.);
#1903=ADVANCED_FACE('',(#244),#1807,.T.);
#1904=ADVANCED_FACE('',(#245),#1808,.T.);
#1905=ADVANCED_FACE('',(#246),#26,.T.);
#1906=ADVANCED_FACE('',(#247),#27,.T.);
#1907=ADVANCED_FACE('',(#248),#28,.T.);
#1908=ADVANCED_FACE('',(#249),#29,.T.);
#1909=ADVANCED_FACE('',(#250),#74,.T.);
#1910=ADVANCED_FACE('',(#251),#75,.T.);
#1911=ADVANCED_FACE('',(#252),#76,.T.);
#1912=ADVANCED_FACE('',(#253),#77,.T.);
#1913=ADVANCED_FACE('',(#254),#78,.T.);
#1914=ADVANCED_FACE('',(#255),#79,.T.);
#1915=ADVANCED_FACE('',(#256),#80,.T.);
#1916=ADVANCED_FACE('',(#257),#81,.T.);
#1917=ADVANCED_FACE('',(#258),#1809,.T.);
#1918=ADVANCED_FACE('',(#259),#1810,.T.);
#1919=ADVANCED_FACE('',(#260),#1811,.T.);
#1920=ADVANCED_FACE('',(#261),#1812,.T.);
#1921=ADVANCED_FACE('',(#262),#1813,.T.);
#1922=ADVANCED_FACE('',(#263,#39),#1814,.T.);
#1923=ADVANCED_FACE('',(#264),#1815,.T.);
#1924=ADVANCED_FACE('',(#265),#1816,.T.);
#1925=ADVANCED_FACE('',(#266),#1817,.T.);
#1926=ADVANCED_FACE('',(#267),#1818,.T.);
#1927=ADVANCED_FACE('',(#268),#1819,.T.);
#1928=ADVANCED_FACE('',(#269),#1820,.T.);
#1929=ADVANCED_FACE('',(#270),#1821,.T.);
#1930=ADVANCED_FACE('',(#271),#1822,.T.);
#1931=ADVANCED_FACE('',(#272),#1823,.T.);
#1932=ADVANCED_FACE('',(#273),#1824,.T.);
#1933=ADVANCED_FACE('',(#274),#1825,.T.);
#1934=ADVANCED_FACE('',(#275),#1826,.T.);
#1935=ADVANCED_FACE('',(#276),#1827,.T.);
#1936=ADVANCED_FACE('',(#277),#1828,.T.);
#1937=ADVANCED_FACE('',(#278),#1829,.T.);
#1938=CLOSED_SHELL('',(#1830,#1831,#1832,#1833,#1834,#1835,#1836,#1837,
#1838,#1839,#1840,#1841,#1842,#1843,#1844,#1845,#1846,#1847,#1848,#1849,
#1850,#1851,#1852,#1853,#1854,#1855,#1856,#1857,#1858,#1859,#1860,#1861,
#1862,#1863,#1864,#1865,#1866,#1867,#1868,#1869,#1870,#1871,#1872,#1873,
#1874,#1875,#1876,#1877,#1878,#1879,#1880,#1881,#1882,#1883,#1884,#1885,
#1886,#1887,#1888,#1889,#1890,#1891,#1892,#1893,#1894,#1895,#1896,#1897,
#1898,#1899,#1900,#1901,#1902,#1903,#1904,#1905,#1906,#1907,#1908,#1909,
#1910,#1911,#1912,#1913,#1914,#1915,#1916,#1917,#1918,#1919,#1920,#1921,
#1922,#1923,#1924,#1925,#1926,#1927,#1928,#1929,#1930,#1931));
#1939=CLOSED_SHELL('',(#1932,#1933,#1934,#1935,#1936,#1937));
#1940=DERIVED_UNIT_ELEMENT(#1942,1.);
#1941=DERIVED_UNIT_ELEMENT(#3299,-3.);
#1942=(
MASS_UNIT()
NAMED_UNIT(*)
SI_UNIT(.KILO.,.GRAM.)
);
#1943=DERIVED_UNIT((#1940,#1941));
#1944=MEASURE_REPRESENTATION_ITEM('density measure',
POSITIVE_RATIO_MEASURE(7850.),#1943);
#1945=PROPERTY_DEFINITION_REPRESENTATION(#1950,#1947);
#1946=PROPERTY_DEFINITION_REPRESENTATION(#1951,#1948);
#1947=REPRESENTATION('material name',(#1949),#3296);
#1948=REPRESENTATION('density',(#1944),#3296);
#1949=DESCRIPTIVE_REPRESENTATION_ITEM('Steel','Steel');
#1950=PROPERTY_DEFINITION('material property','material name',#3306);
#1951=PROPERTY_DEFINITION('material property','density of part',#3306);
#1952=AXIS2_PLACEMENT_3D('',#2735,#2150,#2151);
#1953=AXIS2_PLACEMENT_3D('',#2736,#2152,#2153);
#1954=AXIS2_PLACEMENT_3D('',#2745,#2158,#2159);
#1955=AXIS2_PLACEMENT_3D('',#2752,#2163,#2164);
#1956=AXIS2_PLACEMENT_3D('',#2753,#2165,#2166);
#1957=AXIS2_PLACEMENT_3D('',#2757,#2168,#2169);
#1958=AXIS2_PLACEMENT_3D('',#2761,#2172,#2173);
#1959=AXIS2_PLACEMENT_3D('',#2764,#2176,#2177);
#1960=AXIS2_PLACEMENT_3D('',#2778,#2184,#2185);
#1961=AXIS2_PLACEMENT_3D('',#2782,#2187,#2188);
#1962=AXIS2_PLACEMENT_3D('',#2786,#2190,#2191);
#1963=AXIS2_PLACEMENT_3D('',#2796,#2197,#2198);
#1964=AXIS2_PLACEMENT_3D('',#2798,#2199,#2200);
#1965=AXIS2_PLACEMENT_3D('',#2801,#2202,#2203);
#1966=AXIS2_PLACEMENT_3D('',#2802,#2204,#2205);
#1967=AXIS2_PLACEMENT_3D('',#2804,#2206,#2207);
#1968=AXIS2_PLACEMENT_3D('',#2807,#2209,#2210);
#1969=AXIS2_PLACEMENT_3D('',#2808,#2211,#2212);
#1970=AXIS2_PLACEMENT_3D('',#2812,#2214,#2215);
#1971=AXIS2_PLACEMENT_3D('',#2814,#2217,#2218);
#1972=AXIS2_PLACEMENT_3D('',#2817,#2219,#2220);
#1973=AXIS2_PLACEMENT_3D('',#2821,#2222,#2223);
#1974=AXIS2_PLACEMENT_3D('',#2825,#2225,#2226);
#1975=AXIS2_PLACEMENT_3D('',#2829,#2228,#2229);
#1976=AXIS2_PLACEMENT_3D('',#2832,#2231,#2232);
#1977=AXIS2_PLACEMENT_3D('',#2834,#2233,#2234);
#1978=AXIS2_PLACEMENT_3D('',#2847,#2241,#2242);
#1979=AXIS2_PLACEMENT_3D('',#2851,#2244,#2245);
#1980=AXIS2_PLACEMENT_3D('',#2855,#2247,#2248);
#1981=AXIS2_PLACEMENT_3D('',#2867,#2254,#2255);
#1982=AXIS2_PLACEMENT_3D('',#2871,#2257,#2258);
#1983=AXIS2_PLACEMENT_3D('',#2875,#2260,#2261);
#1984=AXIS2_PLACEMENT_3D('',#2887,#2268,#2269);
#1985=AXIS2_PLACEMENT_3D('',#2889,#2270,#2271);
#1986=AXIS2_PLACEMENT_3D('',#2891,#2273,#2274);
#1987=AXIS2_PLACEMENT_3D('',#2896,#2277,#2278);
#1988=AXIS2_PLACEMENT_3D('',#2897,#2279,#2280);
#1989=AXIS2_PLACEMENT_3D('',#2900,#2281,#2282);
#1990=AXIS2_PLACEMENT_3D('',#2902,#2283,#2284);
#1991=AXIS2_PLACEMENT_3D('',#2903,#2285,#2286);
#1992=AXIS2_PLACEMENT_3D('',#2904,#2287,#2288);
#1993=AXIS2_PLACEMENT_3D('',#2907,#2291,#2292);
#1994=AXIS2_PLACEMENT_3D('',#2910,#2295,#2296);
#1995=AXIS2_PLACEMENT_3D('',#2912,#2297,#2298);
#1996=AXIS2_PLACEMENT_3D('',#2914,#2299,#2300);
#1997=AXIS2_PLACEMENT_3D('',#2915,#2301,#2302);
#1998=AXIS2_PLACEMENT_3D('',#2916,#2303,#2304);
#1999=AXIS2_PLACEMENT_3D('',#2919,#2305,#2306);
#2000=AXIS2_PLACEMENT_3D('',#2922,#2309,#2310);
#2001=AXIS2_PLACEMENT_3D('',#2925,#2311,#2312);
#2002=AXIS2_PLACEMENT_3D('',#2926,#2313,#2314);
#2003=AXIS2_PLACEMENT_3D('',#2927,#2315,#2316);
#2004=AXIS2_PLACEMENT_3D('',#2928,#2317,#2318);
#2005=AXIS2_PLACEMENT_3D('',#2931,#2321,#2322);
#2006=AXIS2_PLACEMENT_3D('',#2933,#2324,#2325);
#2007=AXIS2_PLACEMENT_3D('',#2935,#2326,#2327);
#2008=AXIS2_PLACEMENT_3D('',#2937,#2328,#2329);
#2009=AXIS2_PLACEMENT_3D('',#2938,#2330,#2331);
#2010=AXIS2_PLACEMENT_3D('',#2939,#2332,#2333);
#2011=AXIS2_PLACEMENT_3D('',#2941,#2334,#2335);
#2012=AXIS2_PLACEMENT_3D('',#2943,#2337,#2338);
#2013=AXIS2_PLACEMENT_3D('',#2946,#2339,#2340);
#2014=AXIS2_PLACEMENT_3D('',#2948,#2341,#2342);
#2015=AXIS2_PLACEMENT_3D('',#2949,#2343,#2344);
#2016=AXIS2_PLACEMENT_3D('',#2950,#2345,#2346);
#2017=AXIS2_PLACEMENT_3D('',#2953,#2347,#2348);
#2018=AXIS2_PLACEMENT_3D('',#2956,#2351,#2352);
#2019=AXIS2_PLACEMENT_3D('',#2959,#2353,#2354);
#2020=AXIS2_PLACEMENT_3D('',#2961,#2355,#2356);
#2021=AXIS2_PLACEMENT_3D('',#2962,#2357,#2358);
#2022=AXIS2_PLACEMENT_3D('',#2963,#2359,#2360);
#2023=AXIS2_PLACEMENT_3D('',#2966,#2361,#2362);
#2024=AXIS2_PLACEMENT_3D('',#2969,#2365,#2366);
#2025=AXIS2_PLACEMENT_3D('',#2972,#2367,#2368);
#2026=AXIS2_PLACEMENT_3D('',#2974,#2369,#2370);
#2027=AXIS2_PLACEMENT_3D('',#2975,#2371,#2372);
#2028=AXIS2_PLACEMENT_3D('',#2976,#2373,#2374);
#2029=AXIS2_PLACEMENT_3D('',#2979,#2375,#2376);
#2030=AXIS2_PLACEMENT_3D('',#2982,#2379,#2380);
#2031=AXIS2_PLACEMENT_3D('',#2987,#2383,#2384);
#2032=AXIS2_PLACEMENT_3D('',#2988,#2385,#2386);
#2033=AXIS2_PLACEMENT_3D('',#2991,#2387,#2388);
#2034=AXIS2_PLACEMENT_3D('',#2994,#2391,#2392);
#2035=AXIS2_PLACEMENT_3D('',#2997,#2393,#2394);
#2036=AXIS2_PLACEMENT_3D('',#2998,#2395,#2396);
#2037=AXIS2_PLACEMENT_3D('',#2999,#2397,#2398);
#2038=AXIS2_PLACEMENT_3D('',#3000,#2399,#2400);
#2039=AXIS2_PLACEMENT_3D('',#3003,#2403,#2404);
#2040=AXIS2_PLACEMENT_3D('',#3006,#2407,#2408);
#2041=AXIS2_PLACEMENT_3D('',#3009,#2411,#2412);
#2042=AXIS2_PLACEMENT_3D('',#3012,#2413,#2414);
#2043=AXIS2_PLACEMENT_3D('',#3015,#2417,#2418);
#2044=AXIS2_PLACEMENT_3D('',#3018,#2419,#2420);
#2045=AXIS2_PLACEMENT_3D('',#3019,#2421,#2422);
#2046=AXIS2_PLACEMENT_3D('',#3020,#2423,#2424);
#2047=AXIS2_PLACEMENT_3D('',#3021,#2425,#2426);
#2048=AXIS2_PLACEMENT_3D('',#3024,#2429,#2430);
#2049=AXIS2_PLACEMENT_3D('',#3026,#2432,#2433);
#2050=AXIS2_PLACEMENT_3D('',#3030,#2435,#2436);
#2051=AXIS2_PLACEMENT_3D('',#3032,#2438,#2439);
#2052=AXIS2_PLACEMENT_3D('',#3034,#2441,#2442);
#2053=AXIS2_PLACEMENT_3D('',#3036,#2444,#2445);
#2054=AXIS2_PLACEMENT_3D('',#3038,#2447,#2448);
#2055=AXIS2_PLACEMENT_3D('',#3039,#2449,#2450);
#2056=AXIS2_PLACEMENT_3D('',#3043,#2452,#2453);
#2057=AXIS2_PLACEMENT_3D('',#3052,#2458,#2459);
#2058=AXIS2_PLACEMENT_3D('',#3056,#2461,#2462);
#2059=AXIS2_PLACEMENT_3D('',#3063,#2466,#2467);
#2060=AXIS2_PLACEMENT_3D('',#3065,#2469,#2470);
#2061=AXIS2_PLACEMENT_3D('',#3069,#2473,#2474);
#2062=AXIS2_PLACEMENT_3D('',#3073,#2476,#2477);
#2063=AXIS2_PLACEMENT_3D('',#3075,#2479,#2480);
#2064=AXIS2_PLACEMENT_3D('',#3079,#2483,#2484);
#2065=AXIS2_PLACEMENT_3D('',#3082,#2485,#2486);
#2066=AXIS2_PLACEMENT_3D('',#3086,#2488,#2489);
#2067=AXIS2_PLACEMENT_3D('',#3088,#2491,#2492);
#2068=AXIS2_PLACEMENT_3D('',#3094,#2496,#2497);
#2069=AXIS2_PLACEMENT_3D('',#3097,#2498,#2499);
#2070=AXIS2_PLACEMENT_3D('',#3100,#2502,#2503);
#2071=AXIS2_PLACEMENT_3D('',#3104,#2506,#2507);
#2072=AXIS2_PLACEMENT_3D('',#3108,#2509,#2510);
#2073=AXIS2_PLACEMENT_3D('',#3110,#2512,#2513);
#2074=AXIS2_PLACEMENT_3D('',#3114,#2516,#2517);
#2075=AXIS2_PLACEMENT_3D('',#3116,#2518,#2519);
#2076=AXIS2_PLACEMENT_3D('',#3118,#2521,#2522);
#2077=AXIS2_PLACEMENT_3D('',#3119,#2523,#2524);
#2078=AXIS2_PLACEMENT_3D('',#3121,#2525,#2526);
#2079=AXIS2_PLACEMENT_3D('',#3123,#2528,#2529);
#2080=AXIS2_PLACEMENT_3D('',#3124,#2530,#2531);
#2081=AXIS2_PLACEMENT_3D('',#3128,#2534,#2535);
#2082=AXIS2_PLACEMENT_3D('',#3130,#2536,#2537);
#2083=AXIS2_PLACEMENT_3D('',#3132,#2539,#2540);
#2084=AXIS2_PLACEMENT_3D('',#3134,#2542,#2543);
#2085=AXIS2_PLACEMENT_3D('',#3138,#2545,#2546);
#2086=AXIS2_PLACEMENT_3D('',#3140,#2548,#2549);
#2087=AXIS2_PLACEMENT_3D('',#3142,#2551,#2552);
#2088=AXIS2_PLACEMENT_3D('',#3144,#2554,#2555);
#2089=AXIS2_PLACEMENT_3D('',#3147,#2557,#2558);
#2090=AXIS2_PLACEMENT_3D('',#3148,#2559,#2560);
#2091=AXIS2_PLACEMENT_3D('',#3151,#2562,#2563);
#2092=AXIS2_PLACEMENT_3D('',#3152,#2564,#2565);
#2093=AXIS2_PLACEMENT_3D('',#3158,#2568,#2569);
#2094=AXIS2_PLACEMENT_3D('',#3161,#2572,#2573);
#2095=AXIS2_PLACEMENT_3D('',#3163,#2575,#2576);
#2096=AXIS2_PLACEMENT_3D('',#3165,#2578,#2579);
#2097=AXIS2_PLACEMENT_3D('',#3166,#2580,#2581);
#2098=AXIS2_PLACEMENT_3D('',#3171,#2585,#2586);
#2099=AXIS2_PLACEMENT_3D('',#3180,#2591,#2592);
#2100=AXIS2_PLACEMENT_3D('',#3182,#2594,#2595);
#2101=AXIS2_PLACEMENT_3D('',#3183,#2596,#2597);
#2102=AXIS2_PLACEMENT_3D('',#3185,#2598,#2599);
#2103=AXIS2_PLACEMENT_3D('',#3187,#2601,#2602);
#2104=AXIS2_PLACEMENT_3D('',#3189,#2604,#2605);
#2105=AXIS2_PLACEMENT_3D('',#3192,#2608,#2609);
#2106=AXIS2_PLACEMENT_3D('',#3195,#2610,#2611);
#2107=AXIS2_PLACEMENT_3D('',#3196,#2612,#2613);
#2108=AXIS2_PLACEMENT_3D('',#3197,#2614,#2615);
#2109=AXIS2_PLACEMENT_3D('',#3198,#2616,#2617);
#2110=AXIS2_PLACEMENT_3D('',#3201,#2618,#2619);
#2111=AXIS2_PLACEMENT_3D('',#3202,#2620,#2621);
#2112=AXIS2_PLACEMENT_3D('',#3203,#2622,#2623);
#2113=AXIS2_PLACEMENT_3D('',#3204,#2624,#2625);
#2114=AXIS2_PLACEMENT_3D('',#3206,#2626,#2627);
#2115=AXIS2_PLACEMENT_3D('',#3208,#2628,#2629);
#2116=AXIS2_PLACEMENT_3D('',#3209,#2630,#2631);
#2117=AXIS2_PLACEMENT_3D('',#3210,#2632,#2633);
#2118=AXIS2_PLACEMENT_3D('',#3213,#2634,#2635);
#2119=AXIS2_PLACEMENT_3D('',#3214,#2636,#2637);
#2120=AXIS2_PLACEMENT_3D('',#3215,#2638,#2639);
#2121=AXIS2_PLACEMENT_3D('',#3216,#2640,#2641);
#2122=AXIS2_PLACEMENT_3D('',#3218,#2643,#2644);
#2123=AXIS2_PLACEMENT_3D('',#3220,#2646,#2647);
#2124=AXIS2_PLACEMENT_3D('',#3223,#2650,#2651);
#2125=AXIS2_PLACEMENT_3D('',#3226,#2654,#2655);
#2126=AXIS2_PLACEMENT_3D('',#3228,#2657,#2658);
#2127=AXIS2_PLACEMENT_3D('',#3230,#2660,#2661);
#2128=AXIS2_PLACEMENT_3D('',#3233,#2664,#2665);
#2129=AXIS2_PLACEMENT_3D('',#3236,#2668,#2669);
#2130=AXIS2_PLACEMENT_3D('',#3237,#2670,#2671);
#2131=AXIS2_PLACEMENT_3D('',#3238,#2672,#2673);
#2132=AXIS2_PLACEMENT_3D('',#3242,#2676,#2677);
#2133=AXIS2_PLACEMENT_3D('',#3246,#2680,#2681);
#2134=AXIS2_PLACEMENT_3D('',#3247,#2682,#2683);
#2135=AXIS2_PLACEMENT_3D('',#3248,#2684,#2685);
#2136=AXIS2_PLACEMENT_3D('',#3251,#2688,#2689);
#2137=AXIS2_PLACEMENT_3D('',#3252,#2690,#2691);
#2138=AXIS2_PLACEMENT_3D('',#3257,#2695,#2696);
#2139=AXIS2_PLACEMENT_3D('',#3261,#2699,#2700);
#2140=AXIS2_PLACEMENT_3D('',#3263,#2702,#2703);
#2141=AXIS2_PLACEMENT_3D('',#3264,#2704,#2705);
#2142=AXIS2_PLACEMENT_3D('',#3266,#2707,#2708);
#2143=AXIS2_PLACEMENT_3D('',#3267,#2709,#2710);
#2144=AXIS2_PLACEMENT_3D('',#3268,#2711,#2712);
#2145=AXIS2_PLACEMENT_3D('',#3277,#2717,#2718);
#2146=AXIS2_PLACEMENT_3D('',#3283,#2722,#2723);
#2147=AXIS2_PLACEMENT_3D('',#3289,#2727,#2728);
#2148=AXIS2_PLACEMENT_3D('',#3292,#2731,#2732);
#2149=AXIS2_PLACEMENT_3D('',#3293,#2733,#2734);
#2150=DIRECTION('axis',(0.,0.,1.));
#2151=DIRECTION('refdir',(1.,0.,0.));
#2152=DIRECTION('center_axis',(0.,1.,0.));
#2153=DIRECTION('ref_axis',(1.,0.,0.));
#2154=DIRECTION('',(-1.,0.,0.));
#2155=DIRECTION('',(0.,0.,-1.));
#2156=DIRECTION('',(1.,0.,0.));
#2157=DIRECTION('',(0.,0.,-1.));
#2158=DIRECTION('center_axis',(-1.,0.,0.));
#2159=DIRECTION('ref_axis',(0.,1.,0.));
#2160=DIRECTION('',(0.,-1.,0.));
#2161=DIRECTION('',(0.,1.,0.));
#2162=DIRECTION('',(0.,0.,-1.));
#2163=DIRECTION('center_axis',(1.,0.,0.));
#2164=DIRECTION('ref_axis',(0.,-0.707106781186547,0.707106781186548));
#2165=DIRECTION('center_axis',(1.,0.,0.));
#2166=DIRECTION('ref_axis',(0.,-1.,0.));
#2167=DIRECTION('',(0.,1.,0.));
#2168=DIRECTION('center_axis',(-1.,0.,0.));
#2169=DIRECTION('ref_axis',(0.,-0.707106781186547,0.707106781186548));
#2170=DIRECTION('',(0.,0.,-1.));
#2171=DIRECTION('',(0.,-1.,0.));
#2172=DIRECTION('center_axis',(0.,-1.,0.));
#2173=DIRECTION('ref_axis',(-1.,0.,0.));
#2174=DIRECTION('',(1.,0.,0.));
#2175=DIRECTION('',(-1.,0.,0.));
#2176=DIRECTION('center_axis',(0.,0.,-1.));
#2177=DIRECTION('ref_axis',(-1.,0.,0.));
#2178=DIRECTION('',(1.,0.,0.));
#2179=DIRECTION('',(0.,-1.,0.));
#2180=DIRECTION('',(-1.,0.,0.));
#2181=DIRECTION('',(0.,1.,0.));
#2182=DIRECTION('',(-1.,0.,0.));
#2183=DIRECTION('',(0.,1.,0.));
#2184=DIRECTION('center_axis',(0.,0.,-1.));
#2185=DIRECTION('ref_axis',(-0.707106781186547,-0.707106781186547,0.));
#2186=DIRECTION('',(-1.,0.,0.));
#2187=DIRECTION('center_axis',(0.,0.,-1.));
#2188=DIRECTION('ref_axis',(-0.707106781186548,-0.707106781186547,0.));
#2189=DIRECTION('',(-1.,0.,0.));
#2190=DIRECTION('center_axis',(0.,0.,-1.));
#2191=DIRECTION('ref_axis',(0.707106781186547,-0.707106781186547,0.));
#2192=DIRECTION('',(-1.,0.,0.));
#2193=DIRECTION('',(0.,1.,0.));
#2194=DIRECTION('',(-1.,0.,0.));
#2195=DIRECTION('',(0.,1.,0.));
#2196=DIRECTION('',(1.,0.,0.));
#2197=DIRECTION('center_axis',(0.,-1.,0.));
#2198=DIRECTION('ref_axis',(1.,0.,0.));
#2199=DIRECTION('center_axis',(0.,1.,0.));
#2200=DIRECTION('ref_axis',(1.,0.,0.));
#2201=DIRECTION('',(0.447213595499957,0.894427190999917,5.47678698264201E-17));
#2202=DIRECTION('center_axis',(0.,-1.,0.));
#2203=DIRECTION('ref_axis',(1.,0.,0.));
#2204=DIRECTION('center_axis',(0.,-1.,0.));
#2205=DIRECTION('ref_axis',(1.,0.,0.));
#2206=DIRECTION('center_axis',(0.,1.,0.));
#2207=DIRECTION('ref_axis',(1.,0.,0.));
#2208=DIRECTION('',(0.447213595499957,0.894427190999917,5.47678698264201E-17));
#2209=DIRECTION('center_axis',(0.,-1.,0.));
#2210=DIRECTION('ref_axis',(1.,0.,0.));
#2211=DIRECTION('center_axis',(0.,0.,1.));
#2212=DIRECTION('ref_axis',(0.707106781186547,-0.707106781186547,0.));
#2213=DIRECTION('',(0.,0.,1.));
#2214=DIRECTION('center_axis',(0.,0.,1.));
#2215=DIRECTION('ref_axis',(0.707106781186547,-0.707106781186547,0.));
#2216=DIRECTION('',(0.,0.,1.));
#2217=DIRECTION('center_axis',(0.,1.,0.));
#2218=DIRECTION('ref_axis',(1.,0.,0.));
#2219=DIRECTION('center_axis',(0.,-1.,0.));
#2220=DIRECTION('ref_axis',(0.707106781186548,0.,0.707106781186548));
#2221=DIRECTION('',(0.,0.,-1.));
#2222=DIRECTION('center_axis',(0.,-1.,0.));
#2223=DIRECTION('ref_axis',(0.707106781186546,0.,-0.707106781186549));
#2224=DIRECTION('',(-1.,0.,0.));
#2225=DIRECTION('center_axis',(0.,-1.,0.));
#2226=DIRECTION('ref_axis',(-0.707106781186548,0.,-0.707106781186547));
#2227=DIRECTION('',(0.,0.,1.));
#2228=DIRECTION('center_axis',(0.,-1.,0.));
#2229=DIRECTION('ref_axis',(-0.707106781186549,0.,0.707106781186546));
#2230=DIRECTION('',(1.,0.,0.));
#2231=DIRECTION('center_axis',(0.,-1.,0.));
#2232=DIRECTION('ref_axis',(-1.,0.,0.));
#2233=DIRECTION('center_axis',(0.,-1.,0.));
#2234=DIRECTION('ref_axis',(-1.,0.,0.));
#2235=DIRECTION('',(1.,0.,0.));
#2236=DIRECTION('',(0.,0.,-1.));
#2237=DIRECTION('',(1.,0.,0.));
#2238=DIRECTION('',(0.,0.,-1.));
#2239=DIRECTION('',(1.,0.,0.));
#2240=DIRECTION('',(0.,0.,-1.));
#2241=DIRECTION('center_axis',(0.,1.,0.));
#2242=DIRECTION('ref_axis',(-0.707106781186546,0.,0.707106781186549));
#2243=DIRECTION('',(0.,0.,-1.));
#2244=DIRECTION('center_axis',(0.,1.,0.));
#2245=DIRECTION('ref_axis',(1.,0.,0.));
#2246=DIRECTION('',(-1.,0.,0.));
#2247=DIRECTION('center_axis',(0.,1.,0.));
#2248=DIRECTION('ref_axis',(-0.707106781186547,0.,0.707106781186548));
#2249=DIRECTION('',(0.,0.,-1.));
#2250=DIRECTION('',(1.,0.,0.));
#2251=DIRECTION('',(0.,0.,-1.));
#2252=DIRECTION('',(1.,0.,0.));
#2253=DIRECTION('',(0.,0.,-1.));
#2254=DIRECTION('center_axis',(0.,1.,0.));
#2255=DIRECTION('ref_axis',(-0.707106781186547,0.,-0.707106781186548));
#2256=DIRECTION('',(1.,0.,-4.44089203232618E-16));
#2257=DIRECTION('center_axis',(0.,1.,0.));
#2258=DIRECTION('ref_axis',(1.,0.,0.));
#2259=DIRECTION('',(0.,0.,-1.));
#2260=DIRECTION('center_axis',(0.,1.,0.));
#2261=DIRECTION('ref_axis',(-0.707106781186548,0.,-0.707106781186547));
#2262=DIRECTION('',(1.,0.,0.));
#2263=DIRECTION('',(0.,0.,-1.));
#2264=DIRECTION('',(1.,0.,0.));
#2265=DIRECTION('',(0.,0.,-1.));
#2266=DIRECTION('',(1.,0.,0.));
#2267=DIRECTION('',(0.,0.,-1.));
#2268=DIRECTION('center_axis',(0.,0.,-1.));
#2269=DIRECTION('ref_axis',(-0.707106781186548,-0.707106781186547,0.));
#2270=DIRECTION('center_axis',(0.,0.,1.));
#2271=DIRECTION('ref_axis',(-0.707106781186548,-0.707106781186547,0.));
#2272=DIRECTION('',(0.,0.,-1.));
#2273=DIRECTION('center_axis',(0.,1.,0.));
#2274=DIRECTION('ref_axis',(-0.707106781186547,0.,-0.707106781186548));
#2275=DIRECTION('',(0.,1.,0.));
#2276=DIRECTION('',(0.,-1.,0.));
#2277=DIRECTION('center_axis',(0.,-0.707106781186548,0.707106781186547));
#2278=DIRECTION('ref_axis',(0.,-0.707106781186547,-0.707106781186548));
#2279=DIRECTION('center_axis',(0.408248290463862,-0.816496580927726,-0.408248290463864));
#2280=DIRECTION('ref_axis',(-0.577350269189626,-0.577350269189625,0.577350269189627));
#2281=DIRECTION('center_axis',(1.,0.,1.48029736616687E-15));
#2282=DIRECTION('ref_axis',(0.,-1.,0.));
#2283=DIRECTION('center_axis',(0.,0.,-1.));
#2284=DIRECTION('ref_axis',(-1.,0.,0.));
#2285=DIRECTION('center_axis',(0.,1.,0.));
#2286=DIRECTION('ref_axis',(0.,0.,1.));
#2287=DIRECTION('center_axis',(0.,0.,1.));
#2288=DIRECTION('ref_axis',(-0.707106781186548,-0.707106781186547,0.));
#2289=DIRECTION('',(0.,0.,1.));
#2290=DIRECTION('',(0.,0.,-1.));
#2291=DIRECTION('center_axis',(0.,-1.,0.));
#2292=DIRECTION('ref_axis',(-0.707106781186547,0.,0.707106781186548));
#2293=DIRECTION('',(0.,-1.,0.));
#2294=DIRECTION('',(0.,1.,0.));
#2295=DIRECTION('center_axis',(0.408248290463862,-0.816496580927726,-0.408248290463864));
#2296=DIRECTION('ref_axis',(-0.577350269189625,-0.577350269189625,0.577350269189627));
#2297=DIRECTION('center_axis',(1.,0.,0.));
#2298=DIRECTION('ref_axis',(0.,-1.,0.));
#2299=DIRECTION('center_axis',(0.,0.,-1.));
#2300=DIRECTION('ref_axis',(-1.,0.,0.));
#2301=DIRECTION('center_axis',(0.,1.,0.));
#2302=DIRECTION('ref_axis',(0.,0.,1.));
#2303=DIRECTION('center_axis',(1.,0.,0.));
#2304=DIRECTION('ref_axis',(0.,-0.707106781186547,0.707106781186548));
#2305=DIRECTION('center_axis',(1.,0.,0.));
#2306=DIRECTION('ref_axis',(0.,0.,1.));
#2307=DIRECTION('',(-1.,0.,0.));
#2308=DIRECTION('',(1.,0.,0.));
#2309=DIRECTION('center_axis',(0.,-1.,0.));
#2310=DIRECTION('ref_axis',(0.,0.,-1.));
#2311=DIRECTION('center_axis',(4.27166622074576E-7,0.,0.999999999999909));
#2312=DIRECTION('ref_axis',(-0.999999999999909,0.,4.27166622074576E-7));
#2313=DIRECTION('center_axis',(0.,1.,0.));
#2314=DIRECTION('ref_axis',(0.707106630160325,0.,-0.707106932212738));
#2315=DIRECTION('center_axis',(0.,-1.,0.));
#2316=DIRECTION('ref_axis',(0.707106630160325,0.,-0.707106932212738));
#2317=DIRECTION('center_axis',(0.,0.,1.));
#2318=DIRECTION('ref_axis',(-0.707106781186547,-0.707106781186548,0.));
#2319=DIRECTION('',(0.,0.,-1.));
#2320=DIRECTION('',(0.,0.,1.));
#2321=DIRECTION('center_axis',(0.,1.,0.));
#2322=DIRECTION('ref_axis',(-0.707106781186546,0.,0.707106781186549));
#2323=DIRECTION('',(0.,1.,0.));
#2324=DIRECTION('center_axis',(-0.408248290463863,-0.816496580927726,-0.408248290463863));
#2325=DIRECTION('ref_axis',(0.577350269189626,-0.577350269189625,0.577350269189626));
#2326=DIRECTION('center_axis',(-1.,0.,0.));
#2327=DIRECTION('ref_axis',(0.,0.,1.));
#2328=DIRECTION('center_axis',(0.,1.,0.));
#2329=DIRECTION('ref_axis',(1.,0.,0.));
#2330=DIRECTION('center_axis',(0.,0.,-1.));
#2331=DIRECTION('ref_axis',(0.,-1.,0.));
#2332=DIRECTION('center_axis',(0.,-1.,0.));
#2333=DIRECTION('ref_axis',(0.707106781186548,0.,0.707106781186548));
#2334=DIRECTION('center_axis',(0.,1.,0.));
#2335=DIRECTION('ref_axis',(0.707106781186548,0.,0.707106781186548));
#2336=DIRECTION('',(0.,-1.,0.));
#2337=DIRECTION('center_axis',(-0.408248290463863,-0.816496580927726,-0.408248290463863));
#2338=DIRECTION('ref_axis',(0.577350269189629,-0.577350269189624,0.577350269189625));
#2339=DIRECTION('center_axis',(-1.,0.,0.));
#2340=DIRECTION('ref_axis',(0.,0.,1.));
#2341=DIRECTION('center_axis',(0.,1.,0.));
#2342=DIRECTION('ref_axis',(1.,0.,0.));
#2343=DIRECTION('center_axis',(0.,0.,-1.));
#2344=DIRECTION('ref_axis',(0.,-1.,0.));
#2345=DIRECTION('center_axis',(0.,1.,0.));
#2346=DIRECTION('ref_axis',(0.707106781186548,0.,0.707106781186548));
#2347=DIRECTION('center_axis',(0.,1.,0.));
#2348=DIRECTION('ref_axis',(0.707106781186548,0.,0.707106781186548));
#2349=DIRECTION('',(0.,-1.,0.));
#2350=DIRECTION('',(0.,1.,0.));
#2351=DIRECTION('center_axis',(-0.408248290463864,0.408248290463862,-0.816496580927726));
#2352=DIRECTION('ref_axis',(0.577350269189624,-0.577350269189627,-0.577350269189627));
#2353=DIRECTION('center_axis',(0.,-7.40148683083438E-16,1.));
#2354=DIRECTION('ref_axis',(1.,0.,0.));
#2355=DIRECTION('center_axis',(0.,1.,0.));
#2356=DIRECTION('ref_axis',(0.,0.,-1.));
#2357=DIRECTION('center_axis',(-1.,0.,0.));
#2358=DIRECTION('ref_axis',(0.,-1.,0.));
#2359=DIRECTION('center_axis',(0.,-1.,0.));
#2360=DIRECTION('ref_axis',(0.707106781186548,0.,-0.707106781186547));
#2361=DIRECTION('center_axis',(0.,1.,0.));
#2362=DIRECTION('ref_axis',(0.707106781186548,0.,-0.707106781186547));
#2363=DIRECTION('',(0.,-1.,0.));
#2364=DIRECTION('',(0.,1.,0.));
#2365=DIRECTION('center_axis',(-0.408248290463864,0.408248290463862,-0.816496580927726));
#2366=DIRECTION('ref_axis',(0.577350269189627,-0.577350269189625,-0.577350269189625));
#2367=DIRECTION('center_axis',(0.,1.48029736616688E-15,1.));
#2368=DIRECTION('ref_axis',(1.,0.,0.));
#2369=DIRECTION('center_axis',(0.,1.,0.));
#2370=DIRECTION('ref_axis',(0.,0.,-1.));
#2371=DIRECTION('center_axis',(-1.,0.,0.));
#2372=DIRECTION('ref_axis',(0.,-1.,0.));
#2373=DIRECTION('center_axis',(0.,1.,0.));
#2374=DIRECTION('ref_axis',(0.707106781186548,0.,-0.707106781186547));
#2375=DIRECTION('center_axis',(0.,1.,0.));
#2376=DIRECTION('ref_axis',(0.707106781186548,0.,-0.707106781186547));
#2377=DIRECTION('',(0.,-1.,0.));
#2378=DIRECTION('',(0.,1.,0.));
#2379=DIRECTION('center_axis',(-1.,0.,0.));
#2380=DIRECTION('ref_axis',(0.,-0.707106781186547,-0.707106781186548));
#2381=DIRECTION('',(1.,0.,0.));
#2382=DIRECTION('',(-1.,0.,0.));
#2383=DIRECTION('center_axis',(-0.707106781186547,0.707106781186548,5.23364152894591E-16));
#2384=DIRECTION('ref_axis',(0.707106781186548,0.707106781186547,5.23364152894591E-16));
#2385=DIRECTION('center_axis',(-1.,0.,-1.77635749055706E-15));
#2386=DIRECTION('ref_axis',(0.,-0.707106781186548,-0.707106781186547));
#2387=DIRECTION('center_axis',(-1.,0.,0.));
#2388=DIRECTION('ref_axis',(0.,0.,-1.));
#2389=DIRECTION('',(1.,0.,1.77635749055706E-15));
#2390=DIRECTION('',(-1.,0.,-1.77635749055706E-15));
#2391=DIRECTION('center_axis',(0.,-1.,0.));
#2392=DIRECTION('ref_axis',(0.,0.,-1.));
#2393=DIRECTION('center_axis',(-5.18104078158408E-15,0.,-1.));
#2394=DIRECTION('ref_axis',(1.,0.,-5.18104078158408E-15));
#2395=DIRECTION('center_axis',(0.,1.,0.));
#2396=DIRECTION('ref_axis',(-0.707106781186546,0.,0.707106781186549));
#2397=DIRECTION('center_axis',(0.,-1.,0.));
#2398=DIRECTION('ref_axis',(-0.707106781186546,0.,0.707106781186549));
#2399=DIRECTION('center_axis',(0.,0.,-1.));
#2400=DIRECTION('ref_axis',(0.707106781186548,-0.707106781186547,0.));
#2401=DIRECTION('',(0.,0.,1.));
#2402=DIRECTION('',(0.,0.,-1.));
#2403=DIRECTION('center_axis',(0.,-1.,0.));
#2404=DIRECTION('ref_axis',(-0.707106781186548,0.,-0.707106781186547));
#2405=DIRECTION('',(0.,1.,0.));
#2406=DIRECTION('',(0.,-1.,0.));
#2407=DIRECTION('center_axis',(0.,0.,-1.));
#2408=DIRECTION('ref_axis',(0.707106781186548,-0.707106781186547,0.));
#2409=DIRECTION('',(0.,0.,1.));
#2410=DIRECTION('',(0.,0.,-1.));
#2411=DIRECTION('center_axis',(0.,0.,-1.));
#2412=DIRECTION('ref_axis',(0.707106781186548,-0.707106781186547,0.));
#2413=DIRECTION('center_axis',(0.,0.,-1.));
#2414=DIRECTION('ref_axis',(1.,0.,0.));
#2415=DIRECTION('',(0.,0.,1.));
#2416=DIRECTION('',(0.,0.,-1.));
#2417=DIRECTION('center_axis',(0.,-1.,0.));
#2418=DIRECTION('ref_axis',(0.,0.,-1.));
#2419=DIRECTION('center_axis',(1.,0.,0.));
#2420=DIRECTION('ref_axis',(0.,0.,1.));
#2421=DIRECTION('center_axis',(0.,1.,0.));
#2422=DIRECTION('ref_axis',(-0.707106781186547,0.,-0.707106781186547));
#2423=DIRECTION('center_axis',(0.,-1.,0.));
#2424=DIRECTION('ref_axis',(-0.707106781186548,0.,-0.707106781186548));
#2425=DIRECTION('center_axis',(1.,0.,0.));
#2426=DIRECTION('ref_axis',(0.,-0.707106781186547,0.707106781186548));
#2427=DIRECTION('',(-1.,0.,0.));
#2428=DIRECTION('',(1.,0.,0.));
#2429=DIRECTION('center_axis',(1.,0.,0.));
#2430=DIRECTION('ref_axis',(0.,-0.707106781186547,0.707106781186548));
#2431=DIRECTION('',(-1.,0.,0.));
#2432=DIRECTION('center_axis',(0.,1.,0.));
#2433=DIRECTION('ref_axis',(1.,0.,0.));
#2434=DIRECTION('',(0.,1.,0.));
#2435=DIRECTION('center_axis',(0.,1.,0.));
#2436=DIRECTION('ref_axis',(1.,0.,0.));
#2437=DIRECTION('',(0.,1.,0.));
#2438=DIRECTION('center_axis',(-1.,0.,0.));
#2439=DIRECTION('ref_axis',(0.,0.,1.));
#2440=DIRECTION('',(0.,0.,1.));
#2441=DIRECTION('center_axis',(1.,0.,0.));
#2442=DIRECTION('ref_axis',(0.,0.,-1.));
#2443=DIRECTION('',(0.,1.,0.));
#2444=DIRECTION('center_axis',(0.,1.,0.));
#2445=DIRECTION('ref_axis',(1.,0.,0.));
#2446=DIRECTION('',(0.,1.,0.));
#2447=DIRECTION('center_axis',(0.,0.,-1.));
#2448=DIRECTION('ref_axis',(-1.,0.,0.));
#2449=DIRECTION('center_axis',(1.,0.,0.));
#2450=DIRECTION('ref_axis',(0.,0.,-1.));
#2451=DIRECTION('',(0.,0.999999999999998,6.58368301626983E-8));
#2452=DIRECTION('center_axis',(-1.,0.,0.));
#2453=DIRECTION('ref_axis',(0.,0.,1.));
#2454=DIRECTION('',(0.,-0.999999999999999,3.58201024890136E-8));
#2455=DIRECTION('',(0.,1.,0.));
#2456=DIRECTION('',(0.,0.,-1.));
#2457=DIRECTION('',(0.,1.,0.));
#2458=DIRECTION('center_axis',(1.,0.,0.));
#2459=DIRECTION('ref_axis',(0.,-0.707106781186547,-0.707106781186547));
#2460=DIRECTION('',(0.,0.,-1.));
#2461=DIRECTION('center_axis',(1.,0.,0.));
#2462=DIRECTION('ref_axis',(0.,-0.707106781186547,0.707106781186548));
#2463=DIRECTION('',(0.,1.,0.));
#2464=DIRECTION('',(0.,0.,-1.));
#2465=DIRECTION('',(0.,0.999999999999999,5.1557385576258E-8));
#2466=DIRECTION('center_axis',(-1.,0.,0.));
#2467=DIRECTION('ref_axis',(0.,0.,1.));
#2468=DIRECTION('',(0.,-0.999999999999999,5.37301489121022E-8));
#2469=DIRECTION('center_axis',(4.44089203232618E-16,0.,1.));
#2470=DIRECTION('ref_axis',(1.,0.,-4.44089203232618E-16));
#2471=DIRECTION('',(-1.,0.,4.44089203232618E-16));
#2472=DIRECTION('',(0.,1.,0.));
#2473=DIRECTION('center_axis',(-1.,0.,0.));
#2474=DIRECTION('ref_axis',(0.,-0.707106781186547,-0.707106781186547));
#2475=DIRECTION('',(-1.,0.,0.));
#2476=DIRECTION('center_axis',(-1.,0.,0.));
#2477=DIRECTION('ref_axis',(0.,-0.707106781186547,-0.707106781186547));
#2478=DIRECTION('',(1.,0.,0.));
#2479=DIRECTION('center_axis',(0.,0.,1.));
#2480=DIRECTION('ref_axis',(1.,0.,0.));
#2481=DIRECTION('',(1.,0.,0.));
#2482=DIRECTION('',(0.,1.,0.));
#2483=DIRECTION('center_axis',(0.,0.,1.));
#2484=DIRECTION('ref_axis',(-0.707106781186547,-0.707106781186548,0.));
#2485=DIRECTION('center_axis',(0.,0.,-1.));
#2486=DIRECTION('ref_axis',(-0.707106781186547,-0.707106781186548,0.));
#2487=DIRECTION('',(0.,0.,1.));
#2488=DIRECTION('center_axis',(0.,0.,1.));
#2489=DIRECTION('ref_axis',(-0.707106781186547,-0.707106781186548,0.));
#2490=DIRECTION('',(0.,0.,-1.));
#2491=DIRECTION('center_axis',(1.,0.,0.));
#2492=DIRECTION('ref_axis',(0.,0.,-1.));
#2493=DIRECTION('',(0.,1.,0.));
#2494=DIRECTION('',(0.,0.,-1.));
#2495=DIRECTION('',(0.,1.,0.));
#2496=DIRECTION('center_axis',(1.,0.,0.));
#2497=DIRECTION('ref_axis',(0.,-0.707106781186547,0.707106781186548));
#2498=DIRECTION('center_axis',(-1.,0.,0.));
#2499=DIRECTION('ref_axis',(0.,-0.707106781186547,0.707106781186548));
#2500=DIRECTION('',(1.,0.,0.));
#2501=DIRECTION('',(-1.,0.,0.));
#2502=DIRECTION('center_axis',(0.,0.,-1.));
#2503=DIRECTION('ref_axis',(-1.,0.,0.));
#2504=DIRECTION('',(0.,1.,0.));
#2505=DIRECTION('',(-1.,0.,0.));
#2506=DIRECTION('center_axis',(0.,0.,1.));
#2507=DIRECTION('ref_axis',(-0.707106781186547,-0.707106781186547,0.));
#2508=DIRECTION('',(0.,0.,1.));
#2509=DIRECTION('center_axis',(0.,0.,1.));
#2510=DIRECTION('ref_axis',(-0.707106781186547,-0.707106781186547,0.));
#2511=DIRECTION('',(0.,0.,-1.));
#2512=DIRECTION('center_axis',(1.,0.,0.));
#2513=DIRECTION('ref_axis',(0.,0.,-1.));
#2514=DIRECTION('',(0.,0.,-1.));
#2515=DIRECTION('',(0.,1.,0.));
#2516=DIRECTION('center_axis',(0.,1.,0.));
#2517=DIRECTION('ref_axis',(-1.,0.,0.));
#2518=DIRECTION('center_axis',(0.,1.,0.));
#2519=DIRECTION('ref_axis',(-1.,0.,0.));
#2520=DIRECTION('',(0.,-1.,0.));
#2521=DIRECTION('center_axis',(0.,1.,0.));
#2522=DIRECTION('ref_axis',(-1.,0.,0.));
#2523=DIRECTION('center_axis',(0.,1.,0.));
#2524=DIRECTION('ref_axis',(-1.,0.,0.));
#2525=DIRECTION('center_axis',(0.,1.,0.));
#2526=DIRECTION('ref_axis',(-1.,0.,0.));
#2527=DIRECTION('',(0.,-1.,0.));
#2528=DIRECTION('center_axis',(0.,1.,0.));
#2529=DIRECTION('ref_axis',(-1.,0.,0.));
#2530=DIRECTION('center_axis',(0.,-6.58368301626983E-8,0.999999999999998));
#2531=DIRECTION('ref_axis',(0.,-0.999999999999998,-6.58368301626983E-8));
#2532=DIRECTION('',(0.,-0.999999999999998,-6.58368301626983E-8));
#2533=DIRECTION('',(1.,0.,0.));
#2534=DIRECTION('center_axis',(1.,0.,0.));
#2535=DIRECTION('ref_axis',(0.,0.,1.));
#2536=DIRECTION('center_axis',(1.,0.,0.));
#2537=DIRECTION('ref_axis',(0.,0.,1.));
#2538=DIRECTION('',(1.,0.,0.));
#2539=DIRECTION('center_axis',(0.,-3.58201024890136E-8,-0.999999999999999));
#2540=DIRECTION('ref_axis',(0.,0.999999999999999,-3.58201024890136E-8));
#2541=DIRECTION('',(0.,0.999999999999999,-3.58201024890136E-8));
#2542=DIRECTION('center_axis',(1.,0.,0.));
#2543=DIRECTION('ref_axis',(0.,1.,1.500836325723E-8));
#2544=DIRECTION('',(1.,0.,0.));
#2545=DIRECTION('center_axis',(1.,0.,0.));
#2546=DIRECTION('ref_axis',(0.,0.,1.));
#2547=DIRECTION('',(1.,0.,0.));
#2548=DIRECTION('center_axis',(0.,-5.37301489121022E-8,-0.999999999999999));
#2549=DIRECTION('ref_axis',(0.,0.999999999999999,-5.37301489121022E-8));
#2550=DIRECTION('',(0.,0.999999999999999,-5.37301489121022E-8));
#2551=DIRECTION('center_axis',(0.,-5.1557385576258E-8,0.999999999999999));
#2552=DIRECTION('ref_axis',(0.,-0.999999999999999,-5.1557385576258E-8));
#2553=DIRECTION('',(0.,-0.999999999999999,-5.1557385576258E-8));
#2554=DIRECTION('center_axis',(0.,1.,0.));
#2555=DIRECTION('ref_axis',(1.,0.,0.));
#2556=DIRECTION('',(0.,1.,0.));
#2557=DIRECTION('center_axis',(0.,-1.,0.));
#2558=DIRECTION('ref_axis',(1.,0.,0.));
#2559=DIRECTION('center_axis',(0.,1.,0.));
#2560=DIRECTION('ref_axis',(1.,0.,0.));
#2561=DIRECTION('',(0.,1.,0.));
#2562=DIRECTION('center_axis',(0.,-1.,0.));
#2563=DIRECTION('ref_axis',(1.,0.,0.));
#2564=DIRECTION('center_axis',(0.,1.,0.));
#2565=DIRECTION('ref_axis',(1.,0.,0.));
#2566=DIRECTION('',(1.,0.,0.));
#2567=DIRECTION('',(0.,0.,1.));
#2568=DIRECTION('center_axis',(0.,1.,0.));
#2569=DIRECTION('ref_axis',(1.,0.,0.));
#2570=DIRECTION('',(1.,0.,1.77635749055706E-15));
#2571=DIRECTION('',(0.,0.,1.));
#2572=DIRECTION('center_axis',(-1.,0.,0.));
#2573=DIRECTION('ref_axis',(0.,0.,1.));
#2574=DIRECTION('',(0.,1.,0.));
#2575=DIRECTION('center_axis',(-1.77635749055706E-15,0.,1.));
#2576=DIRECTION('ref_axis',(1.,0.,1.77635749055706E-15));
#2577=DIRECTION('',(0.,1.,0.));
#2578=DIRECTION('center_axis',(0.,1.,0.));
#2579=DIRECTION('ref_axis',(1.,0.,0.));
#2580=DIRECTION('center_axis',(-1.,0.,0.));
#2581=DIRECTION('ref_axis',(0.,0.,1.));
#2582=DIRECTION('',(0.,0.,1.));
#2583=DIRECTION('',(0.,0.,1.));
#2584=DIRECTION('',(0.,1.,0.));
#2585=DIRECTION('center_axis',(0.,1.,0.));
#2586=DIRECTION('ref_axis',(1.,0.,0.));
#2587=DIRECTION('',(1.,0.,0.));
#2588=DIRECTION('',(0.,0.,1.));
#2589=DIRECTION('',(-1.,0.,0.));
#2590=DIRECTION('',(0.,0.,-1.));
#2591=DIRECTION('center_axis',(0.,1.,0.));
#2592=DIRECTION('ref_axis',(1.,0.,0.));
#2593=DIRECTION('',(-1.,0.,0.));
#2594=DIRECTION('center_axis',(0.,0.,-1.));
#2595=DIRECTION('ref_axis',(-1.,0.,0.));
#2596=DIRECTION('center_axis',(0.,1.,0.));
#2597=DIRECTION('ref_axis',(1.,0.,0.));
#2598=DIRECTION('center_axis',(0.,-1.,0.));
#2599=DIRECTION('ref_axis',(1.,0.,0.));
#2600=DIRECTION('',(0.,1.,0.));
#2601=DIRECTION('center_axis',(1.,0.,0.));
#2602=DIRECTION('ref_axis',(0.,0.,-1.));
#2603=DIRECTION('',(0.,0.,1.));
#2604=DIRECTION('center_axis',(0.,0.,1.));
#2605=DIRECTION('ref_axis',(1.,0.,0.));
#2606=DIRECTION('',(1.,0.,0.));
#2607=DIRECTION('',(1.,0.,0.));
#2608=DIRECTION('center_axis',(0.408248290463862,-0.816496580927725,0.408248290463866));
#2609=DIRECTION('ref_axis',(-0.577350269189622,-0.577350269189627,-0.577350269189628));
#2610=DIRECTION('center_axis',(0.,-1.,0.));
#2611=DIRECTION('ref_axis',(0.,0.,-1.));
#2612=DIRECTION('center_axis',(-1.,0.,0.));
#2613=DIRECTION('ref_axis',(0.,-1.,0.));
#2614=DIRECTION('center_axis',(0.,0.,-1.));
#2615=DIRECTION('ref_axis',(-1.,0.,0.));
#2616=DIRECTION('center_axis',(-0.40824829046386,-0.816496580927727,0.408248290463865));
#2617=DIRECTION('ref_axis',(0.577350269189623,-0.577350269189625,-0.57735026918963));
#2618=DIRECTION('center_axis',(0.,-1.,0.));
#2619=DIRECTION('ref_axis',(1.,0.,0.));
#2620=DIRECTION('center_axis',(0.,0.,-1.));
#2621=DIRECTION('ref_axis',(0.,-1.,0.));
#2622=DIRECTION('center_axis',(1.,0.,0.));
#2623=DIRECTION('ref_axis',(0.,0.,-1.));
#2624=DIRECTION('center_axis',(-0.408248290463862,-0.408248290463861,-0.816496580927728));
#2625=DIRECTION('ref_axis',(-0.577350269189627,-0.577350269189626,0.577350269189624));
#2626=DIRECTION('center_axis',(0.,0.,1.));
#2627=DIRECTION('ref_axis',(0.,-1.,0.));
#2628=DIRECTION('center_axis',(-1.,0.,0.));
#2629=DIRECTION('ref_axis',(0.,0.,1.));
#2630=DIRECTION('center_axis',(0.,-1.,0.));
#2631=DIRECTION('ref_axis',(-1.,0.,0.));
#2632=DIRECTION('center_axis',(-0.81649658092773,-0.408248290463861,0.408248290463858));
#2633=DIRECTION('ref_axis',(0.577350269189624,-0.577350269189629,0.577350269189624));
#2634=DIRECTION('center_axis',(0.,-1.,0.));
#2635=DIRECTION('ref_axis',(0.,0.,1.));
#2636=DIRECTION('center_axis',(1.,0.,0.));
#2637=DIRECTION('ref_axis',(0.,-1.,0.));
#2638=DIRECTION('center_axis',(0.,0.,1.));
#2639=DIRECTION('ref_axis',(1.,0.,0.));
#2640=DIRECTION('center_axis',(-1.,0.,0.));
#2641=DIRECTION('ref_axis',(0.,-0.707106781186549,0.707106781186546));
#2642=DIRECTION('',(-1.,0.,0.));
#2643=DIRECTION('center_axis',(0.,0.,1.));
#2644=DIRECTION('ref_axis',(0.707106781186546,-0.707106781186549,0.));
#2645=DIRECTION('',(0.,0.,1.));
#2646=DIRECTION('center_axis',(0.,1.,0.));
#2647=DIRECTION('ref_axis',(0.707106781186548,0.,0.707106781186548));
#2648=DIRECTION('',(0.,-1.,0.));
#2649=DIRECTION('',(0.,1.,0.));
#2650=DIRECTION('center_axis',(0.,1.,0.));
#2651=DIRECTION('ref_axis',(-0.707106781186549,0.,0.707106781186546));
#2652=DIRECTION('',(0.,-1.,0.));
#2653=DIRECTION('',(0.,1.,0.));
#2654=DIRECTION('center_axis',(0.,0.,-1.));
#2655=DIRECTION('ref_axis',(-0.707106781186548,-0.707106781186547,0.));
#2656=DIRECTION('',(0.,0.,-1.));
#2657=DIRECTION('center_axis',(1.,0.,0.));
#2658=DIRECTION('ref_axis',(0.,-0.707106781186547,-0.707106781186548));
#2659=DIRECTION('',(1.,0.,0.));
#2660=DIRECTION('center_axis',(0.,1.,0.));
#2661=DIRECTION('ref_axis',(0.707106781186546,0.,-0.707106781186549));
#2662=DIRECTION('',(0.,-1.,0.));
#2663=DIRECTION('',(0.,1.,0.));
#2664=DIRECTION('center_axis',(0.,1.,0.));
#2665=DIRECTION('ref_axis',(-0.707106781186548,0.,-0.707106781186547));
#2666=DIRECTION('',(0.,-1.,0.));
#2667=DIRECTION('',(0.,1.,0.));
#2668=DIRECTION('center_axis',(1.,0.,0.));
#2669=DIRECTION('ref_axis',(0.,0.,-1.));
#2670=DIRECTION('center_axis',(0.,0.,-1.));
#2671=DIRECTION('ref_axis',(-1.,0.,0.));
#2672=DIRECTION('center_axis',(0.,1.,0.));
#2673=DIRECTION('ref_axis',(0.,0.,1.));
#2674=DIRECTION('',(-1.,0.,0.));
#2675=DIRECTION('',(0.,0.,1.));
#2676=DIRECTION('center_axis',(0.,1.,0.));
#2677=DIRECTION('ref_axis',(0.,0.,1.));
#2678=DIRECTION('',(0.,0.,1.));
#2679=DIRECTION('',(1.,0.,0.));
#2680=DIRECTION('center_axis',(-1.,0.,0.));
#2681=DIRECTION('ref_axis',(0.,0.,1.));
#2682=DIRECTION('center_axis',(0.,0.,1.));
#2683=DIRECTION('ref_axis',(1.,0.,0.));
#2684=DIRECTION('center_axis',(0.,0.,1.));
#2685=DIRECTION('ref_axis',(1.,0.,0.));
#2686=DIRECTION('',(1.,0.,0.));
#2687=DIRECTION('',(0.,1.,0.));
#2688=DIRECTION('center_axis',(0.,1.,0.));
#2689=DIRECTION('ref_axis',(0.,0.,1.));
#2690=DIRECTION('center_axis',(0.,0.,-1.));
#2691=DIRECTION('ref_axis',(-1.,0.,0.));
#2692=DIRECTION('',(0.,1.,0.));
#2693=DIRECTION('',(-1.,0.,0.));
#2694=DIRECTION('',(0.,1.,0.));
#2695=DIRECTION('center_axis',(1.,0.,0.));
#2696=DIRECTION('ref_axis',(0.,0.,-1.));
#2697=DIRECTION('',(0.,0.,-1.));
#2698=DIRECTION('',(0.,1.,0.));
#2699=DIRECTION('center_axis',(0.,0.,1.));
#2700=DIRECTION('ref_axis',(1.,0.,0.));
#2701=DIRECTION('',(1.,0.,0.));
#2702=DIRECTION('center_axis',(0.,1.,0.));
#2703=DIRECTION('ref_axis',(0.,0.,1.));
#2704=DIRECTION('center_axis',(-1.,0.,0.));
#2705=DIRECTION('ref_axis',(0.,0.,1.));
#2706=DIRECTION('',(0.,0.,1.));
#2707=DIRECTION('center_axis',(0.,1.,0.));
#2708=DIRECTION('ref_axis',(0.,0.,1.));
#2709=DIRECTION('center_axis',(0.,1.,0.));
#2710=DIRECTION('ref_axis',(1.,0.,0.));
#2711=DIRECTION('center_axis',(1.,0.,0.));
#2712=DIRECTION('ref_axis',(0.,-1.,0.));
#2713=DIRECTION('',(0.,-1.,0.));
#2714=DIRECTION('',(0.,0.,-1.));
#2715=DIRECTION('',(0.,-1.,0.));
#2716=DIRECTION('',(0.,0.,-1.));
#2717=DIRECTION('center_axis',(0.,1.,0.));
#2718=DIRECTION('ref_axis',(1.,0.,0.));
#2719=DIRECTION('',(1.,0.,0.));
#2720=DIRECTION('',(1.,0.,0.));
#2721=DIRECTION('',(0.,0.,-1.));
#2722=DIRECTION('center_axis',(-1.,0.,0.));
#2723=DIRECTION('ref_axis',(0.,1.,0.));
#2724=DIRECTION('',(0.,1.,0.));
#2725=DIRECTION('',(0.,1.,0.));
#2726=DIRECTION('',(0.,0.,-1.));
#2727=DIRECTION('center_axis',(0.,-1.,0.));
#2728=DIRECTION('ref_axis',(-1.,0.,0.));
#2729=DIRECTION('',(-1.,0.,0.));
#2730=DIRECTION('',(-1.,0.,0.));
#2731=DIRECTION('center_axis',(0.,0.,1.));
#2732=DIRECTION('ref_axis',(1.,0.,0.));
#2733=DIRECTION('center_axis',(0.,0.,-1.));
#2734=DIRECTION('ref_axis',(-1.,0.,0.));
#2735=CARTESIAN_POINT('',(0.,0.,0.));
#2736=CARTESIAN_POINT('Origin',(20.9999995306134,4.29999990388751,53.0000007897615));
#2737=CARTESIAN_POINT('',(22.9999995306134,4.29999990388751,49.0000000149012));
#2738=CARTESIAN_POINT('',(20.9999995306134,4.29999990388751,49.0000000149012));
#2739=CARTESIAN_POINT('',(42.9999997727573,4.29999990388751,49.0000000149012));
#2740=CARTESIAN_POINT('',(22.9999995306134,4.29999990388751,53.0000007897615));
#2741=CARTESIAN_POINT('',(22.9999995306134,4.29999990388751,53.0000007897615));
#2742=CARTESIAN_POINT('',(20.9999995306134,4.29999990388751,53.0000007897615));
#2743=CARTESIAN_POINT('',(9.49999975040555,4.29999990388751,53.0000007897615));
#2744=CARTESIAN_POINT('',(20.9999995306134,4.29999990388751,53.0000007897615));
#2745=CARTESIAN_POINT('Origin',(20.9999995306134,2.29999990388751,53.0000007897615));
#2746=CARTESIAN_POINT('',(20.9999995306134,3.,49.0000000149012));
#2747=CARTESIAN_POINT('',(20.9999995306134,1.14999995194376,49.0000000149012));
#2748=CARTESIAN_POINT('',(20.9999995306134,2.29999990388751,53.0000007897615));
#2749=CARTESIAN_POINT('',(20.9999995306134,1.14999995194376,53.0000007897615));
#2750=CARTESIAN_POINT('',(20.9999995306134,2.29999990388751,48.8266498803301));
#2751=CARTESIAN_POINT('',(20.9999995306134,2.29999990388751,53.0000007897615));
#2752=CARTESIAN_POINT('Origin',(20.9999995306134,3.,47.5000000149012));
#2753=CARTESIAN_POINT('Origin',(22.9999995306134,4.29999990388751,53.0000007897615));
#2754=CARTESIAN_POINT('',(22.9999995306134,3.,49.0000000149012));
#2755=CARTESIAN_POINT('',(22.9999995306134,2.14999995194376,49.0000000149012));
#2756=CARTESIAN_POINT('',(22.9999995306134,2.29999990388751,48.8266498803301));
#2757=CARTESIAN_POINT('Origin',(22.9999995306134,3.,47.5000000149012));
#2758=CARTESIAN_POINT('',(22.9999995306134,2.29999990388751,53.0000007897615));
#2759=CARTESIAN_POINT('',(22.9999995306134,2.29999990388751,53.0000007897615));
#2760=CARTESIAN_POINT('',(22.9999995306134,2.14999995194376,53.0000007897615));
#2761=CARTESIAN_POINT('Origin',(22.9999995306134,2.29999990388751,53.0000007897615));
#2762=CARTESIAN_POINT('',(49.0000000149012,2.29999990388751,48.8266498803301));
#2763=CARTESIAN_POINT('',(10.4999997504056,2.29999990388751,53.0000007897615));
#2764=CARTESIAN_POINT('Origin',(65.0000000149012,0.,49.0000000149012));
#2765=CARTESIAN_POINT('',(6.50000005215406,3.,49.0000000149012));
#2766=CARTESIAN_POINT('',(49.0000000149012,3.,49.0000000149012));
#2767=CARTESIAN_POINT('',(6.50000005215406,4.5,49.0000000149012));
#2768=CARTESIAN_POINT('',(6.50000005215406,0.,49.0000000149012));
#2769=CARTESIAN_POINT('',(1.00000001490116,4.5,49.0000000149012));
#2770=CARTESIAN_POINT('',(34.0000000242144,4.5,49.0000000149012));
#2771=CARTESIAN_POINT('',(1.00000001490116,8.5,49.0000000149012));
#2772=CARTESIAN_POINT('',(1.00000001490116,0.,49.0000000149012));
#2773=CARTESIAN_POINT('',(5.00000005215406,8.5,49.0000000149012));
#2774=CARTESIAN_POINT('',(65.0000000149012,8.5,49.0000000149012));
#2775=CARTESIAN_POINT('',(5.00000005215406,7.5,49.0000000149012));
#2776=CARTESIAN_POINT('',(5.00000005215406,0.,49.0000000149012));
#2777=CARTESIAN_POINT('',(6.50000005215406,6.,49.0000000149012));
#2778=CARTESIAN_POINT('Origin',(6.50000005215406,7.5,49.0000000149012));
#2779=CARTESIAN_POINT('',(8.00000011920929,6.,49.0000000149012));
#2780=CARTESIAN_POINT('',(65.0000000149012,6.,49.0000000149012));
#2781=CARTESIAN_POINT('',(9.50000011920929,4.5,49.0000000149012));
#2782=CARTESIAN_POINT('Origin',(9.50000011920929,6.,49.0000000149012));
#2783=CARTESIAN_POINT('',(17.5000002831221,4.5,49.0000000149012));
#2784=CARTESIAN_POINT('',(65.0000000149012,4.5,49.0000000149012));
#2785=CARTESIAN_POINT('',(19.0000002831221,6.,49.0000000149012));
#2786=CARTESIAN_POINT('Origin',(17.5000002831221,6.,49.0000000149012));
#2787=CARTESIAN_POINT('',(65.0000000149012,6.,49.0000000149012));
#2788=CARTESIAN_POINT('',(65.0000000149012,6.,49.0000000149012));
#2789=CARTESIAN_POINT('',(65.0000000149012,4.5,49.0000000149012));
#2790=CARTESIAN_POINT('',(65.0000000149012,0.,49.0000000149012));
#2791=CARTESIAN_POINT('',(57.5000009313226,4.5,49.0000000149012));
#2792=CARTESIAN_POINT('',(63.5000002440065,4.5,49.0000000149012));
#2793=CARTESIAN_POINT('',(57.5000009313226,3.,49.0000000149012));
#2794=CARTESIAN_POINT('',(57.5000009313226,0.,49.0000000149012));
#2795=CARTESIAN_POINT('',(49.0000000149012,3.,49.0000000149012));
#2796=CARTESIAN_POINT('Origin',(62.5000009313226,1.,3.50000005215406));
#2797=CARTESIAN_POINT('',(60.0000009313226,0.,3.50000005215406));
#2798=CARTESIAN_POINT('Origin',(62.5000009313226,0.,3.50000005215406));
#2799=CARTESIAN_POINT('',(61.0000009313226,2.,3.50000005215406));
#2800=CARTESIAN_POINT('',(60.5000009313226,1.,3.50000005215406));
#2801=CARTESIAN_POINT('Origin',(62.5000009313226,2.,3.50000005215406));
#2802=CARTESIAN_POINT('Origin',(62.5000009313226,1.,46.500000692904));
#2803=CARTESIAN_POINT('',(60.0000009313226,0.,46.500000692904));
#2804=CARTESIAN_POINT('Origin',(62.5000009313226,0.,46.500000692904));
#2805=CARTESIAN_POINT('',(61.0000009313226,2.,46.500000692904));
#2806=CARTESIAN_POINT('',(60.5000009313226,1.,46.500000692904));
#2807=CARTESIAN_POINT('Origin',(62.5000009313226,2.,46.500000692904));
#2808=CARTESIAN_POINT('Origin',(17.5000002831221,6.,26.0000000242144));
#2809=CARTESIAN_POINT('',(17.5000002831221,4.5,50.0000007451));
#2810=CARTESIAN_POINT('',(17.5000002831221,4.5,26.0000000242144));
#2811=CARTESIAN_POINT('',(19.0000002831221,6.,50.0000007451));
#2812=CARTESIAN_POINT('Origin',(17.5000002831221,6.,50.0000007451));
#2813=CARTESIAN_POINT('',(19.0000002831221,6.,49.0000000149012));
#2814=CARTESIAN_POINT('Origin',(3.00000003352761,4.5,3.00000003352761));
#2815=CARTESIAN_POINT('',(68.000001013279,4.5,52.0000007897615));
#2816=CARTESIAN_POINT('',(67.000001013279,4.5,53.0000007897615));
#2817=CARTESIAN_POINT('Origin',(67.000001013279,4.5,52.0000007897615));
#2818=CARTESIAN_POINT('',(68.000001013279,4.5,-1.00000002980232));
#2819=CARTESIAN_POINT('',(68.000001013279,4.5,-2.00000002980232));
#2820=CARTESIAN_POINT('',(67.000001013279,4.5,-2.00000002980232));
#2821=CARTESIAN_POINT('Origin',(67.000001013279,4.5,-1.00000002980232));
#2822=CARTESIAN_POINT('',(-1.00000002980232,4.5,-2.00000002980232));
#2823=CARTESIAN_POINT('',(-2.00000002980232,4.5,-2.00000002980232));
#2824=CARTESIAN_POINT('',(-2.00000002980232,4.5,-1.00000002980233));
#2825=CARTESIAN_POINT('Origin',(-1.00000002980232,4.5,-1.00000002980232));
#2826=CARTESIAN_POINT('',(-2.00000002980232,4.5,52.0000007897615));
#2827=CARTESIAN_POINT('',(-2.00000002980232,4.5,53.0000007897615));
#2828=CARTESIAN_POINT('',(-1.00000002980233,4.5,53.0000007897615));
#2829=CARTESIAN_POINT('Origin',(-1.00000002980232,4.5,52.0000007897615));
#2830=CARTESIAN_POINT('',(68.000001013279,4.5,53.0000007897615));
#2831=CARTESIAN_POINT('',(4.50000005215406,4.5,3.50000005215406));
#2832=CARTESIAN_POINT('Origin',(3.50000005215406,4.5,3.50000005215406));
#2833=CARTESIAN_POINT('',(4.50000005215407,4.5,46.500000692904));
#2834=CARTESIAN_POINT('Origin',(3.50000005215406,4.5,46.500000692904));
#2835=CARTESIAN_POINT('',(66.0000009834766,4.5,50.0000007451));
#2836=CARTESIAN_POINT('',(26.0000003874302,4.5,50.0000007451));
#2837=CARTESIAN_POINT('',(9.50000011920929,4.5,50.0000007451));
#2838=CARTESIAN_POINT('',(9.50000011920929,4.5,26.5000003893138));
#2839=CARTESIAN_POINT('',(0.,4.5,50.0000007451));
#2840=CARTESIAN_POINT('',(19.0000002719462,4.5,50.0000007451));
#2841=CARTESIAN_POINT('',(0.,4.5,48.7499998956593));
#2842=CARTESIAN_POINT('',(0.,4.5,50.0000007451));
#2843=CARTESIAN_POINT('',(1.00000001490116,4.5,48.7499998956593));
#2844=CARTESIAN_POINT('',(0.,4.5,48.7499998956593));
#2845=CARTESIAN_POINT('',(1.00000001490116,4.5,46.0000005234033));
#2846=CARTESIAN_POINT('',(5.00000005215406,4.5,47.5000000149012));
#2847=CARTESIAN_POINT('Origin',(6.50000005215406,4.5,47.5000000149012));
#2848=CARTESIAN_POINT('',(5.00000005215406,4.5,46.5000000521541));
#2849=CARTESIAN_POINT('',(5.00000005215406,4.5,46.5000000521541));
#2850=CARTESIAN_POINT('',(3.50000005215406,4.5,45.000000692904));
#2851=CARTESIAN_POINT('Origin',(3.50000005215406,4.5,46.500000692904));
#2852=CARTESIAN_POINT('',(2.50000001490116,4.5,45.000000692904));
#2853=CARTESIAN_POINT('',(3.50000005215406,4.5,45.000000692904));
#2854=CARTESIAN_POINT('',(1.00000001490116,4.5,43.500000692904));
#2855=CARTESIAN_POINT('Origin',(2.50000001490116,4.5,43.500000692904));
#2856=CARTESIAN_POINT('',(1.00000001490116,4.5,46.2500000372529));
#2857=CARTESIAN_POINT('',(1.00000001490116,4.5,46.0000005234033));
#2858=CARTESIAN_POINT('',(0.,4.5,46.2500000372529));
#2859=CARTESIAN_POINT('',(0.,4.5,46.2500000372529));
#2860=CARTESIAN_POINT('',(0.,4.5,3.74999989565932));
#2861=CARTESIAN_POINT('',(0.,4.5,50.0000007451));
#2862=CARTESIAN_POINT('',(1.00000001490116,4.5,3.74999989565932));
#2863=CARTESIAN_POINT('',(0.,4.5,3.74999989565932));
#2864=CARTESIAN_POINT('',(1.00000001490116,4.5,6.50000005215407));
#2865=CARTESIAN_POINT('',(1.00000001490116,4.5,24.0000003632158));
#2866=CARTESIAN_POINT('',(2.50000001490116,4.5,5.00000005215406));
#2867=CARTESIAN_POINT('Origin',(2.50000001490116,4.5,6.50000005215407));
#2868=CARTESIAN_POINT('',(3.50000005215406,4.5,5.00000005215406));
#2869=CARTESIAN_POINT('',(3.50000005215406,4.5,5.00000005215406));
#2870=CARTESIAN_POINT('',(5.00000005215406,4.5,3.50000005215406));
#2871=CARTESIAN_POINT('Origin',(3.50000005215406,4.5,3.50000005215406));
#2872=CARTESIAN_POINT('',(5.00000005215406,4.5,2.50000001490116));
#2873=CARTESIAN_POINT('',(5.00000005215406,4.5,3.50000005215406));
#2874=CARTESIAN_POINT('',(6.50000005215406,4.5,1.00000001490116));
#2875=CARTESIAN_POINT('Origin',(6.50000005215406,4.5,2.50000001490116));
#2876=CARTESIAN_POINT('',(1.00000001490116,4.5,1.00000001490116));
#2877=CARTESIAN_POINT('',(4.00000004284084,4.5,1.00000001490116));
#2878=CARTESIAN_POINT('',(1.00000001490116,4.5,1.2500000372529));
#2879=CARTESIAN_POINT('',(1.00000001490116,4.5,24.0000003632158));
#2880=CARTESIAN_POINT('',(0.,4.5,1.2500000372529));
#2881=CARTESIAN_POINT('',(0.,4.5,1.2500000372529));
#2882=CARTESIAN_POINT('',(0.,4.5,0.));
#2883=CARTESIAN_POINT('',(0.,4.5,50.0000007451));
#2884=CARTESIAN_POINT('',(66.0000009834766,4.5,0.));
#2885=CARTESIAN_POINT('',(0.,4.5,0.));
#2886=CARTESIAN_POINT('',(66.0000009834766,4.5,37.7500005625398));
#2887=CARTESIAN_POINT('Origin',(9.50000011920929,6.,26.5000003893138));
#2888=CARTESIAN_POINT('',(8.00000011920929,6.,50.0000007451));
#2889=CARTESIAN_POINT('Origin',(9.50000011920929,6.,50.0000007451));
#2890=CARTESIAN_POINT('',(8.00000011920929,6.,50.0000007451));
#2891=CARTESIAN_POINT('Origin',(2.50000001490116,0.,6.50000005215407));
#2892=CARTESIAN_POINT('',(2.50000001490116,1.5,5.00000005215406));
#2893=CARTESIAN_POINT('',(2.50000001490116,0.,5.00000005215407));
#2894=CARTESIAN_POINT('',(1.00000001490116,3.,6.50000005215407));
#2895=CARTESIAN_POINT('',(1.00000001490116,0.,6.50000005215407));
#2896=CARTESIAN_POINT('Origin',(2.50000001490116,3.,6.50000005215407));
#2897=CARTESIAN_POINT('Origin',(2.50000001490116,3.,43.500000692904));
#2898=CARTESIAN_POINT('',(2.50000001490116,1.5,43.500000692904));
#2899=CARTESIAN_POINT('',(2.50000001490116,3.,45.000000692904));
#2900=CARTESIAN_POINT('Origin',(2.50000001490116,3.,43.500000692904));
#2901=CARTESIAN_POINT('',(1.00000001490116,3.,43.500000692904));
#2902=CARTESIAN_POINT('Origin',(2.50000001490116,3.,43.500000692904));
#2903=CARTESIAN_POINT('Origin',(2.50000001490116,3.,43.500000692904));
#2904=CARTESIAN_POINT('Origin',(2.50000001490116,3.,35.0000003539026));
#2905=CARTESIAN_POINT('',(1.00000001490116,3.,35.0000003539026));
#2906=CARTESIAN_POINT('',(2.50000001490116,1.5,35.0000003539026));
#2907=CARTESIAN_POINT('Origin',(2.50000001490116,0.,43.500000692904));
#2908=CARTESIAN_POINT('',(2.50000001490116,0.,45.000000692904));
#2909=CARTESIAN_POINT('',(1.00000001490116,0.,43.500000692904));
#2910=CARTESIAN_POINT('Origin',(6.50000005215406,3.,47.5000000149012));
#2911=CARTESIAN_POINT('',(6.50000005215406,1.5,47.5000000149012));
#2912=CARTESIAN_POINT('Origin',(6.50000005215406,3.,47.5000000149012));
#2913=CARTESIAN_POINT('',(5.00000005215406,3.,47.5000000149012));
#2914=CARTESIAN_POINT('Origin',(6.50000005215406,3.,47.5000000149012));
#2915=CARTESIAN_POINT('Origin',(6.50000005215406,3.,47.5000000149012));
#2916=CARTESIAN_POINT('Origin',(18.2500000335276,3.,43.500000692904));
#2917=CARTESIAN_POINT('',(3.50000005215406,3.,45.000000692904));
#2918=CARTESIAN_POINT('',(3.50000005215406,1.5,43.500000692904));
#2919=CARTESIAN_POINT('Origin',(3.50000005215406,3.,43.500000692904));
#2920=CARTESIAN_POINT('',(18.2500000335276,1.5,43.500000692904));
#2921=CARTESIAN_POINT('',(18.2500000335276,3.,45.000000692904));
#2922=CARTESIAN_POINT('Origin',(3.50000005215406,3.,46.500000692904));
#2923=CARTESIAN_POINT('',(5.00000005215406,3.,46.5000000521541));
#2924=CARTESIAN_POINT('',(6.50000005215379,1.5,46.4999994114041));
#2925=CARTESIAN_POINT('Origin',(6.50000005215379,3.,46.4999994114041));
#2926=CARTESIAN_POINT('Origin',(3.50000005215406,1.5,46.500000692904));
#2927=CARTESIAN_POINT('Origin',(3.50000005215406,3.,46.500000692904));
#2928=CARTESIAN_POINT('Origin',(6.50000005215406,3.,37.0000000149012));
#2929=CARTESIAN_POINT('',(6.50000005215406,1.5,37.0000000149012));
#2930=CARTESIAN_POINT('',(5.00000005215406,3.,37.0000000149012));
#2931=CARTESIAN_POINT('Origin',(6.50000005215406,0.,47.5000000149012));
#2932=CARTESIAN_POINT('',(5.00000005215406,0.,47.5000000149012));
#2933=CARTESIAN_POINT('Origin',(57.5000009313226,3.,47.5000000149012));
#2934=CARTESIAN_POINT('',(57.5000009313226,1.5,47.5000000149012));
#2935=CARTESIAN_POINT('Origin',(57.5000009313226,3.,47.5000000149012));
#2936=CARTESIAN_POINT('',(59.0000009313226,3.,47.5000000149012));
#2937=CARTESIAN_POINT('Origin',(57.5000009313226,3.,47.5000000149012));
#2938=CARTESIAN_POINT('Origin',(57.5000009313226,3.,47.5000000149012));
#2939=CARTESIAN_POINT('Origin',(57.5000009313226,0.,47.5000000149012));
#2940=CARTESIAN_POINT('',(59.0000009313226,4.5,47.5000000149012));
#2941=CARTESIAN_POINT('Origin',(57.5000009313226,4.5,47.5000000149012));
#2942=CARTESIAN_POINT('',(59.0000009313226,0.,47.5000000149012));
#2943=CARTESIAN_POINT('Origin',(63.5000000149012,3.,41.500000692904));
#2944=CARTESIAN_POINT('',(63.5000000149012,3.,43.000000692904));
#2945=CARTESIAN_POINT('',(63.5000000149012,1.5,41.500000692904));
#2946=CARTESIAN_POINT('Origin',(63.5000000149012,3.,41.500000692904));
#2947=CARTESIAN_POINT('',(65.0000000149012,3.,41.500000692904));
#2948=CARTESIAN_POINT('Origin',(63.5000000149012,3.,41.500000692904));
#2949=CARTESIAN_POINT('Origin',(63.5000000149012,3.,41.500000692904));
#2950=CARTESIAN_POINT('Origin',(63.5000000149012,0.,41.500000692904));
#2951=CARTESIAN_POINT('',(63.5000000149012,4.5,43.000000692904));
#2952=CARTESIAN_POINT('',(65.0000000149012,4.5,41.500000692904));
#2953=CARTESIAN_POINT('Origin',(63.5000000149012,4.5,41.500000692904));
#2954=CARTESIAN_POINT('',(65.0000000149012,0.,41.500000692904));
#2955=CARTESIAN_POINT('',(63.5000000149012,0.,43.000000692904));
#2956=CARTESIAN_POINT('Origin',(63.5000000149012,3.,8.50000005215407));
#2957=CARTESIAN_POINT('',(65.0000000149012,3.,8.50000005215407));
#2958=CARTESIAN_POINT('',(63.5000000149012,1.5,8.50000005215407));
#2959=CARTESIAN_POINT('Origin',(63.5000000149012,3.,8.50000005215407));
#2960=CARTESIAN_POINT('',(63.5000000149012,3.,7.00000005215407));
#2961=CARTESIAN_POINT('Origin',(63.5000000149012,3.,8.50000005215407));
#2962=CARTESIAN_POINT('Origin',(63.5000000149012,3.,8.50000005215407));
#2963=CARTESIAN_POINT('Origin',(63.5000000149012,0.,8.50000005215407));
#2964=CARTESIAN_POINT('',(65.0000000149012,4.5,8.50000005215407));
#2965=CARTESIAN_POINT('',(63.5000000149012,4.5,7.00000005215407));
#2966=CARTESIAN_POINT('Origin',(63.5000000149012,4.5,8.50000005215407));
#2967=CARTESIAN_POINT('',(63.5000000149012,0.,7.00000005215407));
#2968=CARTESIAN_POINT('',(65.0000000149012,0.,8.50000005215407));
#2969=CARTESIAN_POINT('Origin',(57.5000009313226,3.,2.50000001490116));
#2970=CARTESIAN_POINT('',(59.0000009313226,3.,2.50000001490116));
#2971=CARTESIAN_POINT('',(57.5000009313226,1.5,2.50000001490116));
#2972=CARTESIAN_POINT('Origin',(57.5000009313226,3.,2.50000001490116));
#2973=CARTESIAN_POINT('',(57.5000009313226,3.,1.00000001490116));
#2974=CARTESIAN_POINT('Origin',(57.5000009313226,3.,2.50000001490116));
#2975=CARTESIAN_POINT('Origin',(57.5000009313226,3.,2.50000001490116));
#2976=CARTESIAN_POINT('Origin',(57.5000009313226,0.,2.50000001490116));
#2977=CARTESIAN_POINT('',(59.0000009313226,4.5,2.50000001490116));
#2978=CARTESIAN_POINT('',(57.5000009313226,4.5,1.00000001490116));
#2979=CARTESIAN_POINT('Origin',(57.5000009313226,4.5,2.50000001490116));
#2980=CARTESIAN_POINT('',(57.5000009313226,0.,1.00000001490116));
#2981=CARTESIAN_POINT('',(59.0000009313226,0.,2.50000001490116));
#2982=CARTESIAN_POINT('Origin',(19.0000000335276,3.,2.50000001490116));
#2983=CARTESIAN_POINT('',(5.00000005215406,1.5,2.50000001490116));
#2984=CARTESIAN_POINT('',(19.0000000335276,1.5,2.50000001490116));
#2985=CARTESIAN_POINT('',(6.50000005215406,3.,1.00000001490116));
#2986=CARTESIAN_POINT('',(19.0000000335276,3.,1.00000001490116));
#2987=CARTESIAN_POINT('Origin',(6.50000005215406,3.,2.50000001490116));
#2988=CARTESIAN_POINT('Origin',(47.7500004731119,3.,8.50000005215404));
#2989=CARTESIAN_POINT('',(62.5000009313226,3.,7.00000005215406));
#2990=CARTESIAN_POINT('',(62.5000009313226,1.5,8.50000005215406));
#2991=CARTESIAN_POINT('Origin',(62.5000009313226,3.,8.50000005215406));
#2992=CARTESIAN_POINT('',(47.7500004731119,1.5,8.50000005215404));
#2993=CARTESIAN_POINT('',(47.7500004731119,3.,7.00000005215404));
#2994=CARTESIAN_POINT('Origin',(62.5000009313226,3.,3.50000005215406));
#2995=CARTESIAN_POINT('',(59.0000009313226,3.,3.50000005215408));
#2996=CARTESIAN_POINT('',(57.5000009313226,1.5,3.50000005215409));
#2997=CARTESIAN_POINT('Origin',(57.5000009313226,3.,3.50000005215409));
#2998=CARTESIAN_POINT('Origin',(62.5000009313226,1.5,3.50000005215406));
#2999=CARTESIAN_POINT('Origin',(62.5000009313226,3.,3.50000005215406));
#3000=CARTESIAN_POINT('Origin',(57.5000009313226,3.,13.0000000149012));
#3001=CARTESIAN_POINT('',(57.5000009313226,1.5,13.0000000149012));
#3002=CARTESIAN_POINT('',(59.0000009313226,3.,13.0000000149012));
#3003=CARTESIAN_POINT('Origin',(6.50000005215406,0.,2.50000001490116));
#3004=CARTESIAN_POINT('',(6.50000005215406,0.,1.00000001490116));
#3005=CARTESIAN_POINT('',(5.00000005215406,0.,2.50000001490116));
#3006=CARTESIAN_POINT('Origin',(63.5000000149012,3.,13.0000000149012));
#3007=CARTESIAN_POINT('',(63.5000000149012,1.5,13.0000000149012));
#3008=CARTESIAN_POINT('',(65.0000000149012,3.,13.0000000149012));
#3009=CARTESIAN_POINT('Origin',(57.5000009313226,3.,35.7500003539026));
#3010=CARTESIAN_POINT('',(59.0000009313226,3.,46.500000692904));
#3011=CARTESIAN_POINT('',(57.5000009313226,1.5,46.500000692904));
#3012=CARTESIAN_POINT('Origin',(57.5000009313226,3.,46.500000692904));
#3013=CARTESIAN_POINT('',(57.5000009313226,1.5,35.7500003539026));
#3014=CARTESIAN_POINT('',(59.0000009313226,3.,35.7500003539026));
#3015=CARTESIAN_POINT('Origin',(62.5000009313226,3.,46.500000692904));
#3016=CARTESIAN_POINT('',(62.5000009313226,3.,43.000000692904));
#3017=CARTESIAN_POINT('',(62.5000009313226,1.5,41.500000692904));
#3018=CARTESIAN_POINT('Origin',(62.5000009313226,3.,41.500000692904));
#3019=CARTESIAN_POINT('Origin',(62.5000009313226,1.5,46.500000692904));
#3020=CARTESIAN_POINT('Origin',(62.5000009313226,3.,46.500000692904));
#3021=CARTESIAN_POINT('Origin',(49.0000000149012,3.,41.500000692904));
#3022=CARTESIAN_POINT('',(49.0000000149012,1.5,41.500000692904));
#3023=CARTESIAN_POINT('',(49.0000000149012,3.,43.000000692904));
#3024=CARTESIAN_POINT('Origin',(49.0000000149012,3.,47.5000000149012));
#3025=CARTESIAN_POINT('',(49.0000000149012,1.5,47.5000000149012));
#3026=CARTESIAN_POINT('Origin',(62.5000009313226,0.,46.500000692904));
#3027=CARTESIAN_POINT('',(59.0000009313226,4.5,46.500000692904));
#3028=CARTESIAN_POINT('',(59.0000009313226,0.,46.500000692904));
#3029=CARTESIAN_POINT('',(62.5000009313226,4.5,43.000000692904));
#3030=CARTESIAN_POINT('Origin',(62.5000009313226,4.5,46.500000692904));
#3031=CARTESIAN_POINT('',(62.5000009313226,0.,43.000000692904));
#3032=CARTESIAN_POINT('Origin',(59.0000009313226,0.,46.500000692904));
#3033=CARTESIAN_POINT('',(59.0000009313226,4.5,46.500000692904));
#3034=CARTESIAN_POINT('Origin',(5.00000005215406,0.,49.0000000149012));
#3035=CARTESIAN_POINT('',(5.00000005215406,0.,46.5000000521541));
#3036=CARTESIAN_POINT('Origin',(3.50000005215406,0.,46.500000692904));
#3037=CARTESIAN_POINT('',(3.50000005215406,0.,45.000000692904));
#3038=CARTESIAN_POINT('Origin',(3.50000005215406,0.,45.000000692904));
#3039=CARTESIAN_POINT('Origin',(1.00000001490116,0.,45.000000692904));
#3040=CARTESIAN_POINT('',(1.00000001490116,5.79999975236525,3.74999998124719));
#3041=CARTESIAN_POINT('',(1.00000001490116,2.90000123406728,3.74999979032048));
#3042=CARTESIAN_POINT('',(1.00000001490116,5.7999998703599,1.24999999068677));
#3043=CARTESIAN_POINT('Origin',(1.00000001490116,5.7999998703599,2.49999994412065));
#3044=CARTESIAN_POINT('',(1.00000001490116,2.24999921643525,1.25000011784816));
#3045=CARTESIAN_POINT('',(1.00000001490116,8.5,1.00000001490116));
#3046=CARTESIAN_POINT('',(1.00000001490116,0.,1.00000001490116));
#3047=CARTESIAN_POINT('',(1.00000001490116,8.5,5.00000005215407));
#3048=CARTESIAN_POINT('',(1.00000001490116,8.5,49.0000000149012));
#3049=CARTESIAN_POINT('',(1.00000001490116,7.5,5.00000005215407));
#3050=CARTESIAN_POINT('',(1.00000001490116,0.,5.00000005215407));
#3051=CARTESIAN_POINT('',(1.00000001490116,6.,6.50000005215406));
#3052=CARTESIAN_POINT('Origin',(1.00000001490116,7.5,6.50000005215407));
#3053=CARTESIAN_POINT('',(1.00000001490116,6.,43.500000692904));
#3054=CARTESIAN_POINT('',(1.00000001490116,6.,49.0000000149012));
#3055=CARTESIAN_POINT('',(1.00000001490116,7.5,45.000000692904));
#3056=CARTESIAN_POINT('Origin',(1.00000001490116,7.5,43.500000692904));
#3057=CARTESIAN_POINT('',(1.00000001490116,8.5,45.000000692904));
#3058=CARTESIAN_POINT('',(1.00000001490116,0.,45.000000692904));
#3059=CARTESIAN_POINT('',(1.00000001490116,8.5,49.0000000149012));
#3060=CARTESIAN_POINT('',(1.00000001490116,5.79999978806386,48.7499999441206));
#3061=CARTESIAN_POINT('',(1.00000001490116,2.89999979736186,48.7499998131675));
#3062=CARTESIAN_POINT('',(1.00000001490116,5.79999982558477,46.2499999441206));
#3063=CARTESIAN_POINT('Origin',(1.00000001490116,5.7999998703599,47.4999999441206));
#3064=CARTESIAN_POINT('',(1.00000001490116,2.25000003358133,46.2500001581457));
#3065=CARTESIAN_POINT('Origin',(1.00000001490116,0.,5.00000005215407));
#3066=CARTESIAN_POINT('',(3.50000005215406,1.5,5.00000005215406));
#3067=CARTESIAN_POINT('',(3.50000005215406,1.5,5.00000005215406));
#3068=CARTESIAN_POINT('',(3.50000005215406,0.,5.00000005215406));
#3069=CARTESIAN_POINT('Origin',(0.25000000372529,7.5,6.50000005215407));
#3070=CARTESIAN_POINT('',(0.,7.5,5.00000005215407));
#3071=CARTESIAN_POINT('',(0.25000000372529,7.5,5.00000005215407));
#3072=CARTESIAN_POINT('',(0.,6.,6.50000005215406));
#3073=CARTESIAN_POINT('Origin',(0.,7.5,6.50000005215407));
#3074=CARTESIAN_POINT('',(0.25000000372529,6.,6.50000005215407));
#3075=CARTESIAN_POINT('Origin',(0.,0.,5.00000005215407));
#3076=CARTESIAN_POINT('',(0.,8.5,5.00000005215407));
#3077=CARTESIAN_POINT('',(1.00000001490116,8.5,5.00000005215407));
#3078=CARTESIAN_POINT('',(0.,0.,5.00000005215407));
#3079=CARTESIAN_POINT('Origin',(6.50000005215406,7.5,13.0000001937256));
#3080=CARTESIAN_POINT('',(6.50000005215406,6.,0.));
#3081=CARTESIAN_POINT('',(5.00000005215406,7.5,0.));
#3082=CARTESIAN_POINT('Origin',(6.50000005215406,7.5,0.));
#3083=CARTESIAN_POINT('',(5.00000005215406,7.5,1.00000001490116));
#3084=CARTESIAN_POINT('',(5.00000005215406,7.5,13.0000001937256));
#3085=CARTESIAN_POINT('',(6.50000005215406,6.,1.00000001490116));
#3086=CARTESIAN_POINT('Origin',(6.50000005215406,7.5,1.00000001490116));
#3087=CARTESIAN_POINT('',(6.50000005215406,6.,13.0000001937256));
#3088=CARTESIAN_POINT('Origin',(5.00000005215406,0.,1.00000001490116));
#3089=CARTESIAN_POINT('',(5.00000005215406,8.5,0.));
#3090=CARTESIAN_POINT('',(5.00000005215406,0.,0.));
#3091=CARTESIAN_POINT('',(5.00000005215406,8.5,1.00000001490116));
#3092=CARTESIAN_POINT('',(5.00000005215406,8.5,1.00000001490116));
#3093=CARTESIAN_POINT('',(5.00000005215406,0.,1.00000001490116));
#3094=CARTESIAN_POINT('Origin',(0.750000011175871,7.5,43.500000692904));
#3095=CARTESIAN_POINT('',(0.,6.,43.500000692904));
#3096=CARTESIAN_POINT('',(0.,7.5,45.000000692904));
#3097=CARTESIAN_POINT('Origin',(0.,7.5,43.500000692904));
#3098=CARTESIAN_POINT('',(0.750000011175871,7.5,45.000000692904));
#3099=CARTESIAN_POINT('',(0.750000011175871,6.,43.500000692904));
#3100=CARTESIAN_POINT('Origin',(1.00000001490116,0.,45.000000692904));
#3101=CARTESIAN_POINT('',(0.,8.5,45.000000692904));
#3102=CARTESIAN_POINT('',(0.,0.,45.000000692904));
#3103=CARTESIAN_POINT('',(1.00000001490116,8.5,45.000000692904));
#3104=CARTESIAN_POINT('Origin',(6.50000005215406,7.5,49.7500005625503));
#3105=CARTESIAN_POINT('',(5.00000005215406,7.5,50.0000007451));
#3106=CARTESIAN_POINT('',(5.00000005215406,7.5,49.7500005625503));
#3107=CARTESIAN_POINT('',(6.50000005215406,6.,50.0000007451));
#3108=CARTESIAN_POINT('Origin',(6.50000005215406,7.5,50.0000007451));
#3109=CARTESIAN_POINT('',(6.50000005215406,6.,49.7500005625503));
#3110=CARTESIAN_POINT('Origin',(5.00000005215406,0.,50.0000007451));
#3111=CARTESIAN_POINT('',(5.00000005215406,8.5,50.0000007451));
#3112=CARTESIAN_POINT('',(5.00000005215406,8.5,49.0000000149012));
#3113=CARTESIAN_POINT('',(5.00000005215406,0.,50.0000007451));
#3114=CARTESIAN_POINT('Origin',(3.50000005215406,4.5,3.50000005215406));
#3115=CARTESIAN_POINT('',(4.50000005215406,6.5,3.50000005215406));
#3116=CARTESIAN_POINT('Origin',(3.50000005215406,6.5,3.50000005215406));
#3117=CARTESIAN_POINT('',(4.50000005215406,4.5,3.50000005215406));
#3118=CARTESIAN_POINT('Origin',(3.50000005215406,6.5,3.50000005215406));
#3119=CARTESIAN_POINT('Origin',(3.50000005215406,4.5,46.500000692904));
#3120=CARTESIAN_POINT('',(4.50000005215407,6.5,46.500000692904));
#3121=CARTESIAN_POINT('Origin',(3.50000005215406,6.5,46.500000692904));
#3122=CARTESIAN_POINT('',(4.50000005215407,4.5,46.500000692904));
#3123=CARTESIAN_POINT('Origin',(3.50000005215406,6.5,46.500000692904));
#3124=CARTESIAN_POINT('Origin',(0.,5.79999975236525,3.74999998124719));
#3125=CARTESIAN_POINT('',(0.,5.79999975236525,3.74999998124719));
#3126=CARTESIAN_POINT('',(0.,2.89999991733066,3.74999979032039));
#3127=CARTESIAN_POINT('',(0.,5.79999975236525,3.74999998124719));
#3128=CARTESIAN_POINT('Origin',(0.,5.7999998703599,2.49999994412065));
#3129=CARTESIAN_POINT('',(0.,5.7999998703599,1.24999999068677));
#3130=CARTESIAN_POINT('Origin',(0.,5.7999998703599,2.49999994412065));
#3131=CARTESIAN_POINT('',(0.,5.7999998703599,1.24999999068677));
#3132=CARTESIAN_POINT('Origin',(0.,4.5,1.2500000372529));
#3133=CARTESIAN_POINT('',(0.,2.24999993283731,1.25000011784814));
#3134=CARTESIAN_POINT('Origin',(0.,5.7999998703599,47.4999999441206));
#3135=CARTESIAN_POINT('',(0.,5.79999978806386,48.7499999441206));
#3136=CARTESIAN_POINT('',(0.,5.79999978806386,48.7499999441206));
#3137=CARTESIAN_POINT('',(0.,5.79999982558477,46.2499999441206));
#3138=CARTESIAN_POINT('Origin',(0.,5.7999998703599,47.4999999441206));
#3139=CARTESIAN_POINT('',(0.,5.79999982558477,46.2499999441206));
#3140=CARTESIAN_POINT('Origin',(0.,4.5,46.2500000372529));
#3141=CARTESIAN_POINT('',(0.,2.25000110818433,46.2500001581457));
#3142=CARTESIAN_POINT('Origin',(0.,5.79999978806386,48.7499999626839));
#3143=CARTESIAN_POINT('',(0.,2.89999876621413,48.7499998131674));
#3144=CARTESIAN_POINT('Origin',(62.5000009313226,0.,3.50000005215406));
#3145=CARTESIAN_POINT('',(61.0000009313226,4.5,3.50000005215406));
#3146=CARTESIAN_POINT('',(61.0000009313226,0.,3.50000005215406));
#3147=CARTESIAN_POINT('Origin',(62.5000009313226,4.5,3.50000005215406));
#3148=CARTESIAN_POINT('Origin',(62.5000009313226,0.,46.500000692904));
#3149=CARTESIAN_POINT('',(61.0000009313226,4.5,46.500000692904));
#3150=CARTESIAN_POINT('',(61.0000009313226,0.,46.500000692904));
#3151=CARTESIAN_POINT('Origin',(62.5000009313226,4.5,46.500000692904));
#3152=CARTESIAN_POINT('Origin',(62.0000004731119,4.5,3.50000005215407));
#3153=CARTESIAN_POINT('',(65.0000000149012,4.5,1.00000001490116));
#3154=CARTESIAN_POINT('',(33.500000262633,4.5,1.00000001490116));
#3155=CARTESIAN_POINT('',(59.0000009313226,4.5,3.50000005215408));
#3156=CARTESIAN_POINT('',(59.0000009313226,4.5,3.50000005215408));
#3157=CARTESIAN_POINT('',(62.5000009313226,4.5,7.00000005215406));
#3158=CARTESIAN_POINT('Origin',(62.5000009313226,4.5,3.50000005215406));
#3159=CARTESIAN_POINT('',(62.5000009313226,4.5,7.00000005215406));
#3160=CARTESIAN_POINT('',(65.0000000149012,4.5,2.25000003352761));
#3161=CARTESIAN_POINT('Origin',(59.0000009313226,0.,1.00000001490116));
#3162=CARTESIAN_POINT('',(59.0000009313226,0.,3.50000005215408));
#3163=CARTESIAN_POINT('Origin',(62.5000009313226,0.,7.00000005215406));
#3164=CARTESIAN_POINT('',(62.5000009313226,0.,7.00000005215406));
#3165=CARTESIAN_POINT('Origin',(62.5000009313226,0.,3.50000005215406));
#3166=CARTESIAN_POINT('Origin',(65.0000000149012,0.,1.00000001490116));
#3167=CARTESIAN_POINT('',(65.0000000149012,4.5,23.7500003539026));
#3168=CARTESIAN_POINT('',(65.0000000149012,6.,1.00000001490116));
#3169=CARTESIAN_POINT('',(65.0000000149012,6.,1.00000001490116));
#3170=CARTESIAN_POINT('',(65.0000000149012,0.,1.00000001490116));
#3171=CARTESIAN_POINT('Origin',(33.0000000149012,0.,25.0000000149012));
#3172=CARTESIAN_POINT('',(-1.00000002980232,0.,52.0000007897615));
#3173=CARTESIAN_POINT('',(67.000001013279,0.,52.0000007897615));
#3174=CARTESIAN_POINT('',(15.4999999925494,0.,52.0000007897615));
#3175=CARTESIAN_POINT('',(-1.00000002980232,0.,-1.00000002980232));
#3176=CARTESIAN_POINT('',(-1.00000002980232,0.,11.4999999925494));
#3177=CARTESIAN_POINT('',(67.000001013279,0.,-1.00000002980232));
#3178=CARTESIAN_POINT('',(50.5000005140901,0.,-1.00000002980232));
#3179=CARTESIAN_POINT('',(67.000001013279,0.,39.0000004023314));
#3180=CARTESIAN_POINT('Origin',(62.0000004731119,4.5,46.500000692904));
#3181=CARTESIAN_POINT('',(62.5000009313226,4.5,43.000000692904));
#3182=CARTESIAN_POINT('Origin',(65.0000000149012,0.,43.000000692904));
#3183=CARTESIAN_POINT('Origin',(3.50000005215406,0.,3.50000005215406));
#3184=CARTESIAN_POINT('',(5.00000005215407,1.5,3.50000005215406));
#3185=CARTESIAN_POINT('Origin',(3.50000005215406,1.5,3.50000005215406));
#3186=CARTESIAN_POINT('',(5.00000005215406,0.,3.50000005215406));
#3187=CARTESIAN_POINT('Origin',(5.00000005215406,0.,3.50000005215406));
#3188=CARTESIAN_POINT('',(5.00000005215406,1.5,3.50000005215406));
#3189=CARTESIAN_POINT('Origin',(5.00000005215406,0.,1.00000001490116));
#3190=CARTESIAN_POINT('',(1.00000001490116,6.,1.00000001490116));
#3191=CARTESIAN_POINT('',(1.00000001490116,8.5,1.00000001490116));
#3192=CARTESIAN_POINT('Origin',(-1.00000002980233,1.,-1.00000002980232));
#3193=CARTESIAN_POINT('',(-1.00000002980233,1.,-2.00000002980232));
#3194=CARTESIAN_POINT('',(-2.00000002980232,1.,-1.00000002980232));
#3195=CARTESIAN_POINT('Origin',(-1.00000002980232,1.,-1.00000002980232));
#3196=CARTESIAN_POINT('Origin',(-1.00000002980233,1.,-1.00000002980232));
#3197=CARTESIAN_POINT('Origin',(-1.00000002980232,1.,-1.00000002980232));
#3198=CARTESIAN_POINT('Origin',(67.000001013279,1.,-1.00000002980232));
#3199=CARTESIAN_POINT('',(68.000001013279,1.,-1.00000002980232));
#3200=CARTESIAN_POINT('',(67.000001013279,1.,-2.00000002980232));
#3201=CARTESIAN_POINT('Origin',(67.000001013279,1.,-1.00000002980232));
#3202=CARTESIAN_POINT('Origin',(67.000001013279,1.,-1.00000002980232));
#3203=CARTESIAN_POINT('Origin',(67.000001013279,1.,-1.00000002980232));
#3204=CARTESIAN_POINT('Origin',(-1.00000002980232,1.,52.0000007897615));
#3205=CARTESIAN_POINT('',(-2.00000002980232,1.,52.0000007897615));
#3206=CARTESIAN_POINT('Origin',(-1.00000002980232,1.,52.0000007897615));
#3207=CARTESIAN_POINT('',(-1.00000002980232,1.,53.0000007897615));
#3208=CARTESIAN_POINT('Origin',(-1.00000002980232,1.,52.0000007897615));
#3209=CARTESIAN_POINT('Origin',(-1.00000002980232,1.,52.0000007897615));
#3210=CARTESIAN_POINT('Origin',(67.000001013279,1.,52.0000007897615));
#3211=CARTESIAN_POINT('',(67.000001013279,1.,53.0000007897615));
#3212=CARTESIAN_POINT('',(68.000001013279,1.,52.0000007897615));
#3213=CARTESIAN_POINT('Origin',(67.000001013279,1.,52.0000007897615));
#3214=CARTESIAN_POINT('Origin',(67.000001013279,1.,52.0000007897615));
#3215=CARTESIAN_POINT('Origin',(67.000001013279,1.,52.0000007897615));
#3216=CARTESIAN_POINT('Origin',(15.4999999925494,1.,52.0000007897615));
#3217=CARTESIAN_POINT('',(15.4999999925494,1.,53.0000007897615));
#3218=CARTESIAN_POINT('Origin',(67.000001013279,1.,39.0000004023314));
#3219=CARTESIAN_POINT('',(68.000001013279,1.,39.0000004023314));
#3220=CARTESIAN_POINT('Origin',(67.000001013279,0.,52.0000007897615));
#3221=CARTESIAN_POINT('',(67.000001013279,0.,53.0000007897615));
#3222=CARTESIAN_POINT('',(68.000001013279,0.,52.0000007897615));
#3223=CARTESIAN_POINT('Origin',(-1.00000002980232,0.,52.0000007897615));
#3224=CARTESIAN_POINT('',(-2.00000002980232,0.,52.0000007897615));
#3225=CARTESIAN_POINT('',(-1.00000002980232,0.,53.0000007897615));
#3226=CARTESIAN_POINT('Origin',(-1.00000002980232,1.,11.4999999925494));
#3227=CARTESIAN_POINT('',(-2.00000002980232,1.,11.4999999925494));
#3228=CARTESIAN_POINT('Origin',(50.5000005140901,1.,-1.00000002980232));
#3229=CARTESIAN_POINT('',(50.5000005140901,1.,-2.00000002980232));
#3230=CARTESIAN_POINT('Origin',(67.000001013279,0.,-1.00000002980232));
#3231=CARTESIAN_POINT('',(68.000001013279,0.,-1.00000002980232));
#3232=CARTESIAN_POINT('',(67.000001013279,0.,-2.00000002980232));
#3233=CARTESIAN_POINT('Origin',(-1.00000002980232,0.,-1.00000002980232));
#3234=CARTESIAN_POINT('',(-1.00000002980232,0.,-2.00000002980232));
#3235=CARTESIAN_POINT('',(-2.00000002980232,0.,-1.00000002980232));
#3236=CARTESIAN_POINT('Origin',(68.000001013279,0.,53.0000007897615));
#3237=CARTESIAN_POINT('Origin',(68.000001013279,0.,-2.00000002980232));
#3238=CARTESIAN_POINT('Origin',(2.50000002607703,8.5,2.50000002607703));
#3239=CARTESIAN_POINT('',(0.,8.5,0.));
#3240=CARTESIAN_POINT('',(0.,8.5,0.));
#3241=CARTESIAN_POINT('',(0.,8.5,50.0000007451));
#3242=CARTESIAN_POINT('Origin',(2.50000002607703,8.5,47.500000719002));
#3243=CARTESIAN_POINT('',(0.,8.5,50.0000007451));
#3244=CARTESIAN_POINT('',(0.,8.5,50.0000007451));
#3245=CARTESIAN_POINT('',(66.0000009834766,8.5,50.0000007451));
#3246=CARTESIAN_POINT('Origin',(-2.00000002980232,0.,-2.00000002980232));
#3247=CARTESIAN_POINT('Origin',(-2.00000002980232,0.,53.0000007897615));
#3248=CARTESIAN_POINT('Origin',(5.00000005215407,0.,50.0000007451));
#3249=CARTESIAN_POINT('',(66.0000009834766,6.,50.0000007451));
#3250=CARTESIAN_POINT('',(0.,0.,50.0000007451));
#3251=CARTESIAN_POINT('Origin',(6.50000008568168,6.,49.5000003800006));
#3252=CARTESIAN_POINT('Origin',(66.0000009834766,0.,0.));
#3253=CARTESIAN_POINT('',(0.,0.,0.));
#3254=CARTESIAN_POINT('',(66.0000009834766,6.,0.));
#3255=CARTESIAN_POINT('',(0.,6.,0.));
#3256=CARTESIAN_POINT('',(66.0000009834766,0.,0.));
#3257=CARTESIAN_POINT('Origin',(66.0000009834766,0.,50.0000007451));
#3258=CARTESIAN_POINT('',(66.0000009834766,6.,50.0000007451));
#3259=CARTESIAN_POINT('',(66.0000009834766,6.,0.));
#3260=CARTESIAN_POINT('',(66.0000009834766,0.,50.0000007451));
#3261=CARTESIAN_POINT('Origin',(19.0000002831221,0.,50.0000007451));
#3262=CARTESIAN_POINT('',(66.0000009834766,6.,50.0000007451));
#3263=CARTESIAN_POINT('Origin',(35.5000005178154,6.,25.00000037255));
#3264=CARTESIAN_POINT('Origin',(0.,0.,5.00000005215407));
#3265=CARTESIAN_POINT('',(0.,6.,50.0000007451));
#3266=CARTESIAN_POINT('Origin',(0.500000007450581,6.,25.000000372529));
#3267=CARTESIAN_POINT('Origin',(33.0000000149012,1.5,25.0000000149012));
#3268=CARTESIAN_POINT('Origin',(22.9999995306134,4.29999990388751,53.0000007897615));
#3269=CARTESIAN_POINT('',(22.9999995306134,4.29999990388751,53.0000007897615));
#3270=CARTESIAN_POINT('',(22.9999995306134,2.29999990388751,53.0000007897615));
#3271=CARTESIAN_POINT('',(22.9999995306134,4.29999990388751,53.0000007897615));
#3272=CARTESIAN_POINT('',(22.9999995306134,2.29999990388751,49.0000007897615));
#3273=CARTESIAN_POINT('',(22.9999995306134,2.29999990388751,53.0000007897615));
#3274=CARTESIAN_POINT('',(22.9999995306134,4.29999990388751,49.0000007897615));
#3275=CARTESIAN_POINT('',(22.9999995306134,4.29999990388751,49.0000007897615));
#3276=CARTESIAN_POINT('',(22.9999995306134,4.29999990388751,53.0000007897615));
#3277=CARTESIAN_POINT('Origin',(20.9999995306134,4.29999990388751,53.0000007897615));
#3278=CARTESIAN_POINT('',(20.9999995306134,4.29999990388751,53.0000007897615));
#3279=CARTESIAN_POINT('',(20.9999995306134,4.29999990388751,53.0000007897615));
#3280=CARTESIAN_POINT('',(20.9999995306134,4.29999990388751,49.0000007897615));
#3281=CARTESIAN_POINT('',(20.9999995306134,4.29999990388751,49.0000007897615));
#3282=CARTESIAN_POINT('',(20.9999995306134,4.29999990388751,53.0000007897615));
#3283=CARTESIAN_POINT('Origin',(20.9999995306134,2.29999990388751,53.0000007897615));
#3284=CARTESIAN_POINT('',(20.9999995306134,2.29999990388751,53.0000007897615));
#3285=CARTESIAN_POINT('',(20.9999995306134,2.29999990388751,53.0000007897615));
#3286=CARTESIAN_POINT('',(20.9999995306134,2.29999990388751,49.0000007897615));
#3287=CARTESIAN_POINT('',(20.9999995306134,2.29999990388751,49.0000007897615));
#3288=CARTESIAN_POINT('',(20.9999995306134,2.29999990388751,53.0000007897615));
#3289=CARTESIAN_POINT('Origin',(22.9999995306134,2.29999990388751,53.0000007897615));
#3290=CARTESIAN_POINT('',(22.9999995306134,2.29999990388751,53.0000007897615));
#3291=CARTESIAN_POINT('',(22.9999995306134,2.29999990388751,49.0000007897615));
#3292=CARTESIAN_POINT('Origin',(21.9999995306134,3.29999990388751,53.0000007897615));
#3293=CARTESIAN_POINT('Origin',(21.9999995306134,3.29999990388751,49.0000007897615));
#3294=UNCERTAINTY_MEASURE_WITH_UNIT(LENGTH_MEASURE(0.01),#3298,
'DISTANCE_ACCURACY_VALUE',
'Maximum model space distance between geometric entities at asserted c
onnectivities');
#3295=UNCERTAINTY_MEASURE_WITH_UNIT(LENGTH_MEASURE(0.01),#3298,
'DISTANCE_ACCURACY_VALUE',
'Maximum model space distance between geometric entities at asserted c
onnectivities');
#3296=(
GEOMETRIC_REPRESENTATION_CONTEXT(3)
GLOBAL_UNCERTAINTY_ASSIGNED_CONTEXT((#3294))
GLOBAL_UNIT_ASSIGNED_CONTEXT((#3298,#3300,#3301))
REPRESENTATION_CONTEXT('','3D')
);
#3297=(
GEOMETRIC_REPRESENTATION_CONTEXT(3)
GLOBAL_UNCERTAINTY_ASSIGNED_CONTEXT((#3295))
GLOBAL_UNIT_ASSIGNED_CONTEXT((#3298,#3300,#3301))
REPRESENTATION_CONTEXT('','3D')
);
#3298=(
LENGTH_UNIT()
NAMED_UNIT(*)
SI_UNIT(.MILLI.,.METRE.)
);
#3299=(
LENGTH_UNIT()
NAMED_UNIT(*)
SI_UNIT($,.METRE.)
);
#3300=(
NAMED_UNIT(*)
PLANE_ANGLE_UNIT()
SI_UNIT($,.RADIAN.)
);
#3301=(
NAMED_UNIT(*)
SI_UNIT($,.STERADIAN.)
SOLID_ANGLE_UNIT()
);
#3302=SHAPE_DEFINITION_REPRESENTATION(#3303,#3304);
#3303=PRODUCT_DEFINITION_SHAPE('',$,#3306);
#3304=SHAPE_REPRESENTATION('',(#1952),#3296);
#3305=PRODUCT_DEFINITION_CONTEXT('part definition',#3310,'design');
#3306=PRODUCT_DEFINITION('2026-05-20-13-09-11-555','krabka_bp_bottom',#3307,
#3305);
#3307=PRODUCT_DEFINITION_FORMATION('',$,#3312);
#3308=PRODUCT_RELATED_PRODUCT_CATEGORY('krabka_bp_bottom',
'krabka_bp_bottom',(#3312));
#3309=APPLICATION_PROTOCOL_DEFINITION('international standard',
'automotive_design',2009,#3310);
#3310=APPLICATION_CONTEXT(
'Core Data for Automotive Mechanical Design Process');
#3311=PRODUCT_CONTEXT('part definition',#3310,'mechanical');
#3312=PRODUCT('2026-05-20-13-09-11-555','krabka_bp_bottom',$,(#3311));
#3313=PRESENTATION_STYLE_ASSIGNMENT((#3314));
#3314=SURFACE_STYLE_USAGE(.BOTH.,#3315);
#3315=SURFACE_SIDE_STYLE('',(#3316));
#3316=SURFACE_STYLE_FILL_AREA(#3317);
#3317=FILL_AREA_STYLE('Steel - Satin',(#3318));
#3318=FILL_AREA_STYLE_COLOUR('Steel - Satin',#3319);
#3319=COLOUR_RGB('Steel - Satin',0.627450980392157,0.627450980392157,0.627450980392157);
ENDSEC;
END-ISO-10303-21;
